[ERROR] 2026-04-02 15:43:33.979 [main] SpringApplication - Application run failed
org.springframework.beans.factory.UnsatisfiedDependencyException: Error creating bean with name 'sesEmailService' defined in file [D:\d folder\CMS\cms-backend\target\classes\com\classmanager\cms_backend\service\SesEmailService.class]: Unsatisfied dependency expressed through constructor parameter 0: Error creating bean with name 'sesClient' defined in class path resource [com/classmanager/cms_backend/config/SesConfig.class]: Failed to instantiate [software.amazon.awssdk.services.ses.SesClient]: Factory method 'sesClient' threw exception with message: org/apache/http/impl/client/DefaultClientConnectionReuseStrategy
	at org.springframework.beans.factory.support.ConstructorResolver.createArgumentArray(ConstructorResolver.java:795) ~[spring-beans-6.1.6.jar:6.1.6]
	at org.springframework.beans.factory.support.ConstructorResolver.autowireConstructor(ConstructorResolver.java:237) ~[spring-beans-6.1.6.jar:6.1.6]
	at org.springframework.beans.factory.support.AbstractAutowireCapableBeanFactory.autowireConstructor(AbstractAutowireCapableBeanFactory.java:1355) ~[spring-beans-6.1.6.jar:6.1.6]
	at org.springframework.beans.factory.support.AbstractAutowireCapableBeanFactory.createBeanInstance(AbstractAutowireCapableBeanFactory.java:1192) ~[spring-beans-6.1.6.jar:6.1.6]
	at org.springframework.beans.factory.support.AbstractAutowireCapableBeanFactory.doCreateBean(AbstractAutowireCapableBeanFactory.java:562) ~[spring-beans-6.1.6.jar:6.1.6]
	at org.springframework.beans.factory.support.AbstractAutowireCapableBeanFactory.createBean(AbstractAutowireCapableBeanFactory.java:522) ~[spring-beans-6.1.6.jar:6.1.6]
	at org.springframework.beans.factory.support.AbstractBeanFactory.lambda$doGetBean$0(AbstractBeanFactory.java:326) ~[spring-beans-6.1.6.jar:6.1.6]
	at org.springframework.beans.factory.support.DefaultSingletonBeanRegistry.getSingleton(DefaultSingletonBeanRegistry.java:234) ~[spring-beans-6.1.6.jar:6.1.6]
	at org.springframework.beans.factory.support.AbstractBeanFactory.doGetBean(AbstractBeanFactory.java:324) ~[spring-beans-6.1.6.jar:6.1.6]
	at org.springframework.beans.factory.support.AbstractBeanFactory.getBean(AbstractBeanFactory.java:200) ~[spring-beans-6.1.6.jar:6.1.6]
	at org.springframework.beans.factory.support.DefaultListableBeanFactory.preInstantiateSingletons(DefaultListableBeanFactory.java:975) ~[spring-beans-6.1.6.jar:6.1.6]
	at org.springframework.context.support.AbstractApplicationContext.finishBeanFactoryInitialization(AbstractApplicationContext.java:962) ~[spring-context-6.1.6.jar:6.1.6]
	at org.springframework.context.support.AbstractApplicationContext.refresh(AbstractApplicationContext.java:624) ~[spring-context-6.1.6.jar:6.1.6]
	at org.springframework.boot.web.servlet.context.ServletWebServerApplicationContext.refresh(ServletWebServerApplicationContext.java:146) ~[spring-boot-3.2.5.jar:3.2.5]
	at org.springframework.boot.SpringApplication.refresh(SpringApplication.java:754) [spring-boot-3.2.5.jar:3.2.5]
	at org.springframework.boot.SpringApplication.refreshContext(SpringApplication.java:456) [spring-boot-3.2.5.jar:3.2.5]
	at org.springframework.boot.SpringApplication.run(SpringApplication.java:334) [spring-boot-3.2.5.jar:3.2.5]
	at org.springframework.boot.SpringApplication.run(SpringApplication.java:1354) [spring-boot-3.2.5.jar:3.2.5]
	at org.springframework.boot.SpringApplication.run(SpringApplication.java:1343) [spring-boot-3.2.5.jar:3.2.5]
	at com.classmanager.cms_backend.CmsBackendApplication.main(CmsBackendApplication.java:20) [classes/:?]
Caused by: org.springframework.beans.factory.BeanCreationException: Error creating bean with name 'sesClient' defined in class path resource [com/classmanager/cms_backend/config/SesConfig.class]: Failed to instantiate [software.amazon.awssdk.services.ses.SesClient]: Factory method 'sesClient' threw exception with message: org/apache/http/impl/client/DefaultClientConnectionReuseStrategy
	at org.springframework.beans.factory.support.ConstructorResolver.instantiate(ConstructorResolver.java:648) ~[spring-beans-6.1.6.jar:6.1.6]
	at org.springframework.beans.factory.support.ConstructorResolver.instantiateUsingFactoryMethod(ConstructorResolver.java:636) ~[spring-beans-6.1.6.jar:6.1.6]
	at org.springframework.beans.factory.support.AbstractAutowireCapableBeanFactory.instantiateUsingFactoryMethod(AbstractAutowireCapableBeanFactory.java:1335) ~[spring-beans-6.1.6.jar:6.1.6]
	at org.springframework.beans.factory.support.AbstractAutowireCapableBeanFactory.createBeanInstance(AbstractAutowireCapableBeanFactory.java:1165) ~[spring-beans-6.1.6.jar:6.1.6]
	at org.springframework.beans.factory.support.AbstractAutowireCapableBeanFactory.doCreateBean(AbstractAutowireCapableBeanFactory.java:562) ~[spring-beans-6.1.6.jar:6.1.6]
	at org.springframework.beans.factory.support.AbstractAutowireCapableBeanFactory.createBean(AbstractAutowireCapableBeanFactory.java:522) ~[spring-beans-6.1.6.jar:6.1.6]
	at org.springframework.beans.factory.support.AbstractBeanFactory.lambda$doGetBean$0(AbstractBeanFactory.java:326) ~[spring-beans-6.1.6.jar:6.1.6]
	at org.springframework.beans.factory.support.DefaultSingletonBeanRegistry.getSingleton(DefaultSingletonBeanRegistry.java:234) ~[spring-beans-6.1.6.jar:6.1.6]
	at org.springframework.beans.factory.support.AbstractBeanFactory.doGetBean(AbstractBeanFactory.java:324) ~[spring-beans-6.1.6.jar:6.1.6]
	at org.springframework.beans.factory.support.AbstractBeanFactory.getBean(AbstractBeanFactory.java:200) ~[spring-beans-6.1.6.jar:6.1.6]
	at org.springframework.beans.factory.config.DependencyDescriptor.resolveCandidate(DependencyDescriptor.java:254) ~[spring-beans-6.1.6.jar:6.1.6]
	at org.springframework.beans.factory.support.DefaultListableBeanFactory.doResolveDependency(DefaultListableBeanFactory.java:1443) ~[spring-beans-6.1.6.jar:6.1.6]
	at org.springframework.beans.factory.support.DefaultListableBeanFactory.resolveDependency(DefaultListableBeanFactory.java:1353) ~[spring-beans-6.1.6.jar:6.1.6]
	at org.springframework.beans.factory.support.ConstructorResolver.resolveAutowiredArgument(ConstructorResolver.java:904) ~[spring-beans-6.1.6.jar:6.1.6]
	at org.springframework.beans.factory.support.ConstructorResolver.createArgumentArray(ConstructorResolver.java:782) ~[spring-beans-6.1.6.jar:6.1.6]
	... 19 more
Caused by: org.springframework.beans.BeanInstantiationException: Failed to instantiate [software.amazon.awssdk.services.ses.SesClient]: Factory method 'sesClient' threw exception with message: org/apache/http/impl/client/DefaultClientConnectionReuseStrategy
	at org.springframework.beans.factory.support.SimpleInstantiationStrategy.instantiate(SimpleInstantiationStrategy.java:177) ~[spring-beans-6.1.6.jar:6.1.6]
	at org.springframework.beans.factory.support.ConstructorResolver.instantiate(ConstructorResolver.java:644) ~[spring-beans-6.1.6.jar:6.1.6]
	at org.springframework.beans.factory.support.ConstructorResolver.instantiateUsingFactoryMethod(ConstructorResolver.java:636) ~[spring-beans-6.1.6.jar:6.1.6]
	at org.springframework.beans.factory.support.AbstractAutowireCapableBeanFactory.instantiateUsingFactoryMethod(AbstractAutowireCapableBeanFactory.java:1335) ~[spring-beans-6.1.6.jar:6.1.6]
	at org.springframework.beans.factory.support.AbstractAutowireCapableBeanFactory.createBeanInstance(AbstractAutowireCapableBeanFactory.java:1165) ~[spring-beans-6.1.6.jar:6.1.6]
	at org.springframework.beans.factory.support.AbstractAutowireCapableBeanFactory.doCreateBean(AbstractAutowireCapableBeanFactory.java:562) ~[spring-beans-6.1.6.jar:6.1.6]
	at org.springframework.beans.factory.support.AbstractAutowireCapableBeanFactory.createBean(AbstractAutowireCapableBeanFactory.java:522) ~[spring-beans-6.1.6.jar:6.1.6]
	at org.springframework.beans.factory.support.AbstractBeanFactory.lambda$doGetBean$0(AbstractBeanFactory.java:326) ~[spring-beans-6.1.6.jar:6.1.6]
	at org.springframework.beans.factory.support.DefaultSingletonBeanRegistry.getSingleton(DefaultSingletonBeanRegistry.java:234) ~[spring-beans-6.1.6.jar:6.1.6]
	at org.springframework.beans.factory.support.AbstractBeanFactory.doGetBean(AbstractBeanFactory.java:324) ~[spring-beans-6.1.6.jar:6.1.6]
	at org.springframework.beans.factory.support.AbstractBeanFactory.getBean(AbstractBeanFactory.java:200) ~[spring-beans-6.1.6.jar:6.1.6]
	at org.springframework.beans.factory.config.DependencyDescriptor.resolveCandidate(DependencyDescriptor.java:254) ~[spring-beans-6.1.6.jar:6.1.6]
	at org.springframework.beans.factory.support.DefaultListableBeanFactory.doResolveDependency(DefaultListableBeanFactory.java:1443) ~[spring-beans-6.1.6.jar:6.1.6]
	at org.springframework.beans.factory.support.DefaultListableBeanFactory.resolveDependency(DefaultListableBeanFactory.java:1353) ~[spring-beans-6.1.6.jar:6.1.6]
	at org.springframework.beans.factory.support.ConstructorResolver.resolveAutowiredArgument(ConstructorResolver.java:904) ~[spring-beans-6.1.6.jar:6.1.6]
	at org.springframework.beans.factory.support.ConstructorResolver.createArgumentArray(ConstructorResolver.java:782) ~[spring-beans-6.1.6.jar:6.1.6]
	... 19 more
Caused by: java.lang.NoClassDefFoundError: org/apache/http/impl/client/DefaultClientConnectionReuseStrategy
	at java.base/java.lang.ClassLoader.defineClass1(Native Method) ~[?:?]
	at java.base/java.lang.ClassLoader.defineClass(ClassLoader.java:1027) ~[?:?]
	at java.base/java.security.SecureClassLoader.defineClass(SecureClassLoader.java:150) ~[?:?]
	at java.base/jdk.internal.loader.BuiltinClassLoader.defineClass(BuiltinClassLoader.java:862) ~[?:?]
	at java.base/jdk.internal.loader.BuiltinClassLoader.findClassOnClassPathOrNull(BuiltinClassLoader.java:760) ~[?:?]
	at java.base/jdk.internal.loader.BuiltinClassLoader.loadClassOrNull(BuiltinClassLoader.java:681) ~[?:?]
	at java.base/jdk.internal.loader.BuiltinClassLoader.loadClass(BuiltinClassLoader.java:639) ~[?:?]
	at java.base/jdk.internal.loader.ClassLoaders$AppClassLoader.loadClass(ClassLoaders.java:188) ~[?:?]
	at java.base/java.lang.ClassLoader.loadClass(ClassLoader.java:526) ~[?:?]
	at software.amazon.awssdk.http.apache.ApacheHttpClient.createClient(ApacheHttpClient.java:159) ~[apache-client-2.25.26.jar:?]
	at software.amazon.awssdk.http.apache.ApacheHttpClient.<init>(ApacheHttpClient.java:125) ~[apache-client-2.25.26.jar:?]
	at software.amazon.awssdk.http.apache.ApacheHttpClient.<init>(ApacheHttpClient.java:104) ~[apache-client-2.25.26.jar:?]
	at software.amazon.awssdk.http.apache.ApacheHttpClient$DefaultBuilder.buildWithDefaults(ApacheHttpClient.java:649) ~[apache-client-2.25.26.jar:?]
	at software.amazon.awssdk.core.internal.http.loader.DefaultSdkHttpClientBuilder.lambda$buildWithDefaults$0(DefaultSdkHttpClientBuilder.java:42) ~[sdk-core-2.25.26.jar:?]
	at java.base/java.util.Optional.map(Optional.java:260) ~[?:?]
	at software.amazon.awssdk.core.internal.http.loader.DefaultSdkHttpClientBuilder.buildWithDefaults(DefaultSdkHttpClientBuilder.java:42) ~[sdk-core-2.25.26.jar:?]
	at software.amazon.awssdk.core.client.builder.SdkDefaultClientBuilder.lambda$resolveSyncHttpClient$14(SdkDefaultClientBuilder.java:398) ~[sdk-core-2.25.26.jar:?]
	at java.base/java.util.Optional.orElseGet(Optional.java:364) ~[?:?]
	at software.amazon.awssdk.core.client.builder.SdkDefaultClientBuilder.resolveSyncHttpClient(SdkDefaultClientBuilder.java:398) ~[sdk-core-2.25.26.jar:?]
	at software.amazon.awssdk.core.client.builder.SdkDefaultClientBuilder.lambda$finalizeSyncConfiguration$2(SdkDefaultClientBuilder.java:285) ~[sdk-core-2.25.26.jar:?]
	at software.amazon.awssdk.utils.AttributeMap$DerivedValue.primeCache(AttributeMap.java:600) ~[utils-2.25.26.jar:?]
	at software.amazon.awssdk.utils.AttributeMap$DerivedValue.get(AttributeMap.java:589) ~[utils-2.25.26.jar:?]
	at software.amazon.awssdk.utils.AttributeMap$Builder.resolveValue(AttributeMap.java:396) ~[utils-2.25.26.jar:?]
	at java.base/java.util.ArrayList.forEach(ArrayList.java:1596) ~[?:?]
	at software.amazon.awssdk.utils.AttributeMap$Builder.build(AttributeMap.java:362) ~[utils-2.25.26.jar:?]
	at software.amazon.awssdk.core.client.config.SdkClientConfiguration$Builder.build(SdkClientConfiguration.java:232) ~[sdk-core-2.25.26.jar:?]
	at software.amazon.awssdk.core.client.builder.SdkDefaultClientBuilder.finalizeSyncConfiguration(SdkDefaultClientBuilder.java:287) ~[sdk-core-2.25.26.jar:?]
	at software.amazon.awssdk.core.client.builder.SdkDefaultClientBuilder.syncClientConfiguration(SdkDefaultClientBuilder.java:189) ~[sdk-core-2.25.26.jar:?]
	at software.amazon.awssdk.services.ses.DefaultSesClientBuilder.buildClient(DefaultSesClientBuilder.java:36) ~[ses-2.25.26.jar:?]
	at software.amazon.awssdk.services.ses.DefaultSesClientBuilder.buildClient(DefaultSesClientBuilder.java:25) ~[ses-2.25.26.jar:?]
	at software.amazon.awssdk.core.client.builder.SdkDefaultClientBuilder.build(SdkDefaultClientBuilder.java:155) ~[sdk-core-2.25.26.jar:?]
	at com.classmanager.cms_backend.config.SesConfig.sesClient(SesConfig.java:27) ~[classes/:?]
	at com.classmanager.cms_backend.config.SesConfig$$SpringCGLIB$$0.CGLIB$sesClient$0(<generated>) ~[classes/:?]
	at com.classmanager.cms_backend.config.SesConfig$$SpringCGLIB$$FastClass$$1.invoke(<generated>) ~[classes/:?]
	at org.springframework.cglib.proxy.MethodProxy.invokeSuper(MethodProxy.java:258) ~[spring-core-6.1.6.jar:6.1.6]
	at org.springframework.context.annotation.ConfigurationClassEnhancer$BeanMethodInterceptor.intercept(ConfigurationClassEnhancer.java:331) ~[spring-context-6.1.6.jar:6.1.6]
	at com.classmanager.cms_backend.config.SesConfig$$SpringCGLIB$$0.sesClient(<generated>) ~[classes/:?]
	at java.base/jdk.internal.reflect.DirectMethodHandleAccessor.invoke(DirectMethodHandleAccessor.java:103) ~[?:?]
	at java.base/java.lang.reflect.Method.invoke(Method.java:580) ~[?:?]
	at org.springframework.beans.factory.support.SimpleInstantiationStrategy.instantiate(SimpleInstantiationStrategy.java:140) ~[spring-beans-6.1.6.jar:6.1.6]
	at org.springframework.beans.factory.support.ConstructorResolver.instantiate(ConstructorResolver.java:644) ~[spring-beans-6.1.6.jar:6.1.6]
	at org.springframework.beans.factory.support.ConstructorResolver.instantiateUsingFactoryMethod(ConstructorResolver.java:636) ~[spring-beans-6.1.6.jar:6.1.6]
	at org.springframework.beans.factory.support.AbstractAutowireCapableBeanFactory.instantiateUsingFactoryMethod(AbstractAutowireCapableBeanFactory.java:1335) ~[spring-beans-6.1.6.jar:6.1.6]
	at org.springframework.beans.factory.support.AbstractAutowireCapableBeanFactory.createBeanInstance(AbstractAutowireCapableBeanFactory.java:1165) ~[spring-beans-6.1.6.jar:6.1.6]
	at org.springframework.beans.factory.support.AbstractAutowireCapableBeanFactory.doCreateBean(AbstractAutowireCapableBeanFactory.java:562) ~[spring-beans-6.1.6.jar:6.1.6]
	at org.springframework.beans.factory.support.AbstractAutowireCapableBeanFactory.createBean(AbstractAutowireCapableBeanFactory.java:522) ~[spring-beans-6.1.6.jar:6.1.6]
	at org.springframework.beans.factory.support.AbstractBeanFactory.lambda$doGetBean$0(AbstractBeanFactory.java:326) ~[spring-beans-6.1.6.jar:6.1.6]
	at org.springframework.beans.factory.support.DefaultSingletonBeanRegistry.getSingleton(DefaultSingletonBeanRegistry.java:234) ~[spring-beans-6.1.6.jar:6.1.6]
	at org.springframework.beans.factory.support.AbstractBeanFactory.doGetBean(AbstractBeanFactory.java:324) ~[spring-beans-6.1.6.jar:6.1.6]
	at org.springframework.beans.factory.support.AbstractBeanFactory.getBean(AbstractBeanFactory.java:200) ~[spring-beans-6.1.6.jar:6.1.6]
	at org.springframework.beans.factory.config.DependencyDescriptor.resolveCandidate(DependencyDescriptor.java:254) ~[spring-beans-6.1.6.jar:6.1.6]
	at org.springframework.beans.factory.support.DefaultListableBeanFactory.doResolveDependency(DefaultListableBeanFactory.java:1443) ~[spring-beans-6.1.6.jar:6.1.6]
	at org.springframework.beans.factory.support.DefaultListableBeanFactory.resolveDependency(DefaultListableBeanFactory.java:1353) ~[spring-beans-6.1.6.jar:6.1.6]
	at org.springframework.beans.factory.support.ConstructorResolver.resolveAutowiredArgument(ConstructorResolver.java:904) ~[spring-beans-6.1.6.jar:6.1.6]
	at org.springframework.beans.factory.support.ConstructorResolver.createArgumentArray(ConstructorResolver.java:782) ~[spring-beans-6.1.6.jar:6.1.6]
	... 19 more
Caused by: java.lang.ClassNotFoundException: org.apache.http.impl.client.DefaultClientConnectionReuseStrategy
	at java.base/jdk.internal.loader.BuiltinClassLoader.loadClass(BuiltinClassLoader.java:641) ~[?:?]
	at java.base/jdk.internal.loader.ClassLoaders$AppClassLoader.loadClass(ClassLoaders.java:188) ~[?:?]
	at java.base/java.lang.ClassLoader.loadClass(ClassLoader.java:526) ~[?:?]
	at java.base/java.lang.ClassLoader.defineClass1(Native Method) ~[?:?]
	at java.base/java.lang.ClassLoader.defineClass(ClassLoader.java:1027) ~[?:?]
	at java.base/java.security.SecureClassLoader.defineClass(SecureClassLoader.java:150) ~[?:?]
	at java.base/jdk.internal.loader.BuiltinClassLoader.defineClass(BuiltinClassLoader.java:862) ~[?:?]
	at java.base/jdk.internal.loader.BuiltinClassLoader.findClassOnClassPathOrNull(BuiltinClassLoader.java:760) ~[?:?]
	at java.base/jdk.internal.loader.BuiltinClassLoader.loadClassOrNull(BuiltinClassLoader.java:681) ~[?:?]
	at java.base/jdk.internal.loader.BuiltinClassLoader.loadClass(BuiltinClassLoader.java:639) ~[?:?]
	at java.base/jdk.internal.loader.ClassLoaders$AppClassLoader.loadClass(ClassLoaders.java:188) ~[?:?]
	at java.base/java.lang.ClassLoader.loadClass(ClassLoader.java:526) ~[?:?]
	at software.amazon.awssdk.http.apache.ApacheHttpClient.createClient(ApacheHttpClient.java:159) ~[apache-client-2.25.26.jar:?]
	at software.amazon.awssdk.http.apache.ApacheHttpClient.<init>(ApacheHttpClient.java:125) ~[apache-client-2.25.26.jar:?]
	at software.amazon.awssdk.http.apache.ApacheHttpClient.<init>(ApacheHttpClient.java:104) ~[apache-client-2.25.26.jar:?]
	at software.amazon.awssdk.http.apache.ApacheHttpClient$DefaultBuilder.buildWithDefaults(ApacheHttpClient.java:649) ~[apache-client-2.25.26.jar:?]
	at software.amazon.awssdk.core.internal.http.loader.DefaultSdkHttpClientBuilder.lambda$buildWithDefaults$0(DefaultSdkHttpClientBuilder.java:42) ~[sdk-core-2.25.26.jar:?]
	at java.base/java.util.Optional.map(Optional.java:260) ~[?:?]
	at software.amazon.awssdk.core.internal.http.loader.DefaultSdkHttpClientBuilder.buildWithDefaults(DefaultSdkHttpClientBuilder.java:42) ~[sdk-core-2.25.26.jar:?]
	at software.amazon.awssdk.core.client.builder.SdkDefaultClientBuilder.lambda$resolveSyncHttpClient$14(SdkDefaultClientBuilder.java:398) ~[sdk-core-2.25.26.jar:?]
	at java.base/java.util.Optional.orElseGet(Optional.java:364) ~[?:?]
	at software.amazon.awssdk.core.client.builder.SdkDefaultClientBuilder.resolveSyncHttpClient(SdkDefaultClientBuilder.java:398) ~[sdk-core-2.25.26.jar:?]
	at software.amazon.awssdk.core.client.builder.SdkDefaultClientBuilder.lambda$finalizeSyncConfiguration$2(SdkDefaultClientBuilder.java:285) ~[sdk-core-2.25.26.jar:?]
	at software.amazon.awssdk.utils.AttributeMap$DerivedValue.primeCache(AttributeMap.java:600) ~[utils-2.25.26.jar:?]
	at software.amazon.awssdk.utils.AttributeMap$DerivedValue.get(AttributeMap.java:589) ~[utils-2.25.26.jar:?]
	at software.amazon.awssdk.utils.AttributeMap$Builder.resolveValue(AttributeMap.java:396) ~[utils-2.25.26.jar:?]
	at java.base/java.util.ArrayList.forEach(ArrayList.java:1596) ~[?:?]
	at software.amazon.awssdk.utils.AttributeMap$Builder.build(AttributeMap.java:362) ~[utils-2.25.26.jar:?]
	at software.amazon.awssdk.core.client.config.SdkClientConfiguration$Builder.build(SdkClientConfiguration.java:232) ~[sdk-core-2.25.26.jar:?]
	at software.amazon.awssdk.core.client.builder.SdkDefaultClientBuilder.finalizeSyncConfiguration(SdkDefaultClientBuilder.java:287) ~[sdk-core-2.25.26.jar:?]
	at software.amazon.awssdk.core.client.builder.SdkDefaultClientBuilder.syncClientConfiguration(SdkDefaultClientBuilder.java:189) ~[sdk-core-2.25.26.jar:?]
	at software.amazon.awssdk.services.ses.DefaultSesClientBuilder.buildClient(DefaultSesClientBuilder.java:36) ~[ses-2.25.26.jar:?]
	at software.amazon.awssdk.services.ses.DefaultSesClientBuilder.buildClient(DefaultSesClientBuilder.java:25) ~[ses-2.25.26.jar:?]
	at software.amazon.awssdk.core.client.builder.SdkDefaultClientBuilder.build(SdkDefaultClientBuilder.java:155) ~[sdk-core-2.25.26.jar:?]
	at com.classmanager.cms_backend.config.SesConfig.sesClient(SesConfig.java:27) ~[classes/:?]
	at com.classmanager.cms_backend.config.SesConfig$$SpringCGLIB$$0.CGLIB$sesClient$0(<generated>) ~[classes/:?]
	at com.classmanager.cms_backend.config.SesConfig$$SpringCGLIB$$FastClass$$1.invoke(<generated>) ~[classes/:?]
	at org.springframework.cglib.proxy.MethodProxy.invokeSuper(MethodProxy.java:258) ~[spring-core-6.1.6.jar:6.1.6]
	at org.springframework.context.annotation.ConfigurationClassEnhancer$BeanMethodInterceptor.intercept(ConfigurationClassEnhancer.java:331) ~[spring-context-6.1.6.jar:6.1.6]
	at com.classmanager.cms_backend.config.SesConfig$$SpringCGLIB$$0.sesClient(<generated>) ~[classes/:?]
	at java.base/jdk.internal.reflect.DirectMethodHandleAccessor.invoke(DirectMethodHandleAccessor.java:103) ~[?:?]
	at java.base/java.lang.reflect.Method.invoke(Method.java:580) ~[?:?]
	at org.springframework.beans.factory.support.SimpleInstantiationStrategy.instantiate(SimpleInstantiationStrategy.java:140) ~[spring-beans-6.1.6.jar:6.1.6]
	at org.springframework.beans.factory.support.ConstructorResolver.instantiate(ConstructorResolver.java:644) ~[spring-beans-6.1.6.jar:6.1.6]
	at org.springframework.beans.factory.support.ConstructorResolver.instantiateUsingFactoryMethod(ConstructorResolver.java:636) ~[spring-beans-6.1.6.jar:6.1.6]
	at org.springframework.beans.factory.support.AbstractAutowireCapableBeanFactory.instantiateUsingFactoryMethod(AbstractAutowireCapableBeanFactory.java:1335) ~[spring-beans-6.1.6.jar:6.1.6]
	at org.springframework.beans.factory.support.AbstractAutowireCapableBeanFactory.createBeanInstance(AbstractAutowireCapableBeanFactory.java:1165) ~[spring-beans-6.1.6.jar:6.1.6]
	at org.springframework.beans.factory.support.AbstractAutowireCapableBeanFactory.doCreateBean(AbstractAutowireCapableBeanFactory.java:562) ~[spring-beans-6.1.6.jar:6.1.6]
	at org.springframework.beans.factory.support.AbstractAutowireCapableBeanFactory.createBean(AbstractAutowireCapableBeanFactory.java:522) ~[spring-beans-6.1.6.jar:6.1.6]
	at org.springframework.beans.factory.support.AbstractBeanFactory.lambda$doGetBean$0(AbstractBeanFactory.java:326) ~[spring-beans-6.1.6.jar:6.1.6]
	at org.springframework.beans.factory.support.DefaultSingletonBeanRegistry.getSingleton(DefaultSingletonBeanRegistry.java:234) ~[spring-beans-6.1.6.jar:6.1.6]
	at org.springframework.beans.factory.support.AbstractBeanFactory.doGetBean(AbstractBeanFactory.java:324) ~[spring-beans-6.1.6.jar:6.1.6]
	at org.springframework.beans.factory.support.AbstractBeanFactory.getBean(AbstractBeanFactory.java:200) ~[spring-beans-6.1.6.jar:6.1.6]
	at org.springframework.beans.factory.config.DependencyDescriptor.resolveCandidate(DependencyDescriptor.java:254) ~[spring-beans-6.1.6.jar:6.1.6]
	at org.springframework.beans.factory.support.DefaultListableBeanFactory.doResolveDependency(DefaultListableBeanFactory.java:1443) ~[spring-beans-6.1.6.jar:6.1.6]
	at org.springframework.beans.factory.support.DefaultListableBeanFactory.resolveDependency(DefaultListableBeanFactory.java:1353) ~[spring-beans-6.1.6.jar:6.1.6]
	at org.springframework.beans.factory.support.ConstructorResolver.resolveAutowiredArgument(ConstructorResolver.java:904) ~[spring-beans-6.1.6.jar:6.1.6]
	at org.springframework.beans.factory.support.ConstructorResolver.createArgumentArray(ConstructorResolver.java:782) ~[spring-beans-6.1.6.jar:6.1.6]
	... 19 more
[ERROR] 2026-04-02 15:51:44.764 [main] SpringApplication - Application run failed
org.springframework.beans.factory.UnsatisfiedDependencyException: Error creating bean with name 'sesEmailService' defined in file [D:\d folder\CMS\cms-backend\target\classes\com\classmanager\cms_backend\service\SesEmailService.class]: Unsatisfied dependency expressed through constructor parameter 0: Error creating bean with name 'sesClient' defined in class path resource [com/classmanager/cms_backend/config/SesConfig.class]: Failed to instantiate [software.amazon.awssdk.services.ses.SesClient]: Factory method 'sesClient' threw exception with message: Access key ID cannot be blank.
	at org.springframework.beans.factory.support.ConstructorResolver.createArgumentArray(ConstructorResolver.java:795) ~[spring-beans-6.1.6.jar:6.1.6]
	at org.springframework.beans.factory.support.ConstructorResolver.autowireConstructor(ConstructorResolver.java:237) ~[spring-beans-6.1.6.jar:6.1.6]
	at org.springframework.beans.factory.support.AbstractAutowireCapableBeanFactory.autowireConstructor(AbstractAutowireCapableBeanFactory.java:1355) ~[spring-beans-6.1.6.jar:6.1.6]
	at org.springframework.beans.factory.support.AbstractAutowireCapableBeanFactory.createBeanInstance(AbstractAutowireCapableBeanFactory.java:1192) ~[spring-beans-6.1.6.jar:6.1.6]
	at org.springframework.beans.factory.support.AbstractAutowireCapableBeanFactory.doCreateBean(AbstractAutowireCapableBeanFactory.java:562) ~[spring-beans-6.1.6.jar:6.1.6]
	at org.springframework.beans.factory.support.AbstractAutowireCapableBeanFactory.createBean(AbstractAutowireCapableBeanFactory.java:522) ~[spring-beans-6.1.6.jar:6.1.6]
	at org.springframework.beans.factory.support.AbstractBeanFactory.lambda$doGetBean$0(AbstractBeanFactory.java:326) ~[spring-beans-6.1.6.jar:6.1.6]
	at org.springframework.beans.factory.support.DefaultSingletonBeanRegistry.getSingleton(DefaultSingletonBeanRegistry.java:234) ~[spring-beans-6.1.6.jar:6.1.6]
	at org.springframework.beans.factory.support.AbstractBeanFactory.doGetBean(AbstractBeanFactory.java:324) ~[spring-beans-6.1.6.jar:6.1.6]
	at org.springframework.beans.factory.support.AbstractBeanFactory.getBean(AbstractBeanFactory.java:200) ~[spring-beans-6.1.6.jar:6.1.6]
	at org.springframework.beans.factory.support.DefaultListableBeanFactory.preInstantiateSingletons(DefaultListableBeanFactory.java:975) ~[spring-beans-6.1.6.jar:6.1.6]
	at org.springframework.context.support.AbstractApplicationContext.finishBeanFactoryInitialization(AbstractApplicationContext.java:962) ~[spring-context-6.1.6.jar:6.1.6]
	at org.springframework.context.support.AbstractApplicationContext.refresh(AbstractApplicationContext.java:624) ~[spring-context-6.1.6.jar:6.1.6]
	at org.springframework.boot.web.servlet.context.ServletWebServerApplicationContext.refresh(ServletWebServerApplicationContext.java:146) ~[spring-boot-3.2.5.jar:3.2.5]
	at org.springframework.boot.SpringApplication.refresh(SpringApplication.java:754) [spring-boot-3.2.5.jar:3.2.5]
	at org.springframework.boot.SpringApplication.refreshContext(SpringApplication.java:456) [spring-boot-3.2.5.jar:3.2.5]
	at org.springframework.boot.SpringApplication.run(SpringApplication.java:334) [spring-boot-3.2.5.jar:3.2.5]
	at org.springframework.boot.SpringApplication.run(SpringApplication.java:1354) [spring-boot-3.2.5.jar:3.2.5]
	at org.springframework.boot.SpringApplication.run(SpringApplication.java:1343) [spring-boot-3.2.5.jar:3.2.5]
	at com.classmanager.cms_backend.CmsBackendApplication.main(CmsBackendApplication.java:20) [classes/:?]
Caused by: org.springframework.beans.factory.BeanCreationException: Error creating bean with name 'sesClient' defined in class path resource [com/classmanager/cms_backend/config/SesConfig.class]: Failed to instantiate [software.amazon.awssdk.services.ses.SesClient]: Factory method 'sesClient' threw exception with message: Access key ID cannot be blank.
	at org.springframework.beans.factory.support.ConstructorResolver.instantiate(ConstructorResolver.java:648) ~[spring-beans-6.1.6.jar:6.1.6]
	at org.springframework.beans.factory.support.ConstructorResolver.instantiateUsingFactoryMethod(ConstructorResolver.java:636) ~[spring-beans-6.1.6.jar:6.1.6]
	at org.springframework.beans.factory.support.AbstractAutowireCapableBeanFactory.instantiateUsingFactoryMethod(AbstractAutowireCapableBeanFactory.java:1335) ~[spring-beans-6.1.6.jar:6.1.6]
	at org.springframework.beans.factory.support.AbstractAutowireCapableBeanFactory.createBeanInstance(AbstractAutowireCapableBeanFactory.java:1165) ~[spring-beans-6.1.6.jar:6.1.6]
	at org.springframework.beans.factory.support.AbstractAutowireCapableBeanFactory.doCreateBean(AbstractAutowireCapableBeanFactory.java:562) ~[spring-beans-6.1.6.jar:6.1.6]
	at org.springframework.beans.factory.support.AbstractAutowireCapableBeanFactory.createBean(AbstractAutowireCapableBeanFactory.java:522) ~[spring-beans-6.1.6.jar:6.1.6]
	at org.springframework.beans.factory.support.AbstractBeanFactory.lambda$doGetBean$0(AbstractBeanFactory.java:326) ~[spring-beans-6.1.6.jar:6.1.6]
	at org.springframework.beans.factory.support.DefaultSingletonBeanRegistry.getSingleton(DefaultSingletonBeanRegistry.java:234) ~[spring-beans-6.1.6.jar:6.1.6]
	at org.springframework.beans.factory.support.AbstractBeanFactory.doGetBean(AbstractBeanFactory.java:324) ~[spring-beans-6.1.6.jar:6.1.6]
	at org.springframework.beans.factory.support.AbstractBeanFactory.getBean(AbstractBeanFactory.java:200) ~[spring-beans-6.1.6.jar:6.1.6]
	at org.springframework.beans.factory.config.DependencyDescriptor.resolveCandidate(DependencyDescriptor.java:254) ~[spring-beans-6.1.6.jar:6.1.6]
	at org.springframework.beans.factory.support.DefaultListableBeanFactory.doResolveDependency(DefaultListableBeanFactory.java:1443) ~[spring-beans-6.1.6.jar:6.1.6]
	at org.springframework.beans.factory.support.DefaultListableBeanFactory.resolveDependency(DefaultListableBeanFactory.java:1353) ~[spring-beans-6.1.6.jar:6.1.6]
	at org.springframework.beans.factory.support.ConstructorResolver.resolveAutowiredArgument(ConstructorResolver.java:904) ~[spring-beans-6.1.6.jar:6.1.6]
	at org.springframework.beans.factory.support.ConstructorResolver.createArgumentArray(ConstructorResolver.java:782) ~[spring-beans-6.1.6.jar:6.1.6]
	... 19 more
Caused by: org.springframework.beans.BeanInstantiationException: Failed to instantiate [software.amazon.awssdk.services.ses.SesClient]: Factory method 'sesClient' threw exception with message: Access key ID cannot be blank.
	at org.springframework.beans.factory.support.SimpleInstantiationStrategy.instantiate(SimpleInstantiationStrategy.java:177) ~[spring-beans-6.1.6.jar:6.1.6]
	at org.springframework.beans.factory.support.ConstructorResolver.instantiate(ConstructorResolver.java:644) ~[spring-beans-6.1.6.jar:6.1.6]
	at org.springframework.beans.factory.support.ConstructorResolver.instantiateUsingFactoryMethod(ConstructorResolver.java:636) ~[spring-beans-6.1.6.jar:6.1.6]
	at org.springframework.beans.factory.support.AbstractAutowireCapableBeanFactory.instantiateUsingFactoryMethod(AbstractAutowireCapableBeanFactory.java:1335) ~[spring-beans-6.1.6.jar:6.1.6]
	at org.springframework.beans.factory.support.AbstractAutowireCapableBeanFactory.createBeanInstance(AbstractAutowireCapableBeanFactory.java:1165) ~[spring-beans-6.1.6.jar:6.1.6]
	at org.springframework.beans.factory.support.AbstractAutowireCapableBeanFactory.doCreateBean(AbstractAutowireCapableBeanFactory.java:562) ~[spring-beans-6.1.6.jar:6.1.6]
	at org.springframework.beans.factory.support.AbstractAutowireCapableBeanFactory.createBean(AbstractAutowireCapableBeanFactory.java:522) ~[spring-beans-6.1.6.jar:6.1.6]
	at org.springframework.beans.factory.support.AbstractBeanFactory.lambda$doGetBean$0(AbstractBeanFactory.java:326) ~[spring-beans-6.1.6.jar:6.1.6]
	at org.springframework.beans.factory.support.DefaultSingletonBeanRegistry.getSingleton(DefaultSingletonBeanRegistry.java:234) ~[spring-beans-6.1.6.jar:6.1.6]
	at org.springframework.beans.factory.support.AbstractBeanFactory.doGetBean(AbstractBeanFactory.java:324) ~[spring-beans-6.1.6.jar:6.1.6]
	at org.springframework.beans.factory.support.AbstractBeanFactory.getBean(AbstractBeanFactory.java:200) ~[spring-beans-6.1.6.jar:6.1.6]
	at org.springframework.beans.factory.config.DependencyDescriptor.resolveCandidate(DependencyDescriptor.java:254) ~[spring-beans-6.1.6.jar:6.1.6]
	at org.springframework.beans.factory.support.DefaultListableBeanFactory.doResolveDependency(DefaultListableBeanFactory.java:1443) ~[spring-beans-6.1.6.jar:6.1.6]
	at org.springframework.beans.factory.support.DefaultListableBeanFactory.resolveDependency(DefaultListableBeanFactory.java:1353) ~[spring-beans-6.1.6.jar:6.1.6]
	at org.springframework.beans.factory.support.ConstructorResolver.resolveAutowiredArgument(ConstructorResolver.java:904) ~[spring-beans-6.1.6.jar:6.1.6]
	at org.springframework.beans.factory.support.ConstructorResolver.createArgumentArray(ConstructorResolver.java:782) ~[spring-beans-6.1.6.jar:6.1.6]
	... 19 more
Caused by: java.lang.NullPointerException: Access key ID cannot be blank.
	at software.amazon.awssdk.utils.Validate.notNull(Validate.java:119) ~[utils-2.25.26.jar:?]
	at software.amazon.awssdk.auth.credentials.AwsBasicCredentials.<init>(AwsBasicCredentials.java:64) ~[auth-2.25.26.jar:?]
	at software.amazon.awssdk.auth.credentials.AwsBasicCredentials.<init>(AwsBasicCredentials.java:43) ~[auth-2.25.26.jar:?]
	at software.amazon.awssdk.auth.credentials.AwsBasicCredentials$Builder.build(AwsBasicCredentials.java:212) ~[auth-2.25.26.jar:?]
	at software.amazon.awssdk.auth.credentials.AwsBasicCredentials.create(AwsBasicCredentials.java:95) ~[auth-2.25.26.jar:?]
	at com.classmanager.cms_backend.config.SesConfig.sesClient(SesConfig.java:24) ~[classes/:?]
	at com.classmanager.cms_backend.config.SesConfig$$SpringCGLIB$$0.CGLIB$sesClient$0(<generated>) ~[classes/:?]
	at com.classmanager.cms_backend.config.SesConfig$$SpringCGLIB$$FastClass$$1.invoke(<generated>) ~[classes/:?]
	at org.springframework.cglib.proxy.MethodProxy.invokeSuper(MethodProxy.java:258) ~[spring-core-6.1.6.jar:6.1.6]
	at org.springframework.context.annotation.ConfigurationClassEnhancer$BeanMethodInterceptor.intercept(ConfigurationClassEnhancer.java:331) ~[spring-context-6.1.6.jar:6.1.6]
	at com.classmanager.cms_backend.config.SesConfig$$SpringCGLIB$$0.sesClient(<generated>) ~[classes/:?]
	at java.base/jdk.internal.reflect.DirectMethodHandleAccessor.invoke(DirectMethodHandleAccessor.java:103) ~[?:?]
	at java.base/java.lang.reflect.Method.invoke(Method.java:580) ~[?:?]
	at org.springframework.beans.factory.support.SimpleInstantiationStrategy.instantiate(SimpleInstantiationStrategy.java:140) ~[spring-beans-6.1.6.jar:6.1.6]
	at org.springframework.beans.factory.support.ConstructorResolver.instantiate(ConstructorResolver.java:644) ~[spring-beans-6.1.6.jar:6.1.6]
	at org.springframework.beans.factory.support.ConstructorResolver.instantiateUsingFactoryMethod(ConstructorResolver.java:636) ~[spring-beans-6.1.6.jar:6.1.6]
	at org.springframework.beans.factory.support.AbstractAutowireCapableBeanFactory.instantiateUsingFactoryMethod(AbstractAutowireCapableBeanFactory.java:1335) ~[spring-beans-6.1.6.jar:6.1.6]
	at org.springframework.beans.factory.support.AbstractAutowireCapableBeanFactory.createBeanInstance(AbstractAutowireCapableBeanFactory.java:1165) ~[spring-beans-6.1.6.jar:6.1.6]
	at org.springframework.beans.factory.support.AbstractAutowireCapableBeanFactory.doCreateBean(AbstractAutowireCapableBeanFactory.java:562) ~[spring-beans-6.1.6.jar:6.1.6]
	at org.springframework.beans.factory.support.AbstractAutowireCapableBeanFactory.createBean(AbstractAutowireCapableBeanFactory.java:522) ~[spring-beans-6.1.6.jar:6.1.6]
	at org.springframework.beans.factory.support.AbstractBeanFactory.lambda$doGetBean$0(AbstractBeanFactory.java:326) ~[spring-beans-6.1.6.jar:6.1.6]
	at org.springframework.beans.factory.support.DefaultSingletonBeanRegistry.getSingleton(DefaultSingletonBeanRegistry.java:234) ~[spring-beans-6.1.6.jar:6.1.6]
	at org.springframework.beans.factory.support.AbstractBeanFactory.doGetBean(AbstractBeanFactory.java:324) ~[spring-beans-6.1.6.jar:6.1.6]
	at org.springframework.beans.factory.support.AbstractBeanFactory.getBean(AbstractBeanFactory.java:200) ~[spring-beans-6.1.6.jar:6.1.6]
	at org.springframework.beans.factory.config.DependencyDescriptor.resolveCandidate(DependencyDescriptor.java:254) ~[spring-beans-6.1.6.jar:6.1.6]
	at org.springframework.beans.factory.support.DefaultListableBeanFactory.doResolveDependency(DefaultListableBeanFactory.java:1443) ~[spring-beans-6.1.6.jar:6.1.6]
	at org.springframework.beans.factory.support.DefaultListableBeanFactory.resolveDependency(DefaultListableBeanFactory.java:1353) ~[spring-beans-6.1.6.jar:6.1.6]
	at org.springframework.beans.factory.support.ConstructorResolver.resolveAutowiredArgument(ConstructorResolver.java:904) ~[spring-beans-6.1.6.jar:6.1.6]
	at org.springframework.beans.factory.support.ConstructorResolver.createArgumentArray(ConstructorResolver.java:782) ~[spring-beans-6.1.6.jar:6.1.6]
	... 19 more
[ERROR] 2026-04-02 15:54:41.909 [main] SpringApplication - Application run failed
org.springframework.beans.factory.UnsatisfiedDependencyException: Error creating bean with name 'sesEmailService' defined in file [D:\d folder\CMS\cms-backend\target\classes\com\classmanager\cms_backend\service\SesEmailService.class]: Unsatisfied dependency expressed through constructor parameter 0: Error creating bean with name 'sesClient' defined in class path resource [com/classmanager/cms_backend/config/SesConfig.class]: Failed to instantiate [software.amazon.awssdk.services.ses.SesClient]: Factory method 'sesClient' threw exception with message: org/apache/http/impl/client/DefaultClientConnectionReuseStrategy
	at org.springframework.beans.factory.support.ConstructorResolver.createArgumentArray(ConstructorResolver.java:795) ~[spring-beans-6.1.6.jar:6.1.6]
	at org.springframework.beans.factory.support.ConstructorResolver.autowireConstructor(ConstructorResolver.java:237) ~[spring-beans-6.1.6.jar:6.1.6]
	at org.springframework.beans.factory.support.AbstractAutowireCapableBeanFactory.autowireConstructor(AbstractAutowireCapableBeanFactory.java:1355) ~[spring-beans-6.1.6.jar:6.1.6]
	at org.springframework.beans.factory.support.AbstractAutowireCapableBeanFactory.createBeanInstance(AbstractAutowireCapableBeanFactory.java:1192) ~[spring-beans-6.1.6.jar:6.1.6]
	at org.springframework.beans.factory.support.AbstractAutowireCapableBeanFactory.doCreateBean(AbstractAutowireCapableBeanFactory.java:562) ~[spring-beans-6.1.6.jar:6.1.6]
	at org.springframework.beans.factory.support.AbstractAutowireCapableBeanFactory.createBean(AbstractAutowireCapableBeanFactory.java:522) ~[spring-beans-6.1.6.jar:6.1.6]
	at org.springframework.beans.factory.support.AbstractBeanFactory.lambda$doGetBean$0(AbstractBeanFactory.java:326) ~[spring-beans-6.1.6.jar:6.1.6]
	at org.springframework.beans.factory.support.DefaultSingletonBeanRegistry.getSingleton(DefaultSingletonBeanRegistry.java:234) ~[spring-beans-6.1.6.jar:6.1.6]
	at org.springframework.beans.factory.support.AbstractBeanFactory.doGetBean(AbstractBeanFactory.java:324) ~[spring-beans-6.1.6.jar:6.1.6]
	at org.springframework.beans.factory.support.AbstractBeanFactory.getBean(AbstractBeanFactory.java:200) ~[spring-beans-6.1.6.jar:6.1.6]
	at org.springframework.beans.factory.support.DefaultListableBeanFactory.preInstantiateSingletons(DefaultListableBeanFactory.java:975) ~[spring-beans-6.1.6.jar:6.1.6]
	at org.springframework.context.support.AbstractApplicationContext.finishBeanFactoryInitialization(AbstractApplicationContext.java:962) ~[spring-context-6.1.6.jar:6.1.6]
	at org.springframework.context.support.AbstractApplicationContext.refresh(AbstractApplicationContext.java:624) ~[spring-context-6.1.6.jar:6.1.6]
	at org.springframework.boot.web.servlet.context.ServletWebServerApplicationContext.refresh(ServletWebServerApplicationContext.java:146) ~[spring-boot-3.2.5.jar:3.2.5]
	at org.springframework.boot.SpringApplication.refresh(SpringApplication.java:754) [spring-boot-3.2.5.jar:3.2.5]
	at org.springframework.boot.SpringApplication.refreshContext(SpringApplication.java:456) [spring-boot-3.2.5.jar:3.2.5]
	at org.springframework.boot.SpringApplication.run(SpringApplication.java:334) [spring-boot-3.2.5.jar:3.2.5]
	at org.springframework.boot.SpringApplication.run(SpringApplication.java:1354) [spring-boot-3.2.5.jar:3.2.5]
	at org.springframework.boot.SpringApplication.run(SpringApplication.java:1343) [spring-boot-3.2.5.jar:3.2.5]
	at com.classmanager.cms_backend.CmsBackendApplication.main(CmsBackendApplication.java:20) [classes/:?]
Caused by: org.springframework.beans.factory.BeanCreationException: Error creating bean with name 'sesClient' defined in class path resource [com/classmanager/cms_backend/config/SesConfig.class]: Failed to instantiate [software.amazon.awssdk.services.ses.SesClient]: Factory method 'sesClient' threw exception with message: org/apache/http/impl/client/DefaultClientConnectionReuseStrategy
	at org.springframework.beans.factory.support.ConstructorResolver.instantiate(ConstructorResolver.java:648) ~[spring-beans-6.1.6.jar:6.1.6]
	at org.springframework.beans.factory.support.ConstructorResolver.instantiateUsingFactoryMethod(ConstructorResolver.java:636) ~[spring-beans-6.1.6.jar:6.1.6]
	at org.springframework.beans.factory.support.AbstractAutowireCapableBeanFactory.instantiateUsingFactoryMethod(AbstractAutowireCapableBeanFactory.java:1335) ~[spring-beans-6.1.6.jar:6.1.6]
	at org.springframework.beans.factory.support.AbstractAutowireCapableBeanFactory.createBeanInstance(AbstractAutowireCapableBeanFactory.java:1165) ~[spring-beans-6.1.6.jar:6.1.6]
	at org.springframework.beans.factory.support.AbstractAutowireCapableBeanFactory.doCreateBean(AbstractAutowireCapableBeanFactory.java:562) ~[spring-beans-6.1.6.jar:6.1.6]
	at org.springframework.beans.factory.support.AbstractAutowireCapableBeanFactory.createBean(AbstractAutowireCapableBeanFactory.java:522) ~[spring-beans-6.1.6.jar:6.1.6]
	at org.springframework.beans.factory.support.AbstractBeanFactory.lambda$doGetBean$0(AbstractBeanFactory.java:326) ~[spring-beans-6.1.6.jar:6.1.6]
	at org.springframework.beans.factory.support.DefaultSingletonBeanRegistry.getSingleton(DefaultSingletonBeanRegistry.java:234) ~[spring-beans-6.1.6.jar:6.1.6]
	at org.springframework.beans.factory.support.AbstractBeanFactory.doGetBean(AbstractBeanFactory.java:324) ~[spring-beans-6.1.6.jar:6.1.6]
	at org.springframework.beans.factory.support.AbstractBeanFactory.getBean(AbstractBeanFactory.java:200) ~[spring-beans-6.1.6.jar:6.1.6]
	at org.springframework.beans.factory.config.DependencyDescriptor.resolveCandidate(DependencyDescriptor.java:254) ~[spring-beans-6.1.6.jar:6.1.6]
	at org.springframework.beans.factory.support.DefaultListableBeanFactory.doResolveDependency(DefaultListableBeanFactory.java:1443) ~[spring-beans-6.1.6.jar:6.1.6]
	at org.springframework.beans.factory.support.DefaultListableBeanFactory.resolveDependency(DefaultListableBeanFactory.java:1353) ~[spring-beans-6.1.6.jar:6.1.6]
	at org.springframework.beans.factory.support.ConstructorResolver.resolveAutowiredArgument(ConstructorResolver.java:904) ~[spring-beans-6.1.6.jar:6.1.6]
	at org.springframework.beans.factory.support.ConstructorResolver.createArgumentArray(ConstructorResolver.java:782) ~[spring-beans-6.1.6.jar:6.1.6]
	... 19 more
Caused by: org.springframework.beans.BeanInstantiationException: Failed to instantiate [software.amazon.awssdk.services.ses.SesClient]: Factory method 'sesClient' threw exception with message: org/apache/http/impl/client/DefaultClientConnectionReuseStrategy
	at org.springframework.beans.factory.support.SimpleInstantiationStrategy.instantiate(SimpleInstantiationStrategy.java:177) ~[spring-beans-6.1.6.jar:6.1.6]
	at org.springframework.beans.factory.support.ConstructorResolver.instantiate(ConstructorResolver.java:644) ~[spring-beans-6.1.6.jar:6.1.6]
	at org.springframework.beans.factory.support.ConstructorResolver.instantiateUsingFactoryMethod(ConstructorResolver.java:636) ~[spring-beans-6.1.6.jar:6.1.6]
	at org.springframework.beans.factory.support.AbstractAutowireCapableBeanFactory.instantiateUsingFactoryMethod(AbstractAutowireCapableBeanFactory.java:1335) ~[spring-beans-6.1.6.jar:6.1.6]
	at org.springframework.beans.factory.support.AbstractAutowireCapableBeanFactory.createBeanInstance(AbstractAutowireCapableBeanFactory.java:1165) ~[spring-beans-6.1.6.jar:6.1.6]
	at org.springframework.beans.factory.support.AbstractAutowireCapableBeanFactory.doCreateBean(AbstractAutowireCapableBeanFactory.java:562) ~[spring-beans-6.1.6.jar:6.1.6]
	at org.springframework.beans.factory.support.AbstractAutowireCapableBeanFactory.createBean(AbstractAutowireCapableBeanFactory.java:522) ~[spring-beans-6.1.6.jar:6.1.6]
	at org.springframework.beans.factory.support.AbstractBeanFactory.lambda$doGetBean$0(AbstractBeanFactory.java:326) ~[spring-beans-6.1.6.jar:6.1.6]
	at org.springframework.beans.factory.support.DefaultSingletonBeanRegistry.getSingleton(DefaultSingletonBeanRegistry.java:234) ~[spring-beans-6.1.6.jar:6.1.6]
	at org.springframework.beans.factory.support.AbstractBeanFactory.doGetBean(AbstractBeanFactory.java:324) ~[spring-beans-6.1.6.jar:6.1.6]
	at org.springframework.beans.factory.support.AbstractBeanFactory.getBean(AbstractBeanFactory.java:200) ~[spring-beans-6.1.6.jar:6.1.6]
	at org.springframework.beans.factory.config.DependencyDescriptor.resolveCandidate(DependencyDescriptor.java:254) ~[spring-beans-6.1.6.jar:6.1.6]
	at org.springframework.beans.factory.support.DefaultListableBeanFactory.doResolveDependency(DefaultListableBeanFactory.java:1443) ~[spring-beans-6.1.6.jar:6.1.6]
	at org.springframework.beans.factory.support.DefaultListableBeanFactory.resolveDependency(DefaultListableBeanFactory.java:1353) ~[spring-beans-6.1.6.jar:6.1.6]
	at org.springframework.beans.factory.support.ConstructorResolver.resolveAutowiredArgument(ConstructorResolver.java:904) ~[spring-beans-6.1.6.jar:6.1.6]
	at org.springframework.beans.factory.support.ConstructorResolver.createArgumentArray(ConstructorResolver.java:782) ~[spring-beans-6.1.6.jar:6.1.6]
	... 19 more
Caused by: java.lang.NoClassDefFoundError: org/apache/http/impl/client/DefaultClientConnectionReuseStrategy
	at java.base/java.lang.ClassLoader.defineClass1(Native Method) ~[?:?]
	at java.base/java.lang.ClassLoader.defineClass(ClassLoader.java:1027) ~[?:?]
	at java.base/java.security.SecureClassLoader.defineClass(SecureClassLoader.java:150) ~[?:?]
	at java.base/jdk.internal.loader.BuiltinClassLoader.defineClass(BuiltinClassLoader.java:862) ~[?:?]
	at java.base/jdk.internal.loader.BuiltinClassLoader.findClassOnClassPathOrNull(BuiltinClassLoader.java:760) ~[?:?]
	at java.base/jdk.internal.loader.BuiltinClassLoader.loadClassOrNull(BuiltinClassLoader.java:681) ~[?:?]
	at java.base/jdk.internal.loader.BuiltinClassLoader.loadClass(BuiltinClassLoader.java:639) ~[?:?]
	at java.base/jdk.internal.loader.ClassLoaders$AppClassLoader.loadClass(ClassLoaders.java:188) ~[?:?]
	at java.base/java.lang.ClassLoader.loadClass(ClassLoader.java:526) ~[?:?]
	at software.amazon.awssdk.http.apache.ApacheHttpClient.createClient(ApacheHttpClient.java:159) ~[apache-client-2.25.26.jar:?]
	at software.amazon.awssdk.http.apache.ApacheHttpClient.<init>(ApacheHttpClient.java:125) ~[apache-client-2.25.26.jar:?]
	at software.amazon.awssdk.http.apache.ApacheHttpClient.<init>(ApacheHttpClient.java:104) ~[apache-client-2.25.26.jar:?]
	at software.amazon.awssdk.http.apache.ApacheHttpClient$DefaultBuilder.buildWithDefaults(ApacheHttpClient.java:649) ~[apache-client-2.25.26.jar:?]
	at software.amazon.awssdk.core.internal.http.loader.DefaultSdkHttpClientBuilder.lambda$buildWithDefaults$0(DefaultSdkHttpClientBuilder.java:42) ~[sdk-core-2.25.26.jar:?]
	at java.base/java.util.Optional.map(Optional.java:260) ~[?:?]
	at software.amazon.awssdk.core.internal.http.loader.DefaultSdkHttpClientBuilder.buildWithDefaults(DefaultSdkHttpClientBuilder.java:42) ~[sdk-core-2.25.26.jar:?]
	at software.amazon.awssdk.core.client.builder.SdkDefaultClientBuilder.lambda$resolveSyncHttpClient$14(SdkDefaultClientBuilder.java:398) ~[sdk-core-2.25.26.jar:?]
	at java.base/java.util.Optional.orElseGet(Optional.java:364) ~[?:?]
	at software.amazon.awssdk.core.client.builder.SdkDefaultClientBuilder.resolveSyncHttpClient(SdkDefaultClientBuilder.java:398) ~[sdk-core-2.25.26.jar:?]
	at software.amazon.awssdk.core.client.builder.SdkDefaultClientBuilder.lambda$finalizeSyncConfiguration$2(SdkDefaultClientBuilder.java:285) ~[sdk-core-2.25.26.jar:?]
	at software.amazon.awssdk.utils.AttributeMap$DerivedValue.primeCache(AttributeMap.java:600) ~[utils-2.25.26.jar:?]
	at software.amazon.awssdk.utils.AttributeMap$DerivedValue.get(AttributeMap.java:589) ~[utils-2.25.26.jar:?]
	at software.amazon.awssdk.utils.AttributeMap$Builder.resolveValue(AttributeMap.java:396) ~[utils-2.25.26.jar:?]
	at java.base/java.util.ArrayList.forEach(ArrayList.java:1596) ~[?:?]
	at software.amazon.awssdk.utils.AttributeMap$Builder.build(AttributeMap.java:362) ~[utils-2.25.26.jar:?]
	at software.amazon.awssdk.core.client.config.SdkClientConfiguration$Builder.build(SdkClientConfiguration.java:232) ~[sdk-core-2.25.26.jar:?]
	at software.amazon.awssdk.core.client.builder.SdkDefaultClientBuilder.finalizeSyncConfiguration(SdkDefaultClientBuilder.java:287) ~[sdk-core-2.25.26.jar:?]
	at software.amazon.awssdk.core.client.builder.SdkDefaultClientBuilder.syncClientConfiguration(SdkDefaultClientBuilder.java:189) ~[sdk-core-2.25.26.jar:?]
	at software.amazon.awssdk.services.ses.DefaultSesClientBuilder.buildClient(DefaultSesClientBuilder.java:36) ~[ses-2.25.26.jar:?]
	at software.amazon.awssdk.services.ses.DefaultSesClientBuilder.buildClient(DefaultSesClientBuilder.java:25) ~[ses-2.25.26.jar:?]
	at software.amazon.awssdk.core.client.builder.SdkDefaultClientBuilder.build(SdkDefaultClientBuilder.java:155) ~[sdk-core-2.25.26.jar:?]
	at com.classmanager.cms_backend.config.SesConfig.sesClient(SesConfig.java:27) ~[classes/:?]
	at com.classmanager.cms_backend.config.SesConfig$$SpringCGLIB$$0.CGLIB$sesClient$0(<generated>) ~[classes/:?]
	at com.classmanager.cms_backend.config.SesConfig$$SpringCGLIB$$FastClass$$1.invoke(<generated>) ~[classes/:?]
	at org.springframework.cglib.proxy.MethodProxy.invokeSuper(MethodProxy.java:258) ~[spring-core-6.1.6.jar:6.1.6]
	at org.springframework.context.annotation.ConfigurationClassEnhancer$BeanMethodInterceptor.intercept(ConfigurationClassEnhancer.java:331) ~[spring-context-6.1.6.jar:6.1.6]
	at com.classmanager.cms_backend.config.SesConfig$$SpringCGLIB$$0.sesClient(<generated>) ~[classes/:?]
	at java.base/jdk.internal.reflect.DirectMethodHandleAccessor.invoke(DirectMethodHandleAccessor.java:103) ~[?:?]
	at java.base/java.lang.reflect.Method.invoke(Method.java:580) ~[?:?]
	at org.springframework.beans.factory.support.SimpleInstantiationStrategy.instantiate(SimpleInstantiationStrategy.java:140) ~[spring-beans-6.1.6.jar:6.1.6]
	at org.springframework.beans.factory.support.ConstructorResolver.instantiate(ConstructorResolver.java:644) ~[spring-beans-6.1.6.jar:6.1.6]
	at org.springframework.beans.factory.support.ConstructorResolver.instantiateUsingFactoryMethod(ConstructorResolver.java:636) ~[spring-beans-6.1.6.jar:6.1.6]
	at org.springframework.beans.factory.support.AbstractAutowireCapableBeanFactory.instantiateUsingFactoryMethod(AbstractAutowireCapableBeanFactory.java:1335) ~[spring-beans-6.1.6.jar:6.1.6]
	at org.springframework.beans.factory.support.AbstractAutowireCapableBeanFactory.createBeanInstance(AbstractAutowireCapableBeanFactory.java:1165) ~[spring-beans-6.1.6.jar:6.1.6]
	at org.springframework.beans.factory.support.AbstractAutowireCapableBeanFactory.doCreateBean(AbstractAutowireCapableBeanFactory.java:562) ~[spring-beans-6.1.6.jar:6.1.6]
	at org.springframework.beans.factory.support.AbstractAutowireCapableBeanFactory.createBean(AbstractAutowireCapableBeanFactory.java:522) ~[spring-beans-6.1.6.jar:6.1.6]
	at org.springframework.beans.factory.support.AbstractBeanFactory.lambda$doGetBean$0(AbstractBeanFactory.java:326) ~[spring-beans-6.1.6.jar:6.1.6]
	at org.springframework.beans.factory.support.DefaultSingletonBeanRegistry.getSingleton(DefaultSingletonBeanRegistry.java:234) ~[spring-beans-6.1.6.jar:6.1.6]
	at org.springframework.beans.factory.support.AbstractBeanFactory.doGetBean(AbstractBeanFactory.java:324) ~[spring-beans-6.1.6.jar:6.1.6]
	at org.springframework.beans.factory.support.AbstractBeanFactory.getBean(AbstractBeanFactory.java:200) ~[spring-beans-6.1.6.jar:6.1.6]
	at org.springframework.beans.factory.config.DependencyDescriptor.resolveCandidate(DependencyDescriptor.java:254) ~[spring-beans-6.1.6.jar:6.1.6]
	at org.springframework.beans.factory.support.DefaultListableBeanFactory.doResolveDependency(DefaultListableBeanFactory.java:1443) ~[spring-beans-6.1.6.jar:6.1.6]
	at org.springframework.beans.factory.support.DefaultListableBeanFactory.resolveDependency(DefaultListableBeanFactory.java:1353) ~[spring-beans-6.1.6.jar:6.1.6]
	at org.springframework.beans.factory.support.ConstructorResolver.resolveAutowiredArgument(ConstructorResolver.java:904) ~[spring-beans-6.1.6.jar:6.1.6]
	at org.springframework.beans.factory.support.ConstructorResolver.createArgumentArray(ConstructorResolver.java:782) ~[spring-beans-6.1.6.jar:6.1.6]
	... 19 more
Caused by: java.lang.ClassNotFoundException: org.apache.http.impl.client.DefaultClientConnectionReuseStrategy
	at java.base/jdk.internal.loader.BuiltinClassLoader.loadClass(BuiltinClassLoader.java:641) ~[?:?]
	at java.base/jdk.internal.loader.ClassLoaders$AppClassLoader.loadClass(ClassLoaders.java:188) ~[?:?]
	at java.base/java.lang.ClassLoader.loadClass(ClassLoader.java:526) ~[?:?]
	at java.base/java.lang.ClassLoader.defineClass1(Native Method) ~[?:?]
	at java.base/java.lang.ClassLoader.defineClass(ClassLoader.java:1027) ~[?:?]
	at java.base/java.security.SecureClassLoader.defineClass(SecureClassLoader.java:150) ~[?:?]
	at java.base/jdk.internal.loader.BuiltinClassLoader.defineClass(BuiltinClassLoader.java:862) ~[?:?]
	at java.base/jdk.internal.loader.BuiltinClassLoader.findClassOnClassPathOrNull(BuiltinClassLoader.java:760) ~[?:?]
	at java.base/jdk.internal.loader.BuiltinClassLoader.loadClassOrNull(BuiltinClassLoader.java:681) ~[?:?]
	at java.base/jdk.internal.loader.BuiltinClassLoader.loadClass(BuiltinClassLoader.java:639) ~[?:?]
	at java.base/jdk.internal.loader.ClassLoaders$AppClassLoader.loadClass(ClassLoaders.java:188) ~[?:?]
	at java.base/java.lang.ClassLoader.loadClass(ClassLoader.java:526) ~[?:?]
	at software.amazon.awssdk.http.apache.ApacheHttpClient.createClient(ApacheHttpClient.java:159) ~[apache-client-2.25.26.jar:?]
	at software.amazon.awssdk.http.apache.ApacheHttpClient.<init>(ApacheHttpClient.java:125) ~[apache-client-2.25.26.jar:?]
	at software.amazon.awssdk.http.apache.ApacheHttpClient.<init>(ApacheHttpClient.java:104) ~[apache-client-2.25.26.jar:?]
	at software.amazon.awssdk.http.apache.ApacheHttpClient$DefaultBuilder.buildWithDefaults(ApacheHttpClient.java:649) ~[apache-client-2.25.26.jar:?]
	at software.amazon.awssdk.core.internal.http.loader.DefaultSdkHttpClientBuilder.lambda$buildWithDefaults$0(DefaultSdkHttpClientBuilder.java:42) ~[sdk-core-2.25.26.jar:?]
	at java.base/java.util.Optional.map(Optional.java:260) ~[?:?]
	at software.amazon.awssdk.core.internal.http.loader.DefaultSdkHttpClientBuilder.buildWithDefaults(DefaultSdkHttpClientBuilder.java:42) ~[sdk-core-2.25.26.jar:?]
	at software.amazon.awssdk.core.client.builder.SdkDefaultClientBuilder.lambda$resolveSyncHttpClient$14(SdkDefaultClientBuilder.java:398) ~[sdk-core-2.25.26.jar:?]
	at java.base/java.util.Optional.orElseGet(Optional.java:364) ~[?:?]
	at software.amazon.awssdk.core.client.builder.SdkDefaultClientBuilder.resolveSyncHttpClient(SdkDefaultClientBuilder.java:398) ~[sdk-core-2.25.26.jar:?]
	at software.amazon.awssdk.core.client.builder.SdkDefaultClientBuilder.lambda$finalizeSyncConfiguration$2(SdkDefaultClientBuilder.java:285) ~[sdk-core-2.25.26.jar:?]
	at software.amazon.awssdk.utils.AttributeMap$DerivedValue.primeCache(AttributeMap.java:600) ~[utils-2.25.26.jar:?]
	at software.amazon.awssdk.utils.AttributeMap$DerivedValue.get(AttributeMap.java:589) ~[utils-2.25.26.jar:?]
	at software.amazon.awssdk.utils.AttributeMap$Builder.resolveValue(AttributeMap.java:396) ~[utils-2.25.26.jar:?]
	at java.base/java.util.ArrayList.forEach(ArrayList.java:1596) ~[?:?]
	at software.amazon.awssdk.utils.AttributeMap$Builder.build(AttributeMap.java:362) ~[utils-2.25.26.jar:?]
	at software.amazon.awssdk.core.client.config.SdkClientConfiguration$Builder.build(SdkClientConfiguration.java:232) ~[sdk-core-2.25.26.jar:?]
	at software.amazon.awssdk.core.client.builder.SdkDefaultClientBuilder.finalizeSyncConfiguration(SdkDefaultClientBuilder.java:287) ~[sdk-core-2.25.26.jar:?]
	at software.amazon.awssdk.core.client.builder.SdkDefaultClientBuilder.syncClientConfiguration(SdkDefaultClientBuilder.java:189) ~[sdk-core-2.25.26.jar:?]
	at software.amazon.awssdk.services.ses.DefaultSesClientBuilder.buildClient(DefaultSesClientBuilder.java:36) ~[ses-2.25.26.jar:?]
	at software.amazon.awssdk.services.ses.DefaultSesClientBuilder.buildClient(DefaultSesClientBuilder.java:25) ~[ses-2.25.26.jar:?]
	at software.amazon.awssdk.core.client.builder.SdkDefaultClientBuilder.build(SdkDefaultClientBuilder.java:155) ~[sdk-core-2.25.26.jar:?]
	at com.classmanager.cms_backend.config.SesConfig.sesClient(SesConfig.java:27) ~[classes/:?]
	at com.classmanager.cms_backend.config.SesConfig$$SpringCGLIB$$0.CGLIB$sesClient$0(<generated>) ~[classes/:?]
	at com.classmanager.cms_backend.config.SesConfig$$SpringCGLIB$$FastClass$$1.invoke(<generated>) ~[classes/:?]
	at org.springframework.cglib.proxy.MethodProxy.invokeSuper(MethodProxy.java:258) ~[spring-core-6.1.6.jar:6.1.6]
	at org.springframework.context.annotation.ConfigurationClassEnhancer$BeanMethodInterceptor.intercept(ConfigurationClassEnhancer.java:331) ~[spring-context-6.1.6.jar:6.1.6]
	at com.classmanager.cms_backend.config.SesConfig$$SpringCGLIB$$0.sesClient(<generated>) ~[classes/:?]
	at java.base/jdk.internal.reflect.DirectMethodHandleAccessor.invoke(DirectMethodHandleAccessor.java:103) ~[?:?]
	at java.base/java.lang.reflect.Method.invoke(Method.java:580) ~[?:?]
	at org.springframework.beans.factory.support.SimpleInstantiationStrategy.instantiate(SimpleInstantiationStrategy.java:140) ~[spring-beans-6.1.6.jar:6.1.6]
	at org.springframework.beans.factory.support.ConstructorResolver.instantiate(ConstructorResolver.java:644) ~[spring-beans-6.1.6.jar:6.1.6]
	at org.springframework.beans.factory.support.ConstructorResolver.instantiateUsingFactoryMethod(ConstructorResolver.java:636) ~[spring-beans-6.1.6.jar:6.1.6]
	at org.springframework.beans.factory.support.AbstractAutowireCapableBeanFactory.instantiateUsingFactoryMethod(AbstractAutowireCapableBeanFactory.java:1335) ~[spring-beans-6.1.6.jar:6.1.6]
	at org.springframework.beans.factory.support.AbstractAutowireCapableBeanFactory.createBeanInstance(AbstractAutowireCapableBeanFactory.java:1165) ~[spring-beans-6.1.6.jar:6.1.6]
	at org.springframework.beans.factory.support.AbstractAutowireCapableBeanFactory.doCreateBean(AbstractAutowireCapableBeanFactory.java:562) ~[spring-beans-6.1.6.jar:6.1.6]
	at org.springframework.beans.factory.support.AbstractAutowireCapableBeanFactory.createBean(AbstractAutowireCapableBeanFactory.java:522) ~[spring-beans-6.1.6.jar:6.1.6]
	at org.springframework.beans.factory.support.AbstractBeanFactory.lambda$doGetBean$0(AbstractBeanFactory.java:326) ~[spring-beans-6.1.6.jar:6.1.6]
	at org.springframework.beans.factory.support.DefaultSingletonBeanRegistry.getSingleton(DefaultSingletonBeanRegistry.java:234) ~[spring-beans-6.1.6.jar:6.1.6]
	at org.springframework.beans.factory.support.AbstractBeanFactory.doGetBean(AbstractBeanFactory.java:324) ~[spring-beans-6.1.6.jar:6.1.6]
	at org.springframework.beans.factory.support.AbstractBeanFactory.getBean(AbstractBeanFactory.java:200) ~[spring-beans-6.1.6.jar:6.1.6]
	at org.springframework.beans.factory.config.DependencyDescriptor.resolveCandidate(DependencyDescriptor.java:254) ~[spring-beans-6.1.6.jar:6.1.6]
	at org.springframework.beans.factory.support.DefaultListableBeanFactory.doResolveDependency(DefaultListableBeanFactory.java:1443) ~[spring-beans-6.1.6.jar:6.1.6]
	at org.springframework.beans.factory.support.DefaultListableBeanFactory.resolveDependency(DefaultListableBeanFactory.java:1353) ~[spring-beans-6.1.6.jar:6.1.6]
	at org.springframework.beans.factory.support.ConstructorResolver.resolveAutowiredArgument(ConstructorResolver.java:904) ~[spring-beans-6.1.6.jar:6.1.6]
	at org.springframework.beans.factory.support.ConstructorResolver.createArgumentArray(ConstructorResolver.java:782) ~[spring-beans-6.1.6.jar:6.1.6]
	... 19 more
[ERROR] 2026-04-02 15:58:27.604 [main] SpringApplication - Application run failed
org.springframework.beans.factory.UnsatisfiedDependencyException: Error creating bean with name 'sesEmailService' defined in file [D:\d folder\CMS\cms-backend\target\classes\com\classmanager\cms_backend\service\SesEmailService.class]: Unsatisfied dependency expressed through constructor parameter 0: Error creating bean with name 'sesClient' defined in class path resource [com/classmanager/cms_backend/config/SesConfig.class]: Failed to instantiate [software.amazon.awssdk.services.ses.SesClient]: Factory method 'sesClient' threw exception with message: org/apache/http/impl/client/DefaultClientConnectionReuseStrategy
	at org.springframework.beans.factory.support.ConstructorResolver.createArgumentArray(ConstructorResolver.java:795) ~[spring-beans-6.1.6.jar:6.1.6]
	at org.springframework.beans.factory.support.ConstructorResolver.autowireConstructor(ConstructorResolver.java:237) ~[spring-beans-6.1.6.jar:6.1.6]
	at org.springframework.beans.factory.support.AbstractAutowireCapableBeanFactory.autowireConstructor(AbstractAutowireCapableBeanFactory.java:1355) ~[spring-beans-6.1.6.jar:6.1.6]
	at org.springframework.beans.factory.support.AbstractAutowireCapableBeanFactory.createBeanInstance(AbstractAutowireCapableBeanFactory.java:1192) ~[spring-beans-6.1.6.jar:6.1.6]
	at org.springframework.beans.factory.support.AbstractAutowireCapableBeanFactory.doCreateBean(AbstractAutowireCapableBeanFactory.java:562) ~[spring-beans-6.1.6.jar:6.1.6]
	at org.springframework.beans.factory.support.AbstractAutowireCapableBeanFactory.createBean(AbstractAutowireCapableBeanFactory.java:522) ~[spring-beans-6.1.6.jar:6.1.6]
	at org.springframework.beans.factory.support.AbstractBeanFactory.lambda$doGetBean$0(AbstractBeanFactory.java:326) ~[spring-beans-6.1.6.jar:6.1.6]
	at org.springframework.beans.factory.support.DefaultSingletonBeanRegistry.getSingleton(DefaultSingletonBeanRegistry.java:234) ~[spring-beans-6.1.6.jar:6.1.6]
	at org.springframework.beans.factory.support.AbstractBeanFactory.doGetBean(AbstractBeanFactory.java:324) ~[spring-beans-6.1.6.jar:6.1.6]
	at org.springframework.beans.factory.support.AbstractBeanFactory.getBean(AbstractBeanFactory.java:200) ~[spring-beans-6.1.6.jar:6.1.6]
	at org.springframework.beans.factory.support.DefaultListableBeanFactory.preInstantiateSingletons(DefaultListableBeanFactory.java:975) ~[spring-beans-6.1.6.jar:6.1.6]
	at org.springframework.context.support.AbstractApplicationContext.finishBeanFactoryInitialization(AbstractApplicationContext.java:962) ~[spring-context-6.1.6.jar:6.1.6]
	at org.springframework.context.support.AbstractApplicationContext.refresh(AbstractApplicationContext.java:624) ~[spring-context-6.1.6.jar:6.1.6]
	at org.springframework.boot.web.servlet.context.ServletWebServerApplicationContext.refresh(ServletWebServerApplicationContext.java:146) ~[spring-boot-3.2.5.jar:3.2.5]
	at org.springframework.boot.SpringApplication.refresh(SpringApplication.java:754) [spring-boot-3.2.5.jar:3.2.5]
	at org.springframework.boot.SpringApplication.refreshContext(SpringApplication.java:456) [spring-boot-3.2.5.jar:3.2.5]
	at org.springframework.boot.SpringApplication.run(SpringApplication.java:334) [spring-boot-3.2.5.jar:3.2.5]
	at org.springframework.boot.SpringApplication.run(SpringApplication.java:1354) [spring-boot-3.2.5.jar:3.2.5]
	at org.springframework.boot.SpringApplication.run(SpringApplication.java:1343) [spring-boot-3.2.5.jar:3.2.5]
	at com.classmanager.cms_backend.CmsBackendApplication.main(CmsBackendApplication.java:20) [classes/:?]
Caused by: org.springframework.beans.factory.BeanCreationException: Error creating bean with name 'sesClient' defined in class path resource [com/classmanager/cms_backend/config/SesConfig.class]: Failed to instantiate [software.amazon.awssdk.services.ses.SesClient]: Factory method 'sesClient' threw exception with message: org/apache/http/impl/client/DefaultClientConnectionReuseStrategy
	at org.springframework.beans.factory.support.ConstructorResolver.instantiate(ConstructorResolver.java:648) ~[spring-beans-6.1.6.jar:6.1.6]
	at org.springframework.beans.factory.support.ConstructorResolver.instantiateUsingFactoryMethod(ConstructorResolver.java:636) ~[spring-beans-6.1.6.jar:6.1.6]
	at org.springframework.beans.factory.support.AbstractAutowireCapableBeanFactory.instantiateUsingFactoryMethod(AbstractAutowireCapableBeanFactory.java:1335) ~[spring-beans-6.1.6.jar:6.1.6]
	at org.springframework.beans.factory.support.AbstractAutowireCapableBeanFactory.createBeanInstance(AbstractAutowireCapableBeanFactory.java:1165) ~[spring-beans-6.1.6.jar:6.1.6]
	at org.springframework.beans.factory.support.AbstractAutowireCapableBeanFactory.doCreateBean(AbstractAutowireCapableBeanFactory.java:562) ~[spring-beans-6.1.6.jar:6.1.6]
	at org.springframework.beans.factory.support.AbstractAutowireCapableBeanFactory.createBean(AbstractAutowireCapableBeanFactory.java:522) ~[spring-beans-6.1.6.jar:6.1.6]
	at org.springframework.beans.factory.support.AbstractBeanFactory.lambda$doGetBean$0(AbstractBeanFactory.java:326) ~[spring-beans-6.1.6.jar:6.1.6]
	at org.springframework.beans.factory.support.DefaultSingletonBeanRegistry.getSingleton(DefaultSingletonBeanRegistry.java:234) ~[spring-beans-6.1.6.jar:6.1.6]
	at org.springframework.beans.factory.support.AbstractBeanFactory.doGetBean(AbstractBeanFactory.java:324) ~[spring-beans-6.1.6.jar:6.1.6]
	at org.springframework.beans.factory.support.AbstractBeanFactory.getBean(AbstractBeanFactory.java:200) ~[spring-beans-6.1.6.jar:6.1.6]
	at org.springframework.beans.factory.config.DependencyDescriptor.resolveCandidate(DependencyDescriptor.java:254) ~[spring-beans-6.1.6.jar:6.1.6]
	at org.springframework.beans.factory.support.DefaultListableBeanFactory.doResolveDependency(DefaultListableBeanFactory.java:1443) ~[spring-beans-6.1.6.jar:6.1.6]
	at org.springframework.beans.factory.support.DefaultListableBeanFactory.resolveDependency(DefaultListableBeanFactory.java:1353) ~[spring-beans-6.1.6.jar:6.1.6]
	at org.springframework.beans.factory.support.ConstructorResolver.resolveAutowiredArgument(ConstructorResolver.java:904) ~[spring-beans-6.1.6.jar:6.1.6]
	at org.springframework.beans.factory.support.ConstructorResolver.createArgumentArray(ConstructorResolver.java:782) ~[spring-beans-6.1.6.jar:6.1.6]
	... 19 more
Caused by: org.springframework.beans.BeanInstantiationException: Failed to instantiate [software.amazon.awssdk.services.ses.SesClient]: Factory method 'sesClient' threw exception with message: org/apache/http/impl/client/DefaultClientConnectionReuseStrategy
	at org.springframework.beans.factory.support.SimpleInstantiationStrategy.instantiate(SimpleInstantiationStrategy.java:177) ~[spring-beans-6.1.6.jar:6.1.6]
	at org.springframework.beans.factory.support.ConstructorResolver.instantiate(ConstructorResolver.java:644) ~[spring-beans-6.1.6.jar:6.1.6]
	at org.springframework.beans.factory.support.ConstructorResolver.instantiateUsingFactoryMethod(ConstructorResolver.java:636) ~[spring-beans-6.1.6.jar:6.1.6]
	at org.springframework.beans.factory.support.AbstractAutowireCapableBeanFactory.instantiateUsingFactoryMethod(AbstractAutowireCapableBeanFactory.java:1335) ~[spring-beans-6.1.6.jar:6.1.6]
	at org.springframework.beans.factory.support.AbstractAutowireCapableBeanFactory.createBeanInstance(AbstractAutowireCapableBeanFactory.java:1165) ~[spring-beans-6.1.6.jar:6.1.6]
	at org.springframework.beans.factory.support.AbstractAutowireCapableBeanFactory.doCreateBean(AbstractAutowireCapableBeanFactory.java:562) ~[spring-beans-6.1.6.jar:6.1.6]
	at org.springframework.beans.factory.support.AbstractAutowireCapableBeanFactory.createBean(AbstractAutowireCapableBeanFactory.java:522) ~[spring-beans-6.1.6.jar:6.1.6]
	at org.springframework.beans.factory.support.AbstractBeanFactory.lambda$doGetBean$0(AbstractBeanFactory.java:326) ~[spring-beans-6.1.6.jar:6.1.6]
	at org.springframework.beans.factory.support.DefaultSingletonBeanRegistry.getSingleton(DefaultSingletonBeanRegistry.java:234) ~[spring-beans-6.1.6.jar:6.1.6]
	at org.springframework.beans.factory.support.AbstractBeanFactory.doGetBean(AbstractBeanFactory.java:324) ~[spring-beans-6.1.6.jar:6.1.6]
	at org.springframework.beans.factory.support.AbstractBeanFactory.getBean(AbstractBeanFactory.java:200) ~[spring-beans-6.1.6.jar:6.1.6]
	at org.springframework.beans.factory.config.DependencyDescriptor.resolveCandidate(DependencyDescriptor.java:254) ~[spring-beans-6.1.6.jar:6.1.6]
	at org.springframework.beans.factory.support.DefaultListableBeanFactory.doResolveDependency(DefaultListableBeanFactory.java:1443) ~[spring-beans-6.1.6.jar:6.1.6]
	at org.springframework.beans.factory.support.DefaultListableBeanFactory.resolveDependency(DefaultListableBeanFactory.java:1353) ~[spring-beans-6.1.6.jar:6.1.6]
	at org.springframework.beans.factory.support.ConstructorResolver.resolveAutowiredArgument(ConstructorResolver.java:904) ~[spring-beans-6.1.6.jar:6.1.6]
	at org.springframework.beans.factory.support.ConstructorResolver.createArgumentArray(ConstructorResolver.java:782) ~[spring-beans-6.1.6.jar:6.1.6]
	... 19 more
Caused by: java.lang.NoClassDefFoundError: org/apache/http/impl/client/DefaultClientConnectionReuseStrategy
	at java.base/java.lang.ClassLoader.defineClass1(Native Method) ~[?:?]
	at java.base/java.lang.ClassLoader.defineClass(ClassLoader.java:1027) ~[?:?]
	at java.base/java.security.SecureClassLoader.defineClass(SecureClassLoader.java:150) ~[?:?]
	at java.base/jdk.internal.loader.BuiltinClassLoader.defineClass(BuiltinClassLoader.java:862) ~[?:?]
	at java.base/jdk.internal.loader.BuiltinClassLoader.findClassOnClassPathOrNull(BuiltinClassLoader.java:760) ~[?:?]
	at java.base/jdk.internal.loader.BuiltinClassLoader.loadClassOrNull(BuiltinClassLoader.java:681) ~[?:?]
	at java.base/jdk.internal.loader.BuiltinClassLoader.loadClass(BuiltinClassLoader.java:639) ~[?:?]
	at java.base/jdk.internal.loader.ClassLoaders$AppClassLoader.loadClass(ClassLoaders.java:188) ~[?:?]
	at java.base/java.lang.ClassLoader.loadClass(ClassLoader.java:526) ~[?:?]
	at software.amazon.awssdk.http.apache.ApacheHttpClient.createClient(ApacheHttpClient.java:159) ~[apache-client-2.25.26.jar:?]
	at software.amazon.awssdk.http.apache.ApacheHttpClient.<init>(ApacheHttpClient.java:125) ~[apache-client-2.25.26.jar:?]
	at software.amazon.awssdk.http.apache.ApacheHttpClient.<init>(ApacheHttpClient.java:104) ~[apache-client-2.25.26.jar:?]
	at software.amazon.awssdk.http.apache.ApacheHttpClient$DefaultBuilder.buildWithDefaults(ApacheHttpClient.java:649) ~[apache-client-2.25.26.jar:?]
	at software.amazon.awssdk.core.internal.http.loader.DefaultSdkHttpClientBuilder.lambda$buildWithDefaults$0(DefaultSdkHttpClientBuilder.java:42) ~[sdk-core-2.25.26.jar:?]
	at java.base/java.util.Optional.map(Optional.java:260) ~[?:?]
	at software.amazon.awssdk.core.internal.http.loader.DefaultSdkHttpClientBuilder.buildWithDefaults(DefaultSdkHttpClientBuilder.java:42) ~[sdk-core-2.25.26.jar:?]
	at software.amazon.awssdk.core.client.builder.SdkDefaultClientBuilder.lambda$resolveSyncHttpClient$14(SdkDefaultClientBuilder.java:398) ~[sdk-core-2.25.26.jar:?]
	at java.base/java.util.Optional.orElseGet(Optional.java:364) ~[?:?]
	at software.amazon.awssdk.core.client.builder.SdkDefaultClientBuilder.resolveSyncHttpClient(SdkDefaultClientBuilder.java:398) ~[sdk-core-2.25.26.jar:?]
	at software.amazon.awssdk.core.client.builder.SdkDefaultClientBuilder.lambda$finalizeSyncConfiguration$2(SdkDefaultClientBuilder.java:285) ~[sdk-core-2.25.26.jar:?]
	at software.amazon.awssdk.utils.AttributeMap$DerivedValue.primeCache(AttributeMap.java:600) ~[utils-2.25.26.jar:?]
	at software.amazon.awssdk.utils.AttributeMap$DerivedValue.get(AttributeMap.java:589) ~[utils-2.25.26.jar:?]
	at software.amazon.awssdk.utils.AttributeMap$Builder.resolveValue(AttributeMap.java:396) ~[utils-2.25.26.jar:?]
	at java.base/java.util.ArrayList.forEach(ArrayList.java:1596) ~[?:?]
	at software.amazon.awssdk.utils.AttributeMap$Builder.build(AttributeMap.java:362) ~[utils-2.25.26.jar:?]
	at software.amazon.awssdk.core.client.config.SdkClientConfiguration$Builder.build(SdkClientConfiguration.java:232) ~[sdk-core-2.25.26.jar:?]
	at software.amazon.awssdk.core.client.builder.SdkDefaultClientBuilder.finalizeSyncConfiguration(SdkDefaultClientBuilder.java:287) ~[sdk-core-2.25.26.jar:?]
	at software.amazon.awssdk.core.client.builder.SdkDefaultClientBuilder.syncClientConfiguration(SdkDefaultClientBuilder.java:189) ~[sdk-core-2.25.26.jar:?]
	at software.amazon.awssdk.services.ses.DefaultSesClientBuilder.buildClient(DefaultSesClientBuilder.java:36) ~[ses-2.25.26.jar:?]
	at software.amazon.awssdk.services.ses.DefaultSesClientBuilder.buildClient(DefaultSesClientBuilder.java:25) ~[ses-2.25.26.jar:?]
	at software.amazon.awssdk.core.client.builder.SdkDefaultClientBuilder.build(SdkDefaultClientBuilder.java:155) ~[sdk-core-2.25.26.jar:?]
	at com.classmanager.cms_backend.config.SesConfig.sesClient(SesConfig.java:27) ~[classes/:?]
	at com.classmanager.cms_backend.config.SesConfig$$SpringCGLIB$$0.CGLIB$sesClient$0(<generated>) ~[classes/:?]
	at com.classmanager.cms_backend.config.SesConfig$$SpringCGLIB$$FastClass$$1.invoke(<generated>) ~[classes/:?]
	at org.springframework.cglib.proxy.MethodProxy.invokeSuper(MethodProxy.java:258) ~[spring-core-6.1.6.jar:6.1.6]
	at org.springframework.context.annotation.ConfigurationClassEnhancer$BeanMethodInterceptor.intercept(ConfigurationClassEnhancer.java:331) ~[spring-context-6.1.6.jar:6.1.6]
	at com.classmanager.cms_backend.config.SesConfig$$SpringCGLIB$$0.sesClient(<generated>) ~[classes/:?]
	at java.base/jdk.internal.reflect.DirectMethodHandleAccessor.invoke(DirectMethodHandleAccessor.java:103) ~[?:?]
	at java.base/java.lang.reflect.Method.invoke(Method.java:580) ~[?:?]
	at org.springframework.beans.factory.support.SimpleInstantiationStrategy.instantiate(SimpleInstantiationStrategy.java:140) ~[spring-beans-6.1.6.jar:6.1.6]
	at org.springframework.beans.factory.support.ConstructorResolver.instantiate(ConstructorResolver.java:644) ~[spring-beans-6.1.6.jar:6.1.6]
	at org.springframework.beans.factory.support.ConstructorResolver.instantiateUsingFactoryMethod(ConstructorResolver.java:636) ~[spring-beans-6.1.6.jar:6.1.6]
	at org.springframework.beans.factory.support.AbstractAutowireCapableBeanFactory.instantiateUsingFactoryMethod(AbstractAutowireCapableBeanFactory.java:1335) ~[spring-beans-6.1.6.jar:6.1.6]
	at org.springframework.beans.factory.support.AbstractAutowireCapableBeanFactory.createBeanInstance(AbstractAutowireCapableBeanFactory.java:1165) ~[spring-beans-6.1.6.jar:6.1.6]
	at org.springframework.beans.factory.support.AbstractAutowireCapableBeanFactory.doCreateBean(AbstractAutowireCapableBeanFactory.java:562) ~[spring-beans-6.1.6.jar:6.1.6]
	at org.springframework.beans.factory.support.AbstractAutowireCapableBeanFactory.createBean(AbstractAutowireCapableBeanFactory.java:522) ~[spring-beans-6.1.6.jar:6.1.6]
	at org.springframework.beans.factory.support.AbstractBeanFactory.lambda$doGetBean$0(AbstractBeanFactory.java:326) ~[spring-beans-6.1.6.jar:6.1.6]
	at org.springframework.beans.factory.support.DefaultSingletonBeanRegistry.getSingleton(DefaultSingletonBeanRegistry.java:234) ~[spring-beans-6.1.6.jar:6.1.6]
	at org.springframework.beans.factory.support.AbstractBeanFactory.doGetBean(AbstractBeanFactory.java:324) ~[spring-beans-6.1.6.jar:6.1.6]
	at org.springframework.beans.factory.support.AbstractBeanFactory.getBean(AbstractBeanFactory.java:200) ~[spring-beans-6.1.6.jar:6.1.6]
	at org.springframework.beans.factory.config.DependencyDescriptor.resolveCandidate(DependencyDescriptor.java:254) ~[spring-beans-6.1.6.jar:6.1.6]
	at org.springframework.beans.factory.support.DefaultListableBeanFactory.doResolveDependency(DefaultListableBeanFactory.java:1443) ~[spring-beans-6.1.6.jar:6.1.6]
	at org.springframework.beans.factory.support.DefaultListableBeanFactory.resolveDependency(DefaultListableBeanFactory.java:1353) ~[spring-beans-6.1.6.jar:6.1.6]
	at org.springframework.beans.factory.support.ConstructorResolver.resolveAutowiredArgument(ConstructorResolver.java:904) ~[spring-beans-6.1.6.jar:6.1.6]
	at org.springframework.beans.factory.support.ConstructorResolver.createArgumentArray(ConstructorResolver.java:782) ~[spring-beans-6.1.6.jar:6.1.6]
	... 19 more
Caused by: java.lang.ClassNotFoundException: org.apache.http.impl.client.DefaultClientConnectionReuseStrategy
	at java.base/jdk.internal.loader.BuiltinClassLoader.loadClass(BuiltinClassLoader.java:641) ~[?:?]
	at java.base/jdk.internal.loader.ClassLoaders$AppClassLoader.loadClass(ClassLoaders.java:188) ~[?:?]
	at java.base/java.lang.ClassLoader.loadClass(ClassLoader.java:526) ~[?:?]
	at java.base/java.lang.ClassLoader.defineClass1(Native Method) ~[?:?]
	at java.base/java.lang.ClassLoader.defineClass(ClassLoader.java:1027) ~[?:?]
	at java.base/java.security.SecureClassLoader.defineClass(SecureClassLoader.java:150) ~[?:?]
	at java.base/jdk.internal.loader.BuiltinClassLoader.defineClass(BuiltinClassLoader.java:862) ~[?:?]
	at java.base/jdk.internal.loader.BuiltinClassLoader.findClassOnClassPathOrNull(BuiltinClassLoader.java:760) ~[?:?]
	at java.base/jdk.internal.loader.BuiltinClassLoader.loadClassOrNull(BuiltinClassLoader.java:681) ~[?:?]
	at java.base/jdk.internal.loader.BuiltinClassLoader.loadClass(BuiltinClassLoader.java:639) ~[?:?]
	at java.base/jdk.internal.loader.ClassLoaders$AppClassLoader.loadClass(ClassLoaders.java:188) ~[?:?]
	at java.base/java.lang.ClassLoader.loadClass(ClassLoader.java:526) ~[?:?]
	at software.amazon.awssdk.http.apache.ApacheHttpClient.createClient(ApacheHttpClient.java:159) ~[apache-client-2.25.26.jar:?]
	at software.amazon.awssdk.http.apache.ApacheHttpClient.<init>(ApacheHttpClient.java:125) ~[apache-client-2.25.26.jar:?]
	at software.amazon.awssdk.http.apache.ApacheHttpClient.<init>(ApacheHttpClient.java:104) ~[apache-client-2.25.26.jar:?]
	at software.amazon.awssdk.http.apache.ApacheHttpClient$DefaultBuilder.buildWithDefaults(ApacheHttpClient.java:649) ~[apache-client-2.25.26.jar:?]
	at software.amazon.awssdk.core.internal.http.loader.DefaultSdkHttpClientBuilder.lambda$buildWithDefaults$0(DefaultSdkHttpClientBuilder.java:42) ~[sdk-core-2.25.26.jar:?]
	at java.base/java.util.Optional.map(Optional.java:260) ~[?:?]
	at software.amazon.awssdk.core.internal.http.loader.DefaultSdkHttpClientBuilder.buildWithDefaults(DefaultSdkHttpClientBuilder.java:42) ~[sdk-core-2.25.26.jar:?]
	at software.amazon.awssdk.core.client.builder.SdkDefaultClientBuilder.lambda$resolveSyncHttpClient$14(SdkDefaultClientBuilder.java:398) ~[sdk-core-2.25.26.jar:?]
	at java.base/java.util.Optional.orElseGet(Optional.java:364) ~[?:?]
	at software.amazon.awssdk.core.client.builder.SdkDefaultClientBuilder.resolveSyncHttpClient(SdkDefaultClientBuilder.java:398) ~[sdk-core-2.25.26.jar:?]
	at software.amazon.awssdk.core.client.builder.SdkDefaultClientBuilder.lambda$finalizeSyncConfiguration$2(SdkDefaultClientBuilder.java:285) ~[sdk-core-2.25.26.jar:?]
	at software.amazon.awssdk.utils.AttributeMap$DerivedValue.primeCache(AttributeMap.java:600) ~[utils-2.25.26.jar:?]
	at software.amazon.awssdk.utils.AttributeMap$DerivedValue.get(AttributeMap.java:589) ~[utils-2.25.26.jar:?]
	at software.amazon.awssdk.utils.AttributeMap$Builder.resolveValue(AttributeMap.java:396) ~[utils-2.25.26.jar:?]
	at java.base/java.util.ArrayList.forEach(ArrayList.java:1596) ~[?:?]
	at software.amazon.awssdk.utils.AttributeMap$Builder.build(AttributeMap.java:362) ~[utils-2.25.26.jar:?]
	at software.amazon.awssdk.core.client.config.SdkClientConfiguration$Builder.build(SdkClientConfiguration.java:232) ~[sdk-core-2.25.26.jar:?]
	at software.amazon.awssdk.core.client.builder.SdkDefaultClientBuilder.finalizeSyncConfiguration(SdkDefaultClientBuilder.java:287) ~[sdk-core-2.25.26.jar:?]
	at software.amazon.awssdk.core.client.builder.SdkDefaultClientBuilder.syncClientConfiguration(SdkDefaultClientBuilder.java:189) ~[sdk-core-2.25.26.jar:?]
	at software.amazon.awssdk.services.ses.DefaultSesClientBuilder.buildClient(DefaultSesClientBuilder.java:36) ~[ses-2.25.26.jar:?]
	at software.amazon.awssdk.services.ses.DefaultSesClientBuilder.buildClient(DefaultSesClientBuilder.java:25) ~[ses-2.25.26.jar:?]
	at software.amazon.awssdk.core.client.builder.SdkDefaultClientBuilder.build(SdkDefaultClientBuilder.java:155) ~[sdk-core-2.25.26.jar:?]
	at com.classmanager.cms_backend.config.SesConfig.sesClient(SesConfig.java:27) ~[classes/:?]
	at com.classmanager.cms_backend.config.SesConfig$$SpringCGLIB$$0.CGLIB$sesClient$0(<generated>) ~[classes/:?]
	at com.classmanager.cms_backend.config.SesConfig$$SpringCGLIB$$FastClass$$1.invoke(<generated>) ~[classes/:?]
	at org.springframework.cglib.proxy.MethodProxy.invokeSuper(MethodProxy.java:258) ~[spring-core-6.1.6.jar:6.1.6]
	at org.springframework.context.annotation.ConfigurationClassEnhancer$BeanMethodInterceptor.intercept(ConfigurationClassEnhancer.java:331) ~[spring-context-6.1.6.jar:6.1.6]
	at com.classmanager.cms_backend.config.SesConfig$$SpringCGLIB$$0.sesClient(<generated>) ~[classes/:?]
	at java.base/jdk.internal.reflect.DirectMethodHandleAccessor.invoke(DirectMethodHandleAccessor.java:103) ~[?:?]
	at java.base/java.lang.reflect.Method.invoke(Method.java:580) ~[?:?]
	at org.springframework.beans.factory.support.SimpleInstantiationStrategy.instantiate(SimpleInstantiationStrategy.java:140) ~[spring-beans-6.1.6.jar:6.1.6]
	at org.springframework.beans.factory.support.ConstructorResolver.instantiate(ConstructorResolver.java:644) ~[spring-beans-6.1.6.jar:6.1.6]
	at org.springframework.beans.factory.support.ConstructorResolver.instantiateUsingFactoryMethod(ConstructorResolver.java:636) ~[spring-beans-6.1.6.jar:6.1.6]
	at org.springframework.beans.factory.support.AbstractAutowireCapableBeanFactory.instantiateUsingFactoryMethod(AbstractAutowireCapableBeanFactory.java:1335) ~[spring-beans-6.1.6.jar:6.1.6]
	at org.springframework.beans.factory.support.AbstractAutowireCapableBeanFactory.createBeanInstance(AbstractAutowireCapableBeanFactory.java:1165) ~[spring-beans-6.1.6.jar:6.1.6]
	at org.springframework.beans.factory.support.AbstractAutowireCapableBeanFactory.doCreateBean(AbstractAutowireCapableBeanFactory.java:562) ~[spring-beans-6.1.6.jar:6.1.6]
	at org.springframework.beans.factory.support.AbstractAutowireCapableBeanFactory.createBean(AbstractAutowireCapableBeanFactory.java:522) ~[spring-beans-6.1.6.jar:6.1.6]
	at org.springframework.beans.factory.support.AbstractBeanFactory.lambda$doGetBean$0(AbstractBeanFactory.java:326) ~[spring-beans-6.1.6.jar:6.1.6]
	at org.springframework.beans.factory.support.DefaultSingletonBeanRegistry.getSingleton(DefaultSingletonBeanRegistry.java:234) ~[spring-beans-6.1.6.jar:6.1.6]
	at org.springframework.beans.factory.support.AbstractBeanFactory.doGetBean(AbstractBeanFactory.java:324) ~[spring-beans-6.1.6.jar:6.1.6]
	at org.springframework.beans.factory.support.AbstractBeanFactory.getBean(AbstractBeanFactory.java:200) ~[spring-beans-6.1.6.jar:6.1.6]
	at org.springframework.beans.factory.config.DependencyDescriptor.resolveCandidate(DependencyDescriptor.java:254) ~[spring-beans-6.1.6.jar:6.1.6]
	at org.springframework.beans.factory.support.DefaultListableBeanFactory.doResolveDependency(DefaultListableBeanFactory.java:1443) ~[spring-beans-6.1.6.jar:6.1.6]
	at org.springframework.beans.factory.support.DefaultListableBeanFactory.resolveDependency(DefaultListableBeanFactory.java:1353) ~[spring-beans-6.1.6.jar:6.1.6]
	at org.springframework.beans.factory.support.ConstructorResolver.resolveAutowiredArgument(ConstructorResolver.java:904) ~[spring-beans-6.1.6.jar:6.1.6]
	at org.springframework.beans.factory.support.ConstructorResolver.createArgumentArray(ConstructorResolver.java:782) ~[spring-beans-6.1.6.jar:6.1.6]
	... 19 more
[ERROR] 2026-04-02 16:40:48.662 [http-nio-8095-exec-4] UserManagementService - Teacher created but welcome email failed for email=golepratik862000+1@gmail.com
java.lang.IllegalStateException: Failed to load template: classpath:/templates/emails/teacher/teacher-welcome.subject.txt
	at com.classmanager.cms_backend.service.EmailTemplateService.loadTemplate(EmailTemplateService.java:43) ~[classes/:?]
	at com.classmanager.cms_backend.service.EmailTemplateService.render(EmailTemplateService.java:26) ~[classes/:?]
	at com.classmanager.cms_backend.service.UserManagementService.sendTeacherWelcomeEmail(UserManagementService.java:479) ~[classes/:?]
	at com.classmanager.cms_backend.service.UserManagementService.createTeacher(UserManagementService.java:169) ~[classes/:?]
	at java.base/jdk.internal.reflect.DirectMethodHandleAccessor.invoke(DirectMethodHandleAccessor.java:103) ~[?:?]
	at java.base/java.lang.reflect.Method.invoke(Method.java:580) ~[?:?]
	at org.springframework.aop.support.AopUtils.invokeJoinpointUsingReflection(AopUtils.java:354) ~[spring-aop-6.1.6.jar:6.1.6]
	at org.springframework.aop.framework.ReflectiveMethodInvocation.invokeJoinpoint(ReflectiveMethodInvocation.java:196) ~[spring-aop-6.1.6.jar:6.1.6]
	at org.springframework.aop.framework.ReflectiveMethodInvocation.proceed(ReflectiveMethodInvocation.java:163) ~[spring-aop-6.1.6.jar:6.1.6]
	at org.springframework.aop.framework.CglibAopProxy$CglibMethodInvocation.proceed(CglibAopProxy.java:768) ~[spring-aop-6.1.6.jar:6.1.6]
	at org.springframework.transaction.interceptor.TransactionInterceptor$1.proceedWithInvocation(TransactionInterceptor.java:123) ~[spring-tx-6.1.6.jar:6.1.6]
	at org.springframework.transaction.interceptor.TransactionAspectSupport.invokeWithinTransaction(TransactionAspectSupport.java:392) ~[spring-tx-6.1.6.jar:6.1.6]
	at org.springframework.transaction.interceptor.TransactionInterceptor.invoke(TransactionInterceptor.java:119) ~[spring-tx-6.1.6.jar:6.1.6]
	at org.springframework.aop.framework.ReflectiveMethodInvocation.proceed(ReflectiveMethodInvocation.java:184) ~[spring-aop-6.1.6.jar:6.1.6]
	at org.springframework.aop.framework.CglibAopProxy$CglibMethodInvocation.proceed(CglibAopProxy.java:768) ~[spring-aop-6.1.6.jar:6.1.6]
	at org.springframework.aop.framework.CglibAopProxy$DynamicAdvisedInterceptor.intercept(CglibAopProxy.java:720) ~[spring-aop-6.1.6.jar:6.1.6]
	at com.classmanager.cms_backend.service.UserManagementService$$SpringCGLIB$$0.createTeacher(<generated>) ~[classes/:?]
	at com.classmanager.cms_backend.controller.UserController.createTeacher(UserController.java:88) ~[classes/:?]
	at java.base/jdk.internal.reflect.DirectMethodHandleAccessor.invoke(DirectMethodHandleAccessor.java:103) ~[?:?]
	at java.base/java.lang.reflect.Method.invoke(Method.java:580) ~[?:?]
	at org.springframework.aop.support.AopUtils.invokeJoinpointUsingReflection(AopUtils.java:354) ~[spring-aop-6.1.6.jar:6.1.6]
	at org.springframework.aop.framework.ReflectiveMethodInvocation.invokeJoinpoint(ReflectiveMethodInvocation.java:196) ~[spring-aop-6.1.6.jar:6.1.6]
	at org.springframework.aop.framework.ReflectiveMethodInvocation.proceed(ReflectiveMethodInvocation.java:163) ~[spring-aop-6.1.6.jar:6.1.6]
	at org.springframework.aop.framework.CglibAopProxy$CglibMethodInvocation.proceed(CglibAopProxy.java:768) ~[spring-aop-6.1.6.jar:6.1.6]
	at org.springframework.security.authorization.method.AuthorizationManagerBeforeMethodInterceptor.invoke(AuthorizationManagerBeforeMethodInterceptor.java:198) ~[spring-security-core-6.2.4.jar:6.2.4]
	at org.springframework.aop.framework.ReflectiveMethodInvocation.proceed(ReflectiveMethodInvocation.java:184) ~[spring-aop-6.1.6.jar:6.1.6]
	at org.springframework.aop.framework.CglibAopProxy$CglibMethodInvocation.proceed(CglibAopProxy.java:768) ~[spring-aop-6.1.6.jar:6.1.6]
	at org.springframework.aop.framework.CglibAopProxy$DynamicAdvisedInterceptor.intercept(CglibAopProxy.java:720) ~[spring-aop-6.1.6.jar:6.1.6]
	at com.classmanager.cms_backend.controller.UserController$$SpringCGLIB$$0.createTeacher(<generated>) ~[classes/:?]
	at java.base/jdk.internal.reflect.DirectMethodHandleAccessor.invoke(DirectMethodHandleAccessor.java:103) ~[?:?]
	at java.base/java.lang.reflect.Method.invoke(Method.java:580) ~[?:?]
	at org.springframework.web.method.support.InvocableHandlerMethod.doInvoke(InvocableHandlerMethod.java:255) ~[spring-web-6.1.6.jar:6.1.6]
	at org.springframework.web.method.support.InvocableHandlerMethod.invokeForRequest(InvocableHandlerMethod.java:188) ~[spring-web-6.1.6.jar:6.1.6]
	at org.springframework.web.servlet.mvc.method.annotation.ServletInvocableHandlerMethod.invokeAndHandle(ServletInvocableHandlerMethod.java:118) ~[spring-webmvc-6.1.6.jar:6.1.6]
	at org.springframework.web.servlet.mvc.method.annotation.RequestMappingHandlerAdapter.invokeHandlerMethod(RequestMappingHandlerAdapter.java:926) ~[spring-webmvc-6.1.6.jar:6.1.6]
	at org.springframework.web.servlet.mvc.method.annotation.RequestMappingHandlerAdapter.handleInternal(RequestMappingHandlerAdapter.java:831) ~[spring-webmvc-6.1.6.jar:6.1.6]
	at org.springframework.web.servlet.mvc.method.AbstractHandlerMethodAdapter.handle(AbstractHandlerMethodAdapter.java:87) ~[spring-webmvc-6.1.6.jar:6.1.6]
	at org.springframework.web.servlet.DispatcherServlet.doDispatch(DispatcherServlet.java:1089) ~[spring-webmvc-6.1.6.jar:6.1.6]
	at org.springframework.web.servlet.DispatcherServlet.doService(DispatcherServlet.java:979) ~[spring-webmvc-6.1.6.jar:6.1.6]
	at org.springframework.web.servlet.FrameworkServlet.processRequest(FrameworkServlet.java:1014) ~[spring-webmvc-6.1.6.jar:6.1.6]
	at org.springframework.web.servlet.FrameworkServlet.doPost(FrameworkServlet.java:914) ~[spring-webmvc-6.1.6.jar:6.1.6]
	at jakarta.servlet.http.HttpServlet.service(HttpServlet.java:590) ~[tomcat-embed-core-10.1.20.jar:6.0]
	at org.springframework.web.servlet.FrameworkServlet.service(FrameworkServlet.java:885) ~[spring-webmvc-6.1.6.jar:6.1.6]
	at jakarta.servlet.http.HttpServlet.service(HttpServlet.java:658) ~[tomcat-embed-core-10.1.20.jar:6.0]
	at org.apache.catalina.core.ApplicationFilterChain.internalDoFilter(ApplicationFilterChain.java:206) ~[tomcat-embed-core-10.1.20.jar:10.1.20]
	at org.apache.catalina.core.ApplicationFilterChain.doFilter(ApplicationFilterChain.java:150) ~[tomcat-embed-core-10.1.20.jar:10.1.20]
	at org.apache.tomcat.websocket.server.WsFilter.doFilter(WsFilter.java:51) ~[tomcat-embed-websocket-10.1.20.jar:10.1.20]
	at org.apache.catalina.core.ApplicationFilterChain.internalDoFilter(ApplicationFilterChain.java:175) ~[tomcat-embed-core-10.1.20.jar:10.1.20]
	at org.apache.catalina.core.ApplicationFilterChain.doFilter(ApplicationFilterChain.java:150) ~[tomcat-embed-core-10.1.20.jar:10.1.20]
	at org.springframework.web.filter.OncePerRequestFilter.doFilter(OncePerRequestFilter.java:110) ~[spring-web-6.1.6.jar:6.1.6]
	at org.apache.catalina.core.ApplicationFilterChain.internalDoFilter(ApplicationFilterChain.java:175) ~[tomcat-embed-core-10.1.20.jar:10.1.20]
	at org.apache.catalina.core.ApplicationFilterChain.doFilter(ApplicationFilterChain.java:150) ~[tomcat-embed-core-10.1.20.jar:10.1.20]
	at org.springframework.web.filter.CompositeFilter$VirtualFilterChain.doFilter(CompositeFilter.java:108) ~[spring-web-6.1.6.jar:6.1.6]
	at org.springframework.security.web.FilterChainProxy.lambda$doFilterInternal$3(FilterChainProxy.java:231) ~[spring-security-web-6.2.4.jar:6.2.4]
	at org.springframework.security.web.ObservationFilterChainDecorator$FilterObservation$SimpleFilterObservation.lambda$wrap$1(ObservationFilterChainDecorator.java:479) ~[spring-security-web-6.2.4.jar:6.2.4]
	at org.springframework.security.web.ObservationFilterChainDecorator$AroundFilterObservation$SimpleAroundFilterObservation.lambda$wrap$1(ObservationFilterChainDecorator.java:340) ~[spring-security-web-6.2.4.jar:6.2.4]
	at org.springframework.security.web.ObservationFilterChainDecorator.lambda$wrapSecured$0(ObservationFilterChainDecorator.java:82) ~[spring-security-web-6.2.4.jar:6.2.4]
	at org.springframework.security.web.ObservationFilterChainDecorator$VirtualFilterChain.doFilter(ObservationFilterChainDecorator.java:128) ~[spring-security-web-6.2.4.jar:6.2.4]
	at org.springframework.security.web.access.intercept.AuthorizationFilter.doFilter(AuthorizationFilter.java:100) ~[spring-security-web-6.2.4.jar:6.2.4]
	at org.springframework.security.web.ObservationFilterChainDecorator$ObservationFilter.wrapFilter(ObservationFilterChainDecorator.java:240) ~[spring-security-web-6.2.4.jar:6.2.4]
	at org.springframework.security.web.ObservationFilterChainDecorator$ObservationFilter.doFilter(ObservationFilterChainDecorator.java:227) ~[spring-security-web-6.2.4.jar:6.2.4]
	at org.springframework.security.web.ObservationFilterChainDecorator$VirtualFilterChain.doFilter(ObservationFilterChainDecorator.java:137) ~[spring-security-web-6.2.4.jar:6.2.4]
	at org.springframework.security.web.access.ExceptionTranslationFilter.doFilter(ExceptionTranslationFilter.java:126) ~[spring-security-web-6.2.4.jar:6.2.4]
	at org.springframework.security.web.access.ExceptionTranslationFilter.doFilter(ExceptionTranslationFilter.java:120) ~[spring-security-web-6.2.4.jar:6.2.4]
	at org.springframework.security.web.ObservationFilterChainDecorator$ObservationFilter.wrapFilter(ObservationFilterChainDecorator.java:240) ~[spring-security-web-6.2.4.jar:6.2.4]
	at org.springframework.security.web.ObservationFilterChainDecorator$ObservationFilter.doFilter(ObservationFilterChainDecorator.java:227) ~[spring-security-web-6.2.4.jar:6.2.4]
	at org.springframework.security.web.ObservationFilterChainDecorator$VirtualFilterChain.doFilter(ObservationFilterChainDecorator.java:137) ~[spring-security-web-6.2.4.jar:6.2.4]
	at org.springframework.security.web.session.SessionManagementFilter.doFilter(SessionManagementFilter.java:131) ~[spring-security-web-6.2.4.jar:6.2.4]
	at org.springframework.security.web.session.SessionManagementFilter.doFilter(SessionManagementFilter.java:85) ~[spring-security-web-6.2.4.jar:6.2.4]
	at org.springframework.security.web.ObservationFilterChainDecorator$ObservationFilter.wrapFilter(ObservationFilterChainDecorator.java:240) ~[spring-security-web-6.2.4.jar:6.2.4]
	at org.springframework.security.web.ObservationFilterChainDecorator$ObservationFilter.doFilter(ObservationFilterChainDecorator.java:227) ~[spring-security-web-6.2.4.jar:6.2.4]
	at org.springframework.security.web.ObservationFilterChainDecorator$VirtualFilterChain.doFilter(ObservationFilterChainDecorator.java:137) ~[spring-security-web-6.2.4.jar:6.2.4]
	at org.springframework.security.web.authentication.AnonymousAuthenticationFilter.doFilter(AnonymousAuthenticationFilter.java:100) ~[spring-security-web-6.2.4.jar:6.2.4]
	at org.springframework.security.web.ObservationFilterChainDecorator$ObservationFilter.wrapFilter(ObservationFilterChainDecorator.java:240) ~[spring-security-web-6.2.4.jar:6.2.4]
	at org.springframework.security.web.ObservationFilterChainDecorator$ObservationFilter.doFilter(ObservationFilterChainDecorator.java:227) ~[spring-security-web-6.2.4.jar:6.2.4]
	at org.springframework.security.web.ObservationFilterChainDecorator$VirtualFilterChain.doFilter(ObservationFilterChainDecorator.java:137) ~[spring-security-web-6.2.4.jar:6.2.4]
	at org.springframework.security.web.servletapi.SecurityContextHolderAwareRequestFilter.doFilter(SecurityContextHolderAwareRequestFilter.java:179) ~[spring-security-web-6.2.4.jar:6.2.4]
	at org.springframework.security.web.ObservationFilterChainDecorator$ObservationFilter.wrapFilter(ObservationFilterChainDecorator.java:240) ~[spring-security-web-6.2.4.jar:6.2.4]
	at org.springframework.security.web.ObservationFilterChainDecorator$ObservationFilter.doFilter(ObservationFilterChainDecorator.java:227) ~[spring-security-web-6.2.4.jar:6.2.4]
	at org.springframework.security.web.ObservationFilterChainDecorator$VirtualFilterChain.doFilter(ObservationFilterChainDecorator.java:137) ~[spring-security-web-6.2.4.jar:6.2.4]
	at org.springframework.security.web.savedrequest.RequestCacheAwareFilter.doFilter(RequestCacheAwareFilter.java:63) ~[spring-security-web-6.2.4.jar:6.2.4]
	at org.springframework.security.web.ObservationFilterChainDecorator$ObservationFilter.wrapFilter(ObservationFilterChainDecorator.java:240) ~[spring-security-web-6.2.4.jar:6.2.4]
	at org.springframework.security.web.ObservationFilterChainDecorator$ObservationFilter.doFilter(ObservationFilterChainDecorator.java:227) ~[spring-security-web-6.2.4.jar:6.2.4]
	at org.springframework.security.web.ObservationFilterChainDecorator$VirtualFilterChain.doFilter(ObservationFilterChainDecorator.java:137) ~[spring-security-web-6.2.4.jar:6.2.4]
	at com.classmanager.cms_backend.security.jwt.JwtAuthenticationFilter.doFilterInternal(JwtAuthenticationFilter.java:47) ~[classes/:?]
	at org.springframework.web.filter.OncePerRequestFilter.doFilter(OncePerRequestFilter.java:116) ~[spring-web-6.1.6.jar:6.1.6]
	at org.springframework.security.web.ObservationFilterChainDecorator$ObservationFilter.wrapFilter(ObservationFilterChainDecorator.java:240) ~[spring-security-web-6.2.4.jar:6.2.4]
	at org.springframework.security.web.ObservationFilterChainDecorator$ObservationFilter.doFilter(ObservationFilterChainDecorator.java:227) ~[spring-security-web-6.2.4.jar:6.2.4]
	at org.springframework.security.web.ObservationFilterChainDecorator$VirtualFilterChain.doFilter(ObservationFilterChainDecorator.java:137) ~[spring-security-web-6.2.4.jar:6.2.4]
	at org.springframework.security.web.authentication.logout.LogoutFilter.doFilter(LogoutFilter.java:107) ~[spring-security-web-6.2.4.jar:6.2.4]
	at org.springframework.security.web.authentication.logout.LogoutFilter.doFilter(LogoutFilter.java:93) ~[spring-security-web-6.2.4.jar:6.2.4]
	at org.springframework.security.web.ObservationFilterChainDecorator$ObservationFilter.wrapFilter(ObservationFilterChainDecorator.java:240) ~[spring-security-web-6.2.4.jar:6.2.4]
	at org.springframework.security.web.ObservationFilterChainDecorator$ObservationFilter.doFilter(ObservationFilterChainDecorator.java:227) ~[spring-security-web-6.2.4.jar:6.2.4]
	at org.springframework.security.web.ObservationFilterChainDecorator$VirtualFilterChain.doFilter(ObservationFilterChainDecorator.java:137) ~[spring-security-web-6.2.4.jar:6.2.4]
	at org.springframework.web.filter.CorsFilter.doFilterInternal(CorsFilter.java:91) ~[spring-web-6.1.6.jar:6.1.6]
	at org.springframework.web.filter.OncePerRequestFilter.doFilter(OncePerRequestFilter.java:116) ~[spring-web-6.1.6.jar:6.1.6]
	at org.springframework.security.web.ObservationFilterChainDecorator$ObservationFilter.wrapFilter(ObservationFilterChainDecorator.java:240) ~[spring-security-web-6.2.4.jar:6.2.4]
	at org.springframework.security.web.ObservationFilterChainDecorator$ObservationFilter.doFilter(ObservationFilterChainDecorator.java:227) ~[spring-security-web-6.2.4.jar:6.2.4]
	at org.springframework.security.web.ObservationFilterChainDecorator$VirtualFilterChain.doFilter(ObservationFilterChainDecorator.java:137) ~[spring-security-web-6.2.4.jar:6.2.4]
	at org.springframework.security.web.header.HeaderWriterFilter.doHeadersAfter(HeaderWriterFilter.java:90) ~[spring-security-web-6.2.4.jar:6.2.4]
	at org.springframework.security.web.header.HeaderWriterFilter.doFilterInternal(HeaderWriterFilter.java:75) ~[spring-security-web-6.2.4.jar:6.2.4]
	at org.springframework.web.filter.OncePerRequestFilter.doFilter(OncePerRequestFilter.java:116) ~[spring-web-6.1.6.jar:6.1.6]
	at org.springframework.security.web.ObservationFilterChainDecorator$ObservationFilter.wrapFilter(ObservationFilterChainDecorator.java:240) ~[spring-security-web-6.2.4.jar:6.2.4]
	at org.springframework.security.web.ObservationFilterChainDecorator$ObservationFilter.doFilter(ObservationFilterChainDecorator.java:227) ~[spring-security-web-6.2.4.jar:6.2.4]
	at org.springframework.security.web.ObservationFilterChainDecorator$VirtualFilterChain.doFilter(ObservationFilterChainDecorator.java:137) ~[spring-security-web-6.2.4.jar:6.2.4]
	at org.springframework.security.web.context.SecurityContextHolderFilter.doFilter(SecurityContextHolderFilter.java:82) ~[spring-security-web-6.2.4.jar:6.2.4]
	at org.springframework.security.web.context.SecurityContextHolderFilter.doFilter(SecurityContextHolderFilter.java:69) ~[spring-security-web-6.2.4.jar:6.2.4]
	at org.springframework.security.web.ObservationFilterChainDecorator$ObservationFilter.wrapFilter(ObservationFilterChainDecorator.java:240) ~[spring-security-web-6.2.4.jar:6.2.4]
	at org.springframework.security.web.ObservationFilterChainDecorator$ObservationFilter.doFilter(ObservationFilterChainDecorator.java:227) ~[spring-security-web-6.2.4.jar:6.2.4]
	at org.springframework.security.web.ObservationFilterChainDecorator$VirtualFilterChain.doFilter(ObservationFilterChainDecorator.java:137) ~[spring-security-web-6.2.4.jar:6.2.4]
	at org.springframework.security.web.context.request.async.WebAsyncManagerIntegrationFilter.doFilterInternal(WebAsyncManagerIntegrationFilter.java:62) ~[spring-security-web-6.2.4.jar:6.2.4]
	at org.springframework.web.filter.OncePerRequestFilter.doFilter(OncePerRequestFilter.java:116) ~[spring-web-6.1.6.jar:6.1.6]
	at org.springframework.security.web.ObservationFilterChainDecorator$ObservationFilter.wrapFilter(ObservationFilterChainDecorator.java:240) ~[spring-security-web-6.2.4.jar:6.2.4]
	at org.springframework.security.web.ObservationFilterChainDecorator$ObservationFilter.doFilter(ObservationFilterChainDecorator.java:227) ~[spring-security-web-6.2.4.jar:6.2.4]
	at org.springframework.security.web.ObservationFilterChainDecorator$VirtualFilterChain.doFilter(ObservationFilterChainDecorator.java:137) ~[spring-security-web-6.2.4.jar:6.2.4]
	at org.springframework.security.web.session.DisableEncodeUrlFilter.doFilterInternal(DisableEncodeUrlFilter.java:42) ~[spring-security-web-6.2.4.jar:6.2.4]
	at org.springframework.web.filter.OncePerRequestFilter.doFilter(OncePerRequestFilter.java:116) ~[spring-web-6.1.6.jar:6.1.6]
	at org.springframework.security.web.ObservationFilterChainDecorator$ObservationFilter.wrapFilter(ObservationFilterChainDecorator.java:240) ~[spring-security-web-6.2.4.jar:6.2.4]
	at org.springframework.security.web.ObservationFilterChainDecorator$AroundFilterObservation$SimpleAroundFilterObservation.lambda$wrap$0(ObservationFilterChainDecorator.java:323) ~[spring-security-web-6.2.4.jar:6.2.4]
	at org.springframework.security.web.ObservationFilterChainDecorator$ObservationFilter.doFilter(ObservationFilterChainDecorator.java:224) ~[spring-security-web-6.2.4.jar:6.2.4]
	at org.springframework.security.web.ObservationFilterChainDecorator$VirtualFilterChain.doFilter(ObservationFilterChainDecorator.java:137) ~[spring-security-web-6.2.4.jar:6.2.4]
	at org.springframework.security.web.FilterChainProxy.doFilterInternal(FilterChainProxy.java:233) ~[spring-security-web-6.2.4.jar:6.2.4]
	at org.springframework.security.web.FilterChainProxy.doFilter(FilterChainProxy.java:191) ~[spring-security-web-6.2.4.jar:6.2.4]
	at org.springframework.web.filter.CompositeFilter$VirtualFilterChain.doFilter(CompositeFilter.java:113) ~[spring-web-6.1.6.jar:6.1.6]
	at org.springframework.web.servlet.handler.HandlerMappingIntrospector.lambda$createCacheFilter$3(HandlerMappingIntrospector.java:195) ~[spring-webmvc-6.1.6.jar:6.1.6]
	at org.springframework.web.filter.CompositeFilter$VirtualFilterChain.doFilter(CompositeFilter.java:113) ~[spring-web-6.1.6.jar:6.1.6]
	at org.springframework.web.filter.CompositeFilter.doFilter(CompositeFilter.java:74) ~[spring-web-6.1.6.jar:6.1.6]
	at org.springframework.security.config.annotation.web.configuration.WebMvcSecurityConfiguration$CompositeFilterChainProxy.doFilter(WebMvcSecurityConfiguration.java:230) ~[spring-security-config-6.2.4.jar:6.2.4]
	at org.springframework.web.filter.DelegatingFilterProxy.invokeDelegate(DelegatingFilterProxy.java:352) ~[spring-web-6.1.6.jar:6.1.6]
	at org.springframework.web.filter.DelegatingFilterProxy.doFilter(DelegatingFilterProxy.java:268) ~[spring-web-6.1.6.jar:6.1.6]
	at org.apache.catalina.core.ApplicationFilterChain.internalDoFilter(ApplicationFilterChain.java:175) ~[tomcat-embed-core-10.1.20.jar:10.1.20]
	at org.apache.catalina.core.ApplicationFilterChain.doFilter(ApplicationFilterChain.java:150) ~[tomcat-embed-core-10.1.20.jar:10.1.20]
	at org.springframework.web.filter.RequestContextFilter.doFilterInternal(RequestContextFilter.java:100) ~[spring-web-6.1.6.jar:6.1.6]
	at org.springframework.web.filter.OncePerRequestFilter.doFilter(OncePerRequestFilter.java:116) ~[spring-web-6.1.6.jar:6.1.6]
	at org.apache.catalina.core.ApplicationFilterChain.internalDoFilter(ApplicationFilterChain.java:175) ~[tomcat-embed-core-10.1.20.jar:10.1.20]
	at org.apache.catalina.core.ApplicationFilterChain.doFilter(ApplicationFilterChain.java:150) ~[tomcat-embed-core-10.1.20.jar:10.1.20]
	at org.springframework.web.filter.FormContentFilter.doFilterInternal(FormContentFilter.java:93) ~[spring-web-6.1.6.jar:6.1.6]
	at org.springframework.web.filter.OncePerRequestFilter.doFilter(OncePerRequestFilter.java:116) ~[spring-web-6.1.6.jar:6.1.6]
	at org.apache.catalina.core.ApplicationFilterChain.internalDoFilter(ApplicationFilterChain.java:175) ~[tomcat-embed-core-10.1.20.jar:10.1.20]
	at org.apache.catalina.core.ApplicationFilterChain.doFilter(ApplicationFilterChain.java:150) ~[tomcat-embed-core-10.1.20.jar:10.1.20]
	at org.springframework.web.filter.ServerHttpObservationFilter.doFilterInternal(ServerHttpObservationFilter.java:109) ~[spring-web-6.1.6.jar:6.1.6]
	at org.springframework.web.filter.OncePerRequestFilter.doFilter(OncePerRequestFilter.java:116) ~[spring-web-6.1.6.jar:6.1.6]
	at org.apache.catalina.core.ApplicationFilterChain.internalDoFilter(ApplicationFilterChain.java:175) ~[tomcat-embed-core-10.1.20.jar:10.1.20]
	at org.apache.catalina.core.ApplicationFilterChain.doFilter(ApplicationFilterChain.java:150) ~[tomcat-embed-core-10.1.20.jar:10.1.20]
	at org.springframework.web.filter.CharacterEncodingFilter.doFilterInternal(CharacterEncodingFilter.java:201) ~[spring-web-6.1.6.jar:6.1.6]
	at org.springframework.web.filter.OncePerRequestFilter.doFilter(OncePerRequestFilter.java:116) ~[spring-web-6.1.6.jar:6.1.6]
	at org.apache.catalina.core.ApplicationFilterChain.internalDoFilter(ApplicationFilterChain.java:175) ~[tomcat-embed-core-10.1.20.jar:10.1.20]
	at org.apache.catalina.core.ApplicationFilterChain.doFilter(ApplicationFilterChain.java:150) ~[tomcat-embed-core-10.1.20.jar:10.1.20]
	at org.apache.catalina.core.StandardWrapperValve.invoke(StandardWrapperValve.java:167) ~[tomcat-embed-core-10.1.20.jar:10.1.20]
	at org.apache.catalina.core.StandardContextValve.invoke(StandardContextValve.java:90) ~[tomcat-embed-core-10.1.20.jar:10.1.20]
	at org.apache.catalina.authenticator.AuthenticatorBase.invoke(AuthenticatorBase.java:482) ~[tomcat-embed-core-10.1.20.jar:10.1.20]
	at org.apache.catalina.core.StandardHostValve.invoke(StandardHostValve.java:115) ~[tomcat-embed-core-10.1.20.jar:10.1.20]
	at org.apache.catalina.valves.ErrorReportValve.invoke(ErrorReportValve.java:93) ~[tomcat-embed-core-10.1.20.jar:10.1.20]
	at org.apache.catalina.core.StandardEngineValve.invoke(StandardEngineValve.java:74) ~[tomcat-embed-core-10.1.20.jar:10.1.20]
	at org.apache.catalina.connector.CoyoteAdapter.service(CoyoteAdapter.java:344) ~[tomcat-embed-core-10.1.20.jar:10.1.20]
	at org.apache.coyote.http11.Http11Processor.service(Http11Processor.java:391) ~[tomcat-embed-core-10.1.20.jar:10.1.20]
	at org.apache.coyote.AbstractProcessorLight.process(AbstractProcessorLight.java:63) ~[tomcat-embed-core-10.1.20.jar:10.1.20]
	at org.apache.coyote.AbstractProtocol$ConnectionHandler.process(AbstractProtocol.java:896) ~[tomcat-embed-core-10.1.20.jar:10.1.20]
	at org.apache.tomcat.util.net.NioEndpoint$SocketProcessor.doRun(NioEndpoint.java:1736) ~[tomcat-embed-core-10.1.20.jar:10.1.20]
	at org.apache.tomcat.util.net.SocketProcessorBase.run(SocketProcessorBase.java:52) ~[tomcat-embed-core-10.1.20.jar:10.1.20]
	at org.apache.tomcat.util.threads.ThreadPoolExecutor.runWorker(ThreadPoolExecutor.java:1191) ~[tomcat-embed-core-10.1.20.jar:10.1.20]
	at org.apache.tomcat.util.threads.ThreadPoolExecutor$Worker.run(ThreadPoolExecutor.java:659) ~[tomcat-embed-core-10.1.20.jar:10.1.20]
	at org.apache.tomcat.util.threads.TaskThread$WrappingRunnable.run(TaskThread.java:63) ~[tomcat-embed-core-10.1.20.jar:10.1.20]
	at java.base/java.lang.Thread.run(Thread.java:1583) [?:?]
Caused by: java.io.FileNotFoundException: class path resource [templates/emails/teacher/teacher-welcome.subject.txt] cannot be opened because it does not exist
	at org.springframework.core.io.ClassPathResource.getInputStream(ClassPathResource.java:215) ~[spring-core-6.1.6.jar:6.1.6]
	at com.classmanager.cms_backend.service.EmailTemplateService.loadTemplate(EmailTemplateService.java:40) ~[classes/:?]
	... 163 more
[ERROR] 2026-04-02 16:40:48.713 [http-nio-8095-exec-4] batch - HHH100501: Exception executing batch [java.sql.BatchUpdateException: Batch entry 0 insert into users (branch_id,created_at,email,failed_login_attempts,fcm_token,full_name,is_active,is_deleted,last_login_at,locked_until,password_hash,password_reset_expires_at,password_reset_token,phone,tenant_id,updated_at,id) values (('b487b4b2-a5d5-40c4-a092-997affc802cf'::uuid),('2026-04-02 16:40:48.695574+05:30'),('golepratik862000+1@gmail.com'),('0'::int4),(NULL),('Rohit Sharma'),('TRUE'::boolean),('FALSE'::boolean),(NULL),(NULL),('$2a$12$ycwrk5oY/VLigCJtVvxKR.dJHBjj9sU80OoubuSINMz56Rcie2bxC'),(NULL),(NULL),('9876543211'),('11054d8e-2aa8-445f-a876-9eac82a8bf5e'::uuid),('2026-04-02 16:40:48.695574+05:30'),('c03e38fc-6452-4f94-9a1a-e68ec9010524'::uuid)) was aborted: ERROR: null value in column "role" of relation "users" violates not-null constraint
  Detail: Failing row contains (c03e38fc-6452-4f94-9a1a-e68ec9010524, 2026-04-02 16:40:48.695574, f, 11054d8e-2aa8-445f-a876-9eac82a8bf5e, 2026-04-02 16:40:48.695574, golepratik862000+1@gmail.com, 0, null, Rohit Sharma, t, null, null, $2a$12$ycwrk5oY/VLigCJtVvxKR.dJHBjj9sU80OoubuSINMz56Rcie2bxC, null, null, 9876543211, null, b487b4b2-a5d5-40c4-a092-997affc802cf).  Call getNextException to see other errors in the batch.], SQL: insert into users (branch_id,created_at,email,failed_login_attempts,fcm_token,full_name,is_active,is_deleted,last_login_at,locked_until,password_hash,password_reset_expires_at,password_reset_token,phone,tenant_id,updated_at,id) values (?,?,?,?,?,?,?,?,?,?,?,?,?,?,?,?,?)
[ERROR] 2026-04-02 16:40:48.713 [http-nio-8095-exec-4] SqlExceptionHelper - Batch entry 0 insert into users (branch_id,created_at,email,failed_login_attempts,fcm_token,full_name,is_active,is_deleted,last_login_at,locked_until,password_hash,password_reset_expires_at,password_reset_token,phone,tenant_id,updated_at,id) values (('b487b4b2-a5d5-40c4-a092-997affc802cf'::uuid),('2026-04-02 16:40:48.695574+05:30'),('golepratik862000+1@gmail.com'),('0'::int4),(NULL),('Rohit Sharma'),('TRUE'::boolean),('FALSE'::boolean),(NULL),(NULL),('$2a$12$ycwrk5oY/VLigCJtVvxKR.dJHBjj9sU80OoubuSINMz56Rcie2bxC'),(NULL),(NULL),('9876543211'),('11054d8e-2aa8-445f-a876-9eac82a8bf5e'::uuid),('2026-04-02 16:40:48.695574+05:30'),('c03e38fc-6452-4f94-9a1a-e68ec9010524'::uuid)) was aborted: ERROR: null value in column "role" of relation "users" violates not-null constraint
  Detail: Failing row contains (c03e38fc-6452-4f94-9a1a-e68ec9010524, 2026-04-02 16:40:48.695574, f, 11054d8e-2aa8-445f-a876-9eac82a8bf5e, 2026-04-02 16:40:48.695574, golepratik862000+1@gmail.com, 0, null, Rohit Sharma, t, null, null, $2a$12$ycwrk5oY/VLigCJtVvxKR.dJHBjj9sU80OoubuSINMz56Rcie2bxC, null, null, 9876543211, null, b487b4b2-a5d5-40c4-a092-997affc802cf).  Call getNextException to see other errors in the batch.
[ERROR] 2026-04-02 16:40:48.713 [http-nio-8095-exec-4] SqlExceptionHelper - ERROR: null value in column "role" of relation "users" violates not-null constraint
  Detail: Failing row contains (c03e38fc-6452-4f94-9a1a-e68ec9010524, 2026-04-02 16:40:48.695574, f, 11054d8e-2aa8-445f-a876-9eac82a8bf5e, 2026-04-02 16:40:48.695574, golepratik862000+1@gmail.com, 0, null, Rohit Sharma, t, null, null, $2a$12$ycwrk5oY/VLigCJtVvxKR.dJHBjj9sU80OoubuSINMz56Rcie2bxC, null, null, 9876543211, null, b487b4b2-a5d5-40c4-a092-997affc802cf).
[ERROR] 2026-04-02 16:40:48.729 [http-nio-8095-exec-4] GlobalExceptionHandler - Unexpected error: could not execute batch [Batch entry 0 insert into users (branch_id,created_at,email,failed_login_attempts,fcm_token,full_name,is_active,is_deleted,last_login_at,locked_until,password_hash,password_reset_expires_at,password_reset_token,phone,tenant_id,updated_at,id) values (('b487b4b2-a5d5-40c4-a092-997affc802cf'::uuid),('2026-04-02 16:40:48.695574+05:30'),('golepratik862000+1@gmail.com'),('0'::int4),(NULL),('Rohit Sharma'),('TRUE'::boolean),('FALSE'::boolean),(NULL),(NULL),('$2a$12$ycwrk5oY/VLigCJtVvxKR.dJHBjj9sU80OoubuSINMz56Rcie2bxC'),(NULL),(NULL),('9876543211'),('11054d8e-2aa8-445f-a876-9eac82a8bf5e'::uuid),('2026-04-02 16:40:48.695574+05:30'),('c03e38fc-6452-4f94-9a1a-e68ec9010524'::uuid)) was aborted: ERROR: null value in column "role" of relation "users" violates not-null constraint
  Detail: Failing row contains (c03e38fc-6452-4f94-9a1a-e68ec9010524, 2026-04-02 16:40:48.695574, f, 11054d8e-2aa8-445f-a876-9eac82a8bf5e, 2026-04-02 16:40:48.695574, golepratik862000+1@gmail.com, 0, null, Rohit Sharma, t, null, null, $2a$12$ycwrk5oY/VLigCJtVvxKR.dJHBjj9sU80OoubuSINMz56Rcie2bxC, null, null, 9876543211, null, b487b4b2-a5d5-40c4-a092-997affc802cf).  Call getNextException to see other errors in the batch.] [insert into users (branch_id,created_at,email,failed_login_attempts,fcm_token,full_name,is_active,is_deleted,last_login_at,locked_until,password_hash,password_reset_expires_at,password_reset_token,phone,tenant_id,updated_at,id) values (?,?,?,?,?,?,?,?,?,?,?,?,?,?,?,?,?)]; SQL [insert into users (branch_id,created_at,email,failed_login_attempts,fcm_token,full_name,is_active,is_deleted,last_login_at,locked_until,password_hash,password_reset_expires_at,password_reset_token,phone,tenant_id,updated_at,id) values (?,?,?,?,?,?,?,?,?,?,?,?,?,?,?,?,?)]; constraint [role" of relation "users]
org.springframework.dao.DataIntegrityViolationException: could not execute batch [Batch entry 0 insert into users (branch_id,created_at,email,failed_login_attempts,fcm_token,full_name,is_active,is_deleted,last_login_at,locked_until,password_hash,password_reset_expires_at,password_reset_token,phone,tenant_id,updated_at,id) values (('b487b4b2-a5d5-40c4-a092-997affc802cf'::uuid),('2026-04-02 16:40:48.695574+05:30'),('golepratik862000+1@gmail.com'),('0'::int4),(NULL),('Rohit Sharma'),('TRUE'::boolean),('FALSE'::boolean),(NULL),(NULL),('$2a$12$ycwrk5oY/VLigCJtVvxKR.dJHBjj9sU80OoubuSINMz56Rcie2bxC'),(NULL),(NULL),('9876543211'),('11054d8e-2aa8-445f-a876-9eac82a8bf5e'::uuid),('2026-04-02 16:40:48.695574+05:30'),('c03e38fc-6452-4f94-9a1a-e68ec9010524'::uuid)) was aborted: ERROR: null value in column "role" of relation "users" violates not-null constraint
  Detail: Failing row contains (c03e38fc-6452-4f94-9a1a-e68ec9010524, 2026-04-02 16:40:48.695574, f, 11054d8e-2aa8-445f-a876-9eac82a8bf5e, 2026-04-02 16:40:48.695574, golepratik862000+1@gmail.com, 0, null, Rohit Sharma, t, null, null, $2a$12$ycwrk5oY/VLigCJtVvxKR.dJHBjj9sU80OoubuSINMz56Rcie2bxC, null, null, 9876543211, null, b487b4b2-a5d5-40c4-a092-997affc802cf).  Call getNextException to see other errors in the batch.] [insert into users (branch_id,created_at,email,failed_login_attempts,fcm_token,full_name,is_active,is_deleted,last_login_at,locked_until,password_hash,password_reset_expires_at,password_reset_token,phone,tenant_id,updated_at,id) values (?,?,?,?,?,?,?,?,?,?,?,?,?,?,?,?,?)]; SQL [insert into users (branch_id,created_at,email,failed_login_attempts,fcm_token,full_name,is_active,is_deleted,last_login_at,locked_until,password_hash,password_reset_expires_at,password_reset_token,phone,tenant_id,updated_at,id) values (?,?,?,?,?,?,?,?,?,?,?,?,?,?,?,?,?)]; constraint [role" of relation "users]
	at org.springframework.orm.jpa.vendor.HibernateJpaDialect.convertHibernateAccessException(HibernateJpaDialect.java:290) ~[spring-orm-6.1.6.jar:6.1.6]
	at org.springframework.orm.jpa.vendor.HibernateJpaDialect.translateExceptionIfPossible(HibernateJpaDialect.java:241) ~[spring-orm-6.1.6.jar:6.1.6]
	at org.springframework.orm.jpa.JpaTransactionManager.doCommit(JpaTransactionManager.java:566) ~[spring-orm-6.1.6.jar:6.1.6]
	at org.springframework.transaction.support.AbstractPlatformTransactionManager.processCommit(AbstractPlatformTransactionManager.java:794) ~[spring-tx-6.1.6.jar:6.1.6]
	at org.springframework.transaction.support.AbstractPlatformTransactionManager.commit(AbstractPlatformTransactionManager.java:757) ~[spring-tx-6.1.6.jar:6.1.6]
	at org.springframework.transaction.interceptor.TransactionAspectSupport.commitTransactionAfterReturning(TransactionAspectSupport.java:676) ~[spring-tx-6.1.6.jar:6.1.6]
	at org.springframework.transaction.interceptor.TransactionAspectSupport.invokeWithinTransaction(TransactionAspectSupport.java:426) ~[spring-tx-6.1.6.jar:6.1.6]
	at org.springframework.transaction.interceptor.TransactionInterceptor.invoke(TransactionInterceptor.java:119) ~[spring-tx-6.1.6.jar:6.1.6]
	at org.springframework.aop.framework.ReflectiveMethodInvocation.proceed(ReflectiveMethodInvocation.java:184) ~[spring-aop-6.1.6.jar:6.1.6]
	at org.springframework.aop.framework.CglibAopProxy$CglibMethodInvocation.proceed(CglibAopProxy.java:768) ~[spring-aop-6.1.6.jar:6.1.6]
	at org.springframework.aop.framework.CglibAopProxy$DynamicAdvisedInterceptor.intercept(CglibAopProxy.java:720) ~[spring-aop-6.1.6.jar:6.1.6]
	at com.classmanager.cms_backend.service.UserManagementService$$SpringCGLIB$$0.createTeacher(<generated>) ~[classes/:?]
	at com.classmanager.cms_backend.controller.UserController.createTeacher(UserController.java:88) ~[classes/:?]
	at java.base/jdk.internal.reflect.DirectMethodHandleAccessor.invoke(DirectMethodHandleAccessor.java:103) ~[?:?]
	at java.base/java.lang.reflect.Method.invoke(Method.java:580) ~[?:?]
	at org.springframework.aop.support.AopUtils.invokeJoinpointUsingReflection(AopUtils.java:354) ~[spring-aop-6.1.6.jar:6.1.6]
	at org.springframework.aop.framework.ReflectiveMethodInvocation.invokeJoinpoint(ReflectiveMethodInvocation.java:196) ~[spring-aop-6.1.6.jar:6.1.6]
	at org.springframework.aop.framework.ReflectiveMethodInvocation.proceed(ReflectiveMethodInvocation.java:163) ~[spring-aop-6.1.6.jar:6.1.6]
	at org.springframework.aop.framework.CglibAopProxy$CglibMethodInvocation.proceed(CglibAopProxy.java:768) ~[spring-aop-6.1.6.jar:6.1.6]
	at org.springframework.security.authorization.method.AuthorizationManagerBeforeMethodInterceptor.invoke(AuthorizationManagerBeforeMethodInterceptor.java:198) ~[spring-security-core-6.2.4.jar:6.2.4]
	at org.springframework.aop.framework.ReflectiveMethodInvocation.proceed(ReflectiveMethodInvocation.java:184) ~[spring-aop-6.1.6.jar:6.1.6]
	at org.springframework.aop.framework.CglibAopProxy$CglibMethodInvocation.proceed(CglibAopProxy.java:768) ~[spring-aop-6.1.6.jar:6.1.6]
	at org.springframework.aop.framework.CglibAopProxy$DynamicAdvisedInterceptor.intercept(CglibAopProxy.java:720) ~[spring-aop-6.1.6.jar:6.1.6]
	at com.classmanager.cms_backend.controller.UserController$$SpringCGLIB$$0.createTeacher(<generated>) ~[classes/:?]
	at java.base/jdk.internal.reflect.DirectMethodHandleAccessor.invoke(DirectMethodHandleAccessor.java:103) ~[?:?]
	at java.base/java.lang.reflect.Method.invoke(Method.java:580) ~[?:?]
	at org.springframework.web.method.support.InvocableHandlerMethod.doInvoke(InvocableHandlerMethod.java:255) ~[spring-web-6.1.6.jar:6.1.6]
	at org.springframework.web.method.support.InvocableHandlerMethod.invokeForRequest(InvocableHandlerMethod.java:188) ~[spring-web-6.1.6.jar:6.1.6]
	at org.springframework.web.servlet.mvc.method.annotation.ServletInvocableHandlerMethod.invokeAndHandle(ServletInvocableHandlerMethod.java:118) ~[spring-webmvc-6.1.6.jar:6.1.6]
	at org.springframework.web.servlet.mvc.method.annotation.RequestMappingHandlerAdapter.invokeHandlerMethod(RequestMappingHandlerAdapter.java:926) ~[spring-webmvc-6.1.6.jar:6.1.6]
	at org.springframework.web.servlet.mvc.method.annotation.RequestMappingHandlerAdapter.handleInternal(RequestMappingHandlerAdapter.java:831) ~[spring-webmvc-6.1.6.jar:6.1.6]
	at org.springframework.web.servlet.mvc.method.AbstractHandlerMethodAdapter.handle(AbstractHandlerMethodAdapter.java:87) ~[spring-webmvc-6.1.6.jar:6.1.6]
	at org.springframework.web.servlet.DispatcherServlet.doDispatch(DispatcherServlet.java:1089) ~[spring-webmvc-6.1.6.jar:6.1.6]
	at org.springframework.web.servlet.DispatcherServlet.doService(DispatcherServlet.java:979) ~[spring-webmvc-6.1.6.jar:6.1.6]
	at org.springframework.web.servlet.FrameworkServlet.processRequest(FrameworkServlet.java:1014) ~[spring-webmvc-6.1.6.jar:6.1.6]
	at org.springframework.web.servlet.FrameworkServlet.doPost(FrameworkServlet.java:914) ~[spring-webmvc-6.1.6.jar:6.1.6]
	at jakarta.servlet.http.HttpServlet.service(HttpServlet.java:590) ~[tomcat-embed-core-10.1.20.jar:6.0]
	at org.springframework.web.servlet.FrameworkServlet.service(FrameworkServlet.java:885) ~[spring-webmvc-6.1.6.jar:6.1.6]
	at jakarta.servlet.http.HttpServlet.service(HttpServlet.java:658) ~[tomcat-embed-core-10.1.20.jar:6.0]
	at org.apache.catalina.core.ApplicationFilterChain.internalDoFilter(ApplicationFilterChain.java:206) ~[tomcat-embed-core-10.1.20.jar:10.1.20]
	at org.apache.catalina.core.ApplicationFilterChain.doFilter(ApplicationFilterChain.java:150) ~[tomcat-embed-core-10.1.20.jar:10.1.20]
	at org.apache.tomcat.websocket.server.WsFilter.doFilter(WsFilter.java:51) ~[tomcat-embed-websocket-10.1.20.jar:10.1.20]
	at org.apache.catalina.core.ApplicationFilterChain.internalDoFilter(ApplicationFilterChain.java:175) ~[tomcat-embed-core-10.1.20.jar:10.1.20]
	at org.apache.catalina.core.ApplicationFilterChain.doFilter(ApplicationFilterChain.java:150) ~[tomcat-embed-core-10.1.20.jar:10.1.20]
	at org.springframework.web.filter.OncePerRequestFilter.doFilter(OncePerRequestFilter.java:110) ~[spring-web-6.1.6.jar:6.1.6]
	at org.apache.catalina.core.ApplicationFilterChain.internalDoFilter(ApplicationFilterChain.java:175) ~[tomcat-embed-core-10.1.20.jar:10.1.20]
	at org.apache.catalina.core.ApplicationFilterChain.doFilter(ApplicationFilterChain.java:150) ~[tomcat-embed-core-10.1.20.jar:10.1.20]
	at org.springframework.web.filter.CompositeFilter$VirtualFilterChain.doFilter(CompositeFilter.java:108) ~[spring-web-6.1.6.jar:6.1.6]
	at org.springframework.security.web.FilterChainProxy.lambda$doFilterInternal$3(FilterChainProxy.java:231) ~[spring-security-web-6.2.4.jar:6.2.4]
	at org.springframework.security.web.ObservationFilterChainDecorator$FilterObservation$SimpleFilterObservation.lambda$wrap$1(ObservationFilterChainDecorator.java:479) ~[spring-security-web-6.2.4.jar:6.2.4]
	at org.springframework.security.web.ObservationFilterChainDecorator$AroundFilterObservation$SimpleAroundFilterObservation.lambda$wrap$1(ObservationFilterChainDecorator.java:340) ~[spring-security-web-6.2.4.jar:6.2.4]
	at org.springframework.security.web.ObservationFilterChainDecorator.lambda$wrapSecured$0(ObservationFilterChainDecorator.java:82) ~[spring-security-web-6.2.4.jar:6.2.4]
	at org.springframework.security.web.ObservationFilterChainDecorator$VirtualFilterChain.doFilter(ObservationFilterChainDecorator.java:128) ~[spring-security-web-6.2.4.jar:6.2.4]
	at org.springframework.security.web.access.intercept.AuthorizationFilter.doFilter(AuthorizationFilter.java:100) ~[spring-security-web-6.2.4.jar:6.2.4]
	at org.springframework.security.web.ObservationFilterChainDecorator$ObservationFilter.wrapFilter(ObservationFilterChainDecorator.java:240) ~[spring-security-web-6.2.4.jar:6.2.4]
	at org.springframework.security.web.ObservationFilterChainDecorator$ObservationFilter.doFilter(ObservationFilterChainDecorator.java:227) ~[spring-security-web-6.2.4.jar:6.2.4]
	at org.springframework.security.web.ObservationFilterChainDecorator$VirtualFilterChain.doFilter(ObservationFilterChainDecorator.java:137) ~[spring-security-web-6.2.4.jar:6.2.4]
	at org.springframework.security.web.access.ExceptionTranslationFilter.doFilter(ExceptionTranslationFilter.java:126) ~[spring-security-web-6.2.4.jar:6.2.4]
	at org.springframework.security.web.access.ExceptionTranslationFilter.doFilter(ExceptionTranslationFilter.java:120) ~[spring-security-web-6.2.4.jar:6.2.4]
	at org.springframework.security.web.ObservationFilterChainDecorator$ObservationFilter.wrapFilter(ObservationFilterChainDecorator.java:240) ~[spring-security-web-6.2.4.jar:6.2.4]
	at org.springframework.security.web.ObservationFilterChainDecorator$ObservationFilter.doFilter(ObservationFilterChainDecorator.java:227) ~[spring-security-web-6.2.4.jar:6.2.4]
	at org.springframework.security.web.ObservationFilterChainDecorator$VirtualFilterChain.doFilter(ObservationFilterChainDecorator.java:137) ~[spring-security-web-6.2.4.jar:6.2.4]
	at org.springframework.security.web.session.SessionManagementFilter.doFilter(SessionManagementFilter.java:131) ~[spring-security-web-6.2.4.jar:6.2.4]
	at org.springframework.security.web.session.SessionManagementFilter.doFilter(SessionManagementFilter.java:85) ~[spring-security-web-6.2.4.jar:6.2.4]
	at org.springframework.security.web.ObservationFilterChainDecorator$ObservationFilter.wrapFilter(ObservationFilterChainDecorator.java:240) ~[spring-security-web-6.2.4.jar:6.2.4]
	at org.springframework.security.web.ObservationFilterChainDecorator$ObservationFilter.doFilter(ObservationFilterChainDecorator.java:227) ~[spring-security-web-6.2.4.jar:6.2.4]
	at org.springframework.security.web.ObservationFilterChainDecorator$VirtualFilterChain.doFilter(ObservationFilterChainDecorator.java:137) ~[spring-security-web-6.2.4.jar:6.2.4]
	at org.springframework.security.web.authentication.AnonymousAuthenticationFilter.doFilter(AnonymousAuthenticationFilter.java:100) ~[spring-security-web-6.2.4.jar:6.2.4]
	at org.springframework.security.web.ObservationFilterChainDecorator$ObservationFilter.wrapFilter(ObservationFilterChainDecorator.java:240) ~[spring-security-web-6.2.4.jar:6.2.4]
	at org.springframework.security.web.ObservationFilterChainDecorator$ObservationFilter.doFilter(ObservationFilterChainDecorator.java:227) ~[spring-security-web-6.2.4.jar:6.2.4]
	at org.springframework.security.web.ObservationFilterChainDecorator$VirtualFilterChain.doFilter(ObservationFilterChainDecorator.java:137) ~[spring-security-web-6.2.4.jar:6.2.4]
	at org.springframework.security.web.servletapi.SecurityContextHolderAwareRequestFilter.doFilter(SecurityContextHolderAwareRequestFilter.java:179) ~[spring-security-web-6.2.4.jar:6.2.4]
	at org.springframework.security.web.ObservationFilterChainDecorator$ObservationFilter.wrapFilter(ObservationFilterChainDecorator.java:240) ~[spring-security-web-6.2.4.jar:6.2.4]
	at org.springframework.security.web.ObservationFilterChainDecorator$ObservationFilter.doFilter(ObservationFilterChainDecorator.java:227) ~[spring-security-web-6.2.4.jar:6.2.4]
	at org.springframework.security.web.ObservationFilterChainDecorator$VirtualFilterChain.doFilter(ObservationFilterChainDecorator.java:137) ~[spring-security-web-6.2.4.jar:6.2.4]
	at org.springframework.security.web.savedrequest.RequestCacheAwareFilter.doFilter(RequestCacheAwareFilter.java:63) ~[spring-security-web-6.2.4.jar:6.2.4]
	at org.springframework.security.web.ObservationFilterChainDecorator$ObservationFilter.wrapFilter(ObservationFilterChainDecorator.java:240) ~[spring-security-web-6.2.4.jar:6.2.4]
	at org.springframework.security.web.ObservationFilterChainDecorator$ObservationFilter.doFilter(ObservationFilterChainDecorator.java:227) ~[spring-security-web-6.2.4.jar:6.2.4]
	at org.springframework.security.web.ObservationFilterChainDecorator$VirtualFilterChain.doFilter(ObservationFilterChainDecorator.java:137) ~[spring-security-web-6.2.4.jar:6.2.4]
	at com.classmanager.cms_backend.security.jwt.JwtAuthenticationFilter.doFilterInternal(JwtAuthenticationFilter.java:47) ~[classes/:?]
	at org.springframework.web.filter.OncePerRequestFilter.doFilter(OncePerRequestFilter.java:116) ~[spring-web-6.1.6.jar:6.1.6]
	at org.springframework.security.web.ObservationFilterChainDecorator$ObservationFilter.wrapFilter(ObservationFilterChainDecorator.java:240) ~[spring-security-web-6.2.4.jar:6.2.4]
	at org.springframework.security.web.ObservationFilterChainDecorator$ObservationFilter.doFilter(ObservationFilterChainDecorator.java:227) ~[spring-security-web-6.2.4.jar:6.2.4]
	at org.springframework.security.web.ObservationFilterChainDecorator$VirtualFilterChain.doFilter(ObservationFilterChainDecorator.java:137) ~[spring-security-web-6.2.4.jar:6.2.4]
	at org.springframework.security.web.authentication.logout.LogoutFilter.doFilter(LogoutFilter.java:107) ~[spring-security-web-6.2.4.jar:6.2.4]
	at org.springframework.security.web.authentication.logout.LogoutFilter.doFilter(LogoutFilter.java:93) ~[spring-security-web-6.2.4.jar:6.2.4]
	at org.springframework.security.web.ObservationFilterChainDecorator$ObservationFilter.wrapFilter(ObservationFilterChainDecorator.java:240) ~[spring-security-web-6.2.4.jar:6.2.4]
	at org.springframework.security.web.ObservationFilterChainDecorator$ObservationFilter.doFilter(ObservationFilterChainDecorator.java:227) ~[spring-security-web-6.2.4.jar:6.2.4]
	at org.springframework.security.web.ObservationFilterChainDecorator$VirtualFilterChain.doFilter(ObservationFilterChainDecorator.java:137) ~[spring-security-web-6.2.4.jar:6.2.4]
	at org.springframework.web.filter.CorsFilter.doFilterInternal(CorsFilter.java:91) ~[spring-web-6.1.6.jar:6.1.6]
	at org.springframework.web.filter.OncePerRequestFilter.doFilter(OncePerRequestFilter.java:116) ~[spring-web-6.1.6.jar:6.1.6]
	at org.springframework.security.web.ObservationFilterChainDecorator$ObservationFilter.wrapFilter(ObservationFilterChainDecorator.java:240) ~[spring-security-web-6.2.4.jar:6.2.4]
	at org.springframework.security.web.ObservationFilterChainDecorator$ObservationFilter.doFilter(ObservationFilterChainDecorator.java:227) ~[spring-security-web-6.2.4.jar:6.2.4]
	at org.springframework.security.web.ObservationFilterChainDecorator$VirtualFilterChain.doFilter(ObservationFilterChainDecorator.java:137) ~[spring-security-web-6.2.4.jar:6.2.4]
	at org.springframework.security.web.header.HeaderWriterFilter.doHeadersAfter(HeaderWriterFilter.java:90) ~[spring-security-web-6.2.4.jar:6.2.4]
	at org.springframework.security.web.header.HeaderWriterFilter.doFilterInternal(HeaderWriterFilter.java:75) ~[spring-security-web-6.2.4.jar:6.2.4]
	at org.springframework.web.filter.OncePerRequestFilter.doFilter(OncePerRequestFilter.java:116) ~[spring-web-6.1.6.jar:6.1.6]
	at org.springframework.security.web.ObservationFilterChainDecorator$ObservationFilter.wrapFilter(ObservationFilterChainDecorator.java:240) ~[spring-security-web-6.2.4.jar:6.2.4]
	at org.springframework.security.web.ObservationFilterChainDecorator$ObservationFilter.doFilter(ObservationFilterChainDecorator.java:227) ~[spring-security-web-6.2.4.jar:6.2.4]
	at org.springframework.security.web.ObservationFilterChainDecorator$VirtualFilterChain.doFilter(ObservationFilterChainDecorator.java:137) ~[spring-security-web-6.2.4.jar:6.2.4]
	at org.springframework.security.web.context.SecurityContextHolderFilter.doFilter(SecurityContextHolderFilter.java:82) ~[spring-security-web-6.2.4.jar:6.2.4]
	at org.springframework.security.web.context.SecurityContextHolderFilter.doFilter(SecurityContextHolderFilter.java:69) ~[spring-security-web-6.2.4.jar:6.2.4]
	at org.springframework.security.web.ObservationFilterChainDecorator$ObservationFilter.wrapFilter(ObservationFilterChainDecorator.java:240) ~[spring-security-web-6.2.4.jar:6.2.4]
	at org.springframework.security.web.ObservationFilterChainDecorator$ObservationFilter.doFilter(ObservationFilterChainDecorator.java:227) ~[spring-security-web-6.2.4.jar:6.2.4]
	at org.springframework.security.web.ObservationFilterChainDecorator$VirtualFilterChain.doFilter(ObservationFilterChainDecorator.java:137) ~[spring-security-web-6.2.4.jar:6.2.4]
	at org.springframework.security.web.context.request.async.WebAsyncManagerIntegrationFilter.doFilterInternal(WebAsyncManagerIntegrationFilter.java:62) ~[spring-security-web-6.2.4.jar:6.2.4]
	at org.springframework.web.filter.OncePerRequestFilter.doFilter(OncePerRequestFilter.java:116) ~[spring-web-6.1.6.jar:6.1.6]
	at org.springframework.security.web.ObservationFilterChainDecorator$ObservationFilter.wrapFilter(ObservationFilterChainDecorator.java:240) ~[spring-security-web-6.2.4.jar:6.2.4]
	at org.springframework.security.web.ObservationFilterChainDecorator$ObservationFilter.doFilter(ObservationFilterChainDecorator.java:227) ~[spring-security-web-6.2.4.jar:6.2.4]
	at org.springframework.security.web.ObservationFilterChainDecorator$VirtualFilterChain.doFilter(ObservationFilterChainDecorator.java:137) ~[spring-security-web-6.2.4.jar:6.2.4]
	at org.springframework.security.web.session.DisableEncodeUrlFilter.doFilterInternal(DisableEncodeUrlFilter.java:42) ~[spring-security-web-6.2.4.jar:6.2.4]
	at org.springframework.web.filter.OncePerRequestFilter.doFilter(OncePerRequestFilter.java:116) ~[spring-web-6.1.6.jar:6.1.6]
	at org.springframework.security.web.ObservationFilterChainDecorator$ObservationFilter.wrapFilter(ObservationFilterChainDecorator.java:240) ~[spring-security-web-6.2.4.jar:6.2.4]
	at org.springframework.security.web.ObservationFilterChainDecorator$AroundFilterObservation$SimpleAroundFilterObservation.lambda$wrap$0(ObservationFilterChainDecorator.java:323) ~[spring-security-web-6.2.4.jar:6.2.4]
	at org.springframework.security.web.ObservationFilterChainDecorator$ObservationFilter.doFilter(ObservationFilterChainDecorator.java:224) ~[spring-security-web-6.2.4.jar:6.2.4]
	at org.springframework.security.web.ObservationFilterChainDecorator$VirtualFilterChain.doFilter(ObservationFilterChainDecorator.java:137) ~[spring-security-web-6.2.4.jar:6.2.4]
	at org.springframework.security.web.FilterChainProxy.doFilterInternal(FilterChainProxy.java:233) ~[spring-security-web-6.2.4.jar:6.2.4]
	at org.springframework.security.web.FilterChainProxy.doFilter(FilterChainProxy.java:191) ~[spring-security-web-6.2.4.jar:6.2.4]
	at org.springframework.web.filter.CompositeFilter$VirtualFilterChain.doFilter(CompositeFilter.java:113) ~[spring-web-6.1.6.jar:6.1.6]
	at org.springframework.web.servlet.handler.HandlerMappingIntrospector.lambda$createCacheFilter$3(HandlerMappingIntrospector.java:195) ~[spring-webmvc-6.1.6.jar:6.1.6]
	at org.springframework.web.filter.CompositeFilter$VirtualFilterChain.doFilter(CompositeFilter.java:113) ~[spring-web-6.1.6.jar:6.1.6]
	at org.springframework.web.filter.CompositeFilter.doFilter(CompositeFilter.java:74) ~[spring-web-6.1.6.jar:6.1.6]
	at org.springframework.security.config.annotation.web.configuration.WebMvcSecurityConfiguration$CompositeFilterChainProxy.doFilter(WebMvcSecurityConfiguration.java:230) ~[spring-security-config-6.2.4.jar:6.2.4]
	at org.springframework.web.filter.DelegatingFilterProxy.invokeDelegate(DelegatingFilterProxy.java:352) ~[spring-web-6.1.6.jar:6.1.6]
	at org.springframework.web.filter.DelegatingFilterProxy.doFilter(DelegatingFilterProxy.java:268) ~[spring-web-6.1.6.jar:6.1.6]
	at org.apache.catalina.core.ApplicationFilterChain.internalDoFilter(ApplicationFilterChain.java:175) ~[tomcat-embed-core-10.1.20.jar:10.1.20]
	at org.apache.catalina.core.ApplicationFilterChain.doFilter(ApplicationFilterChain.java:150) ~[tomcat-embed-core-10.1.20.jar:10.1.20]
	at org.springframework.web.filter.RequestContextFilter.doFilterInternal(RequestContextFilter.java:100) ~[spring-web-6.1.6.jar:6.1.6]
	at org.springframework.web.filter.OncePerRequestFilter.doFilter(OncePerRequestFilter.java:116) ~[spring-web-6.1.6.jar:6.1.6]
	at org.apache.catalina.core.ApplicationFilterChain.internalDoFilter(ApplicationFilterChain.java:175) ~[tomcat-embed-core-10.1.20.jar:10.1.20]
	at org.apache.catalina.core.ApplicationFilterChain.doFilter(ApplicationFilterChain.java:150) ~[tomcat-embed-core-10.1.20.jar:10.1.20]
	at org.springframework.web.filter.FormContentFilter.doFilterInternal(FormContentFilter.java:93) ~[spring-web-6.1.6.jar:6.1.6]
	at org.springframework.web.filter.OncePerRequestFilter.doFilter(OncePerRequestFilter.java:116) ~[spring-web-6.1.6.jar:6.1.6]
	at org.apache.catalina.core.ApplicationFilterChain.internalDoFilter(ApplicationFilterChain.java:175) ~[tomcat-embed-core-10.1.20.jar:10.1.20]
	at org.apache.catalina.core.ApplicationFilterChain.doFilter(ApplicationFilterChain.java:150) ~[tomcat-embed-core-10.1.20.jar:10.1.20]
	at org.springframework.web.filter.ServerHttpObservationFilter.doFilterInternal(ServerHttpObservationFilter.java:109) ~[spring-web-6.1.6.jar:6.1.6]
	at org.springframework.web.filter.OncePerRequestFilter.doFilter(OncePerRequestFilter.java:116) ~[spring-web-6.1.6.jar:6.1.6]
	at org.apache.catalina.core.ApplicationFilterChain.internalDoFilter(ApplicationFilterChain.java:175) ~[tomcat-embed-core-10.1.20.jar:10.1.20]
	at org.apache.catalina.core.ApplicationFilterChain.doFilter(ApplicationFilterChain.java:150) ~[tomcat-embed-core-10.1.20.jar:10.1.20]
	at org.springframework.web.filter.CharacterEncodingFilter.doFilterInternal(CharacterEncodingFilter.java:201) ~[spring-web-6.1.6.jar:6.1.6]
	at org.springframework.web.filter.OncePerRequestFilter.doFilter(OncePerRequestFilter.java:116) ~[spring-web-6.1.6.jar:6.1.6]
	at org.apache.catalina.core.ApplicationFilterChain.internalDoFilter(ApplicationFilterChain.java:175) ~[tomcat-embed-core-10.1.20.jar:10.1.20]
	at org.apache.catalina.core.ApplicationFilterChain.doFilter(ApplicationFilterChain.java:150) ~[tomcat-embed-core-10.1.20.jar:10.1.20]
	at org.apache.catalina.core.StandardWrapperValve.invoke(StandardWrapperValve.java:167) ~[tomcat-embed-core-10.1.20.jar:10.1.20]
	at org.apache.catalina.core.StandardContextValve.invoke(StandardContextValve.java:90) ~[tomcat-embed-core-10.1.20.jar:10.1.20]
	at org.apache.catalina.authenticator.AuthenticatorBase.invoke(AuthenticatorBase.java:482) ~[tomcat-embed-core-10.1.20.jar:10.1.20]
	at org.apache.catalina.core.StandardHostValve.invoke(StandardHostValve.java:115) ~[tomcat-embed-core-10.1.20.jar:10.1.20]
	at org.apache.catalina.valves.ErrorReportValve.invoke(ErrorReportValve.java:93) ~[tomcat-embed-core-10.1.20.jar:10.1.20]
	at org.apache.catalina.core.StandardEngineValve.invoke(StandardEngineValve.java:74) ~[tomcat-embed-core-10.1.20.jar:10.1.20]
	at org.apache.catalina.connector.CoyoteAdapter.service(CoyoteAdapter.java:344) ~[tomcat-embed-core-10.1.20.jar:10.1.20]
	at org.apache.coyote.http11.Http11Processor.service(Http11Processor.java:391) ~[tomcat-embed-core-10.1.20.jar:10.1.20]
	at org.apache.coyote.AbstractProcessorLight.process(AbstractProcessorLight.java:63) ~[tomcat-embed-core-10.1.20.jar:10.1.20]
	at org.apache.coyote.AbstractProtocol$ConnectionHandler.process(AbstractProtocol.java:896) ~[tomcat-embed-core-10.1.20.jar:10.1.20]
	at org.apache.tomcat.util.net.NioEndpoint$SocketProcessor.doRun(NioEndpoint.java:1736) ~[tomcat-embed-core-10.1.20.jar:10.1.20]
	at org.apache.tomcat.util.net.SocketProcessorBase.run(SocketProcessorBase.java:52) ~[tomcat-embed-core-10.1.20.jar:10.1.20]
	at org.apache.tomcat.util.threads.ThreadPoolExecutor.runWorker(ThreadPoolExecutor.java:1191) ~[tomcat-embed-core-10.1.20.jar:10.1.20]
	at org.apache.tomcat.util.threads.ThreadPoolExecutor$Worker.run(ThreadPoolExecutor.java:659) ~[tomcat-embed-core-10.1.20.jar:10.1.20]
	at org.apache.tomcat.util.threads.TaskThread$WrappingRunnable.run(TaskThread.java:63) ~[tomcat-embed-core-10.1.20.jar:10.1.20]
	at java.base/java.lang.Thread.run(Thread.java:1583) [?:?]
Caused by: org.hibernate.exception.ConstraintViolationException: could not execute batch [Batch entry 0 insert into users (branch_id,created_at,email,failed_login_attempts,fcm_token,full_name,is_active,is_deleted,last_login_at,locked_until,password_hash,password_reset_expires_at,password_reset_token,phone,tenant_id,updated_at,id) values (('b487b4b2-a5d5-40c4-a092-997affc802cf'::uuid),('2026-04-02 16:40:48.695574+05:30'),('golepratik862000+1@gmail.com'),('0'::int4),(NULL),('Rohit Sharma'),('TRUE'::boolean),('FALSE'::boolean),(NULL),(NULL),('$2a$12$ycwrk5oY/VLigCJtVvxKR.dJHBjj9sU80OoubuSINMz56Rcie2bxC'),(NULL),(NULL),('9876543211'),('11054d8e-2aa8-445f-a876-9eac82a8bf5e'::uuid),('2026-04-02 16:40:48.695574+05:30'),('c03e38fc-6452-4f94-9a1a-e68ec9010524'::uuid)) was aborted: ERROR: null value in column "role" of relation "users" violates not-null constraint
  Detail: Failing row contains (c03e38fc-6452-4f94-9a1a-e68ec9010524, 2026-04-02 16:40:48.695574, f, 11054d8e-2aa8-445f-a876-9eac82a8bf5e, 2026-04-02 16:40:48.695574, golepratik862000+1@gmail.com, 0, null, Rohit Sharma, t, null, null, $2a$12$ycwrk5oY/VLigCJtVvxKR.dJHBjj9sU80OoubuSINMz56Rcie2bxC, null, null, 9876543211, null, b487b4b2-a5d5-40c4-a092-997affc802cf).  Call getNextException to see other errors in the batch.] [insert into users (branch_id,created_at,email,failed_login_attempts,fcm_token,full_name,is_active,is_deleted,last_login_at,locked_until,password_hash,password_reset_expires_at,password_reset_token,phone,tenant_id,updated_at,id) values (?,?,?,?,?,?,?,?,?,?,?,?,?,?,?,?,?)]
	at org.hibernate.exception.internal.SQLStateConversionDelegate.convert(SQLStateConversionDelegate.java:97) ~[hibernate-core-6.4.4.Final.jar:6.4.4.Final]
	at org.hibernate.exception.internal.StandardSQLExceptionConverter.convert(StandardSQLExceptionConverter.java:58) ~[hibernate-core-6.4.4.Final.jar:6.4.4.Final]
	at org.hibernate.engine.jdbc.spi.SqlExceptionHelper.convert(SqlExceptionHelper.java:108) ~[hibernate-core-6.4.4.Final.jar:6.4.4.Final]
	at org.hibernate.engine.jdbc.batch.internal.BatchImpl.lambda$performExecution$2(BatchImpl.java:294) ~[hibernate-core-6.4.4.Final.jar:6.4.4.Final]
	at org.hibernate.engine.jdbc.mutation.internal.PreparedStatementGroupSingleTable.forEachStatement(PreparedStatementGroupSingleTable.java:59) ~[hibernate-core-6.4.4.Final.jar:6.4.4.Final]
	at org.hibernate.engine.jdbc.batch.internal.BatchImpl.performExecution(BatchImpl.java:264) ~[hibernate-core-6.4.4.Final.jar:6.4.4.Final]
	at org.hibernate.engine.jdbc.batch.internal.BatchImpl.execute(BatchImpl.java:242) ~[hibernate-core-6.4.4.Final.jar:6.4.4.Final]
	at org.hibernate.engine.jdbc.internal.JdbcCoordinatorImpl.getBatch(JdbcCoordinatorImpl.java:173) ~[hibernate-core-6.4.4.Final.jar:6.4.4.Final]
	at org.hibernate.engine.jdbc.mutation.internal.MutationExecutorSingleBatched.resolveBatch(MutationExecutorSingleBatched.java:47) ~[hibernate-core-6.4.4.Final.jar:6.4.4.Final]
	at org.hibernate.engine.jdbc.mutation.internal.MutationExecutorSingleBatched.performBatchedOperations(MutationExecutorSingleBatched.java:60) ~[hibernate-core-6.4.4.Final.jar:6.4.4.Final]
	at org.hibernate.engine.jdbc.mutation.internal.AbstractMutationExecutor.execute(AbstractMutationExecutor.java:54) ~[hibernate-core-6.4.4.Final.jar:6.4.4.Final]
	at org.hibernate.persister.entity.mutation.InsertCoordinator.doStaticInserts(InsertCoordinator.java:175) ~[hibernate-core-6.4.4.Final.jar:6.4.4.Final]
	at org.hibernate.persister.entity.mutation.InsertCoordinator.coordinateInsert(InsertCoordinator.java:113) ~[hibernate-core-6.4.4.Final.jar:6.4.4.Final]
	at org.hibernate.persister.entity.AbstractEntityPersister.insert(AbstractEntityPersister.java:2873) ~[hibernate-core-6.4.4.Final.jar:6.4.4.Final]
	at org.hibernate.action.internal.EntityInsertAction.execute(EntityInsertAction.java:104) ~[hibernate-core-6.4.4.Final.jar:6.4.4.Final]
	at org.hibernate.engine.spi.ActionQueue.executeActions(ActionQueue.java:632) ~[hibernate-core-6.4.4.Final.jar:6.4.4.Final]
	at org.hibernate.engine.spi.ActionQueue.executeActions(ActionQueue.java:499) ~[hibernate-core-6.4.4.Final.jar:6.4.4.Final]
	at org.hibernate.event.internal.AbstractFlushingEventListener.performExecutions(AbstractFlushingEventListener.java:363) ~[hibernate-core-6.4.4.Final.jar:6.4.4.Final]
	at org.hibernate.event.internal.DefaultFlushEventListener.onFlush(DefaultFlushEventListener.java:41) ~[hibernate-core-6.4.4.Final.jar:6.4.4.Final]
	at org.hibernate.event.service.internal.EventListenerGroupImpl.fireEventOnEachListener(EventListenerGroupImpl.java:127) ~[hibernate-core-6.4.4.Final.jar:6.4.4.Final]
	at org.hibernate.internal.SessionImpl.doFlush(SessionImpl.java:1403) ~[hibernate-core-6.4.4.Final.jar:6.4.4.Final]
	at org.hibernate.internal.SessionImpl.managedFlush(SessionImpl.java:484) ~[hibernate-core-6.4.4.Final.jar:6.4.4.Final]
	at org.hibernate.internal.SessionImpl.flushBeforeTransactionCompletion(SessionImpl.java:2319) ~[hibernate-core-6.4.4.Final.jar:6.4.4.Final]
	at org.hibernate.internal.SessionImpl.beforeTransactionCompletion(SessionImpl.java:1976) ~[hibernate-core-6.4.4.Final.jar:6.4.4.Final]
	at org.hibernate.engine.jdbc.internal.JdbcCoordinatorImpl.beforeTransactionCompletion(JdbcCoordinatorImpl.java:439) ~[hibernate-core-6.4.4.Final.jar:6.4.4.Final]
	at org.hibernate.resource.transaction.backend.jdbc.internal.JdbcResourceLocalTransactionCoordinatorImpl.beforeCompletionCallback(JdbcResourceLocalTransactionCoordinatorImpl.java:169) ~[hibernate-core-6.4.4.Final.jar:6.4.4.Final]
	at org.hibernate.resource.transaction.backend.jdbc.internal.JdbcResourceLocalTransactionCoordinatorImpl$TransactionDriverControlImpl.commit(JdbcResourceLocalTransactionCoordinatorImpl.java:267) ~[hibernate-core-6.4.4.Final.jar:6.4.4.Final]
	at org.hibernate.engine.transaction.internal.TransactionImpl.commit(TransactionImpl.java:101) ~[hibernate-core-6.4.4.Final.jar:6.4.4.Final]
	at org.springframework.orm.jpa.JpaTransactionManager.doCommit(JpaTransactionManager.java:562) ~[spring-orm-6.1.6.jar:6.1.6]
	... 156 more
Caused by: java.sql.BatchUpdateException: Batch entry 0 insert into users (branch_id,created_at,email,failed_login_attempts,fcm_token,full_name,is_active,is_deleted,last_login_at,locked_until,password_hash,password_reset_expires_at,password_reset_token,phone,tenant_id,updated_at,id) values (('b487b4b2-a5d5-40c4-a092-997affc802cf'::uuid),('2026-04-02 16:40:48.695574+05:30'),('golepratik862000+1@gmail.com'),('0'::int4),(NULL),('Rohit Sharma'),('TRUE'::boolean),('FALSE'::boolean),(NULL),(NULL),('$2a$12$ycwrk5oY/VLigCJtVvxKR.dJHBjj9sU80OoubuSINMz56Rcie2bxC'),(NULL),(NULL),('9876543211'),('11054d8e-2aa8-445f-a876-9eac82a8bf5e'::uuid),('2026-04-02 16:40:48.695574+05:30'),('c03e38fc-6452-4f94-9a1a-e68ec9010524'::uuid)) was aborted: ERROR: null value in column "role" of relation "users" violates not-null constraint
  Detail: Failing row contains (c03e38fc-6452-4f94-9a1a-e68ec9010524, 2026-04-02 16:40:48.695574, f, 11054d8e-2aa8-445f-a876-9eac82a8bf5e, 2026-04-02 16:40:48.695574, golepratik862000+1@gmail.com, 0, null, Rohit Sharma, t, null, null, $2a$12$ycwrk5oY/VLigCJtVvxKR.dJHBjj9sU80OoubuSINMz56Rcie2bxC, null, null, 9876543211, null, b487b4b2-a5d5-40c4-a092-997affc802cf).  Call getNextException to see other errors in the batch.
	at org.postgresql.jdbc.BatchResultHandler.handleError(BatchResultHandler.java:165) ~[postgresql-42.6.2.jar:42.6.2]
	at org.postgresql.core.v3.QueryExecutorImpl.processResults(QueryExecutorImpl.java:2402) ~[postgresql-42.6.2.jar:42.6.2]
	at org.postgresql.core.v3.QueryExecutorImpl.execute(QueryExecutorImpl.java:574) ~[postgresql-42.6.2.jar:42.6.2]
	at org.postgresql.jdbc.PgStatement.internalExecuteBatch(PgStatement.java:896) ~[postgresql-42.6.2.jar:42.6.2]
	at org.postgresql.jdbc.PgStatement.executeBatch(PgStatement.java:919) ~[postgresql-42.6.2.jar:42.6.2]
	at org.postgresql.jdbc.PgPreparedStatement.executeBatch(PgPreparedStatement.java:1685) ~[postgresql-42.6.2.jar:42.6.2]
	at com.zaxxer.hikari.pool.ProxyStatement.executeBatch(ProxyStatement.java:127) ~[HikariCP-5.0.1.jar:?]
	at com.zaxxer.hikari.pool.HikariProxyPreparedStatement.executeBatch(HikariProxyPreparedStatement.java) ~[HikariCP-5.0.1.jar:?]
	at org.hibernate.engine.jdbc.batch.internal.BatchImpl.lambda$performExecution$2(BatchImpl.java:279) ~[hibernate-core-6.4.4.Final.jar:6.4.4.Final]
	at org.hibernate.engine.jdbc.mutation.internal.PreparedStatementGroupSingleTable.forEachStatement(PreparedStatementGroupSingleTable.java:59) ~[hibernate-core-6.4.4.Final.jar:6.4.4.Final]
	at org.hibernate.engine.jdbc.batch.internal.BatchImpl.performExecution(BatchImpl.java:264) ~[hibernate-core-6.4.4.Final.jar:6.4.4.Final]
	at org.hibernate.engine.jdbc.batch.internal.BatchImpl.execute(BatchImpl.java:242) ~[hibernate-core-6.4.4.Final.jar:6.4.4.Final]
	at org.hibernate.engine.jdbc.internal.JdbcCoordinatorImpl.getBatch(JdbcCoordinatorImpl.java:173) ~[hibernate-core-6.4.4.Final.jar:6.4.4.Final]
	at org.hibernate.engine.jdbc.mutation.internal.MutationExecutorSingleBatched.resolveBatch(MutationExecutorSingleBatched.java:47) ~[hibernate-core-6.4.4.Final.jar:6.4.4.Final]
	at org.hibernate.engine.jdbc.mutation.internal.MutationExecutorSingleBatched.performBatchedOperations(MutationExecutorSingleBatched.java:60) ~[hibernate-core-6.4.4.Final.jar:6.4.4.Final]
	at org.hibernate.engine.jdbc.mutation.internal.AbstractMutationExecutor.execute(AbstractMutationExecutor.java:54) ~[hibernate-core-6.4.4.Final.jar:6.4.4.Final]
	at org.hibernate.persister.entity.mutation.InsertCoordinator.doStaticInserts(InsertCoordinator.java:175) ~[hibernate-core-6.4.4.Final.jar:6.4.4.Final]
	at org.hibernate.persister.entity.mutation.InsertCoordinator.coordinateInsert(InsertCoordinator.java:113) ~[hibernate-core-6.4.4.Final.jar:6.4.4.Final]
	at org.hibernate.persister.entity.AbstractEntityPersister.insert(AbstractEntityPersister.java:2873) ~[hibernate-core-6.4.4.Final.jar:6.4.4.Final]
	at org.hibernate.action.internal.EntityInsertAction.execute(EntityInsertAction.java:104) ~[hibernate-core-6.4.4.Final.jar:6.4.4.Final]
	at org.hibernate.engine.spi.ActionQueue.executeActions(ActionQueue.java:632) ~[hibernate-core-6.4.4.Final.jar:6.4.4.Final]
	at org.hibernate.engine.spi.ActionQueue.executeActions(ActionQueue.java:499) ~[hibernate-core-6.4.4.Final.jar:6.4.4.Final]
	at org.hibernate.event.internal.AbstractFlushingEventListener.performExecutions(AbstractFlushingEventListener.java:363) ~[hibernate-core-6.4.4.Final.jar:6.4.4.Final]
	at org.hibernate.event.internal.DefaultFlushEventListener.onFlush(DefaultFlushEventListener.java:41) ~[hibernate-core-6.4.4.Final.jar:6.4.4.Final]
	at org.hibernate.event.service.internal.EventListenerGroupImpl.fireEventOnEachListener(EventListenerGroupImpl.java:127) ~[hibernate-core-6.4.4.Final.jar:6.4.4.Final]
	at org.hibernate.internal.SessionImpl.doFlush(SessionImpl.java:1403) ~[hibernate-core-6.4.4.Final.jar:6.4.4.Final]
	at org.hibernate.internal.SessionImpl.managedFlush(SessionImpl.java:484) ~[hibernate-core-6.4.4.Final.jar:6.4.4.Final]
	at org.hibernate.internal.SessionImpl.flushBeforeTransactionCompletion(SessionImpl.java:2319) ~[hibernate-core-6.4.4.Final.jar:6.4.4.Final]
	at org.hibernate.internal.SessionImpl.beforeTransactionCompletion(SessionImpl.java:1976) ~[hibernate-core-6.4.4.Final.jar:6.4.4.Final]
	at org.hibernate.engine.jdbc.internal.JdbcCoordinatorImpl.beforeTransactionCompletion(JdbcCoordinatorImpl.java:439) ~[hibernate-core-6.4.4.Final.jar:6.4.4.Final]
	at org.hibernate.resource.transaction.backend.jdbc.internal.JdbcResourceLocalTransactionCoordinatorImpl.beforeCompletionCallback(JdbcResourceLocalTransactionCoordinatorImpl.java:169) ~[hibernate-core-6.4.4.Final.jar:6.4.4.Final]
	at org.hibernate.resource.transaction.backend.jdbc.internal.JdbcResourceLocalTransactionCoordinatorImpl$TransactionDriverControlImpl.commit(JdbcResourceLocalTransactionCoordinatorImpl.java:267) ~[hibernate-core-6.4.4.Final.jar:6.4.4.Final]
	at org.hibernate.engine.transaction.internal.TransactionImpl.commit(TransactionImpl.java:101) ~[hibernate-core-6.4.4.Final.jar:6.4.4.Final]
	at org.springframework.orm.jpa.JpaTransactionManager.doCommit(JpaTransactionManager.java:562) ~[spring-orm-6.1.6.jar:6.1.6]
	... 156 more
Caused by: org.postgresql.util.PSQLException: ERROR: null value in column "role" of relation "users" violates not-null constraint
  Detail: Failing row contains (c03e38fc-6452-4f94-9a1a-e68ec9010524, 2026-04-02 16:40:48.695574, f, 11054d8e-2aa8-445f-a876-9eac82a8bf5e, 2026-04-02 16:40:48.695574, golepratik862000+1@gmail.com, 0, null, Rohit Sharma, t, null, null, $2a$12$ycwrk5oY/VLigCJtVvxKR.dJHBjj9sU80OoubuSINMz56Rcie2bxC, null, null, 9876543211, null, b487b4b2-a5d5-40c4-a092-997affc802cf).
	at org.postgresql.core.v3.QueryExecutorImpl.receiveErrorResponse(QueryExecutorImpl.java:2713) ~[postgresql-42.6.2.jar:42.6.2]
	at org.postgresql.core.v3.QueryExecutorImpl.processResults(QueryExecutorImpl.java:2401) ~[postgresql-42.6.2.jar:42.6.2]
	at org.postgresql.core.v3.QueryExecutorImpl.execute(QueryExecutorImpl.java:574) ~[postgresql-42.6.2.jar:42.6.2]
	at org.postgresql.jdbc.PgStatement.internalExecuteBatch(PgStatement.java:896) ~[postgresql-42.6.2.jar:42.6.2]
	at org.postgresql.jdbc.PgStatement.executeBatch(PgStatement.java:919) ~[postgresql-42.6.2.jar:42.6.2]
	at org.postgresql.jdbc.PgPreparedStatement.executeBatch(PgPreparedStatement.java:1685) ~[postgresql-42.6.2.jar:42.6.2]
	at com.zaxxer.hikari.pool.ProxyStatement.executeBatch(ProxyStatement.java:127) ~[HikariCP-5.0.1.jar:?]
	at com.zaxxer.hikari.pool.HikariProxyPreparedStatement.executeBatch(HikariProxyPreparedStatement.java) ~[HikariCP-5.0.1.jar:?]
	at org.hibernate.engine.jdbc.batch.internal.BatchImpl.lambda$performExecution$2(BatchImpl.java:279) ~[hibernate-core-6.4.4.Final.jar:6.4.4.Final]
	at org.hibernate.engine.jdbc.mutation.internal.PreparedStatementGroupSingleTable.forEachStatement(PreparedStatementGroupSingleTable.java:59) ~[hibernate-core-6.4.4.Final.jar:6.4.4.Final]
	at org.hibernate.engine.jdbc.batch.internal.BatchImpl.performExecution(BatchImpl.java:264) ~[hibernate-core-6.4.4.Final.jar:6.4.4.Final]
	at org.hibernate.engine.jdbc.batch.internal.BatchImpl.execute(BatchImpl.java:242) ~[hibernate-core-6.4.4.Final.jar:6.4.4.Final]
	at org.hibernate.engine.jdbc.internal.JdbcCoordinatorImpl.getBatch(JdbcCoordinatorImpl.java:173) ~[hibernate-core-6.4.4.Final.jar:6.4.4.Final]
	at org.hibernate.engine.jdbc.mutation.internal.MutationExecutorSingleBatched.resolveBatch(MutationExecutorSingleBatched.java:47) ~[hibernate-core-6.4.4.Final.jar:6.4.4.Final]
	at org.hibernate.engine.jdbc.mutation.internal.MutationExecutorSingleBatched.performBatchedOperations(MutationExecutorSingleBatched.java:60) ~[hibernate-core-6.4.4.Final.jar:6.4.4.Final]
	at org.hibernate.engine.jdbc.mutation.internal.AbstractMutationExecutor.execute(AbstractMutationExecutor.java:54) ~[hibernate-core-6.4.4.Final.jar:6.4.4.Final]
	at org.hibernate.persister.entity.mutation.InsertCoordinator.doStaticInserts(InsertCoordinator.java:175) ~[hibernate-core-6.4.4.Final.jar:6.4.4.Final]
	at org.hibernate.persister.entity.mutation.InsertCoordinator.coordinateInsert(InsertCoordinator.java:113) ~[hibernate-core-6.4.4.Final.jar:6.4.4.Final]
	at org.hibernate.persister.entity.AbstractEntityPersister.insert(AbstractEntityPersister.java:2873) ~[hibernate-core-6.4.4.Final.jar:6.4.4.Final]
	at org.hibernate.action.internal.EntityInsertAction.execute(EntityInsertAction.java:104) ~[hibernate-core-6.4.4.Final.jar:6.4.4.Final]
	at org.hibernate.engine.spi.ActionQueue.executeActions(ActionQueue.java:632) ~[hibernate-core-6.4.4.Final.jar:6.4.4.Final]
	at org.hibernate.engine.spi.ActionQueue.executeActions(ActionQueue.java:499) ~[hibernate-core-6.4.4.Final.jar:6.4.4.Final]
	at org.hibernate.event.internal.AbstractFlushingEventListener.performExecutions(AbstractFlushingEventListener.java:363) ~[hibernate-core-6.4.4.Final.jar:6.4.4.Final]
	at org.hibernate.event.internal.DefaultFlushEventListener.onFlush(DefaultFlushEventListener.java:41) ~[hibernate-core-6.4.4.Final.jar:6.4.4.Final]
	at org.hibernate.event.service.internal.EventListenerGroupImpl.fireEventOnEachListener(EventListenerGroupImpl.java:127) ~[hibernate-core-6.4.4.Final.jar:6.4.4.Final]
	at org.hibernate.internal.SessionImpl.doFlush(SessionImpl.java:1403) ~[hibernate-core-6.4.4.Final.jar:6.4.4.Final]
	at org.hibernate.internal.SessionImpl.managedFlush(SessionImpl.java:484) ~[hibernate-core-6.4.4.Final.jar:6.4.4.Final]
	at org.hibernate.internal.SessionImpl.flushBeforeTransactionCompletion(SessionImpl.java:2319) ~[hibernate-core-6.4.4.Final.jar:6.4.4.Final]
	at org.hibernate.internal.SessionImpl.beforeTransactionCompletion(SessionImpl.java:1976) ~[hibernate-core-6.4.4.Final.jar:6.4.4.Final]
	at org.hibernate.engine.jdbc.internal.JdbcCoordinatorImpl.beforeTransactionCompletion(JdbcCoordinatorImpl.java:439) ~[hibernate-core-6.4.4.Final.jar:6.4.4.Final]
	at org.hibernate.resource.transaction.backend.jdbc.internal.JdbcResourceLocalTransactionCoordinatorImpl.beforeCompletionCallback(JdbcResourceLocalTransactionCoordinatorImpl.java:169) ~[hibernate-core-6.4.4.Final.jar:6.4.4.Final]
	at org.hibernate.resource.transaction.backend.jdbc.internal.JdbcResourceLocalTransactionCoordinatorImpl$TransactionDriverControlImpl.commit(JdbcResourceLocalTransactionCoordinatorImpl.java:267) ~[hibernate-core-6.4.4.Final.jar:6.4.4.Final]
	at org.hibernate.engine.transaction.internal.TransactionImpl.commit(TransactionImpl.java:101) ~[hibernate-core-6.4.4.Final.jar:6.4.4.Final]
	at org.springframework.orm.jpa.JpaTransactionManager.doCommit(JpaTransactionManager.java:562) ~[spring-orm-6.1.6.jar:6.1.6]
	... 156 more
[ERROR] 2026-04-02 16:42:35.373 [http-nio-8095-exec-1] UserManagementService - Teacher created but welcome email failed for email=golepratik862000+1@gmail.com
java.lang.IllegalStateException: Failed to load template: classpath:/templates/emails/teacher/teacher-welcome.subject.txt
	at com.classmanager.cms_backend.service.EmailTemplateService.loadTemplate(EmailTemplateService.java:43) ~[classes/:?]
	at com.classmanager.cms_backend.service.EmailTemplateService.render(EmailTemplateService.java:26) ~[classes/:?]
	at com.classmanager.cms_backend.service.UserManagementService.sendTeacherWelcomeEmail(UserManagementService.java:479) ~[classes/:?]
	at com.classmanager.cms_backend.service.UserManagementService.createTeacher(UserManagementService.java:169) ~[classes/:?]
	at java.base/jdk.internal.reflect.DirectMethodHandleAccessor.invoke(DirectMethodHandleAccessor.java:103) ~[?:?]
	at java.base/java.lang.reflect.Method.invoke(Method.java:580) ~[?:?]
	at org.springframework.aop.support.AopUtils.invokeJoinpointUsingReflection(AopUtils.java:354) ~[spring-aop-6.1.6.jar:6.1.6]
	at org.springframework.aop.framework.ReflectiveMethodInvocation.invokeJoinpoint(ReflectiveMethodInvocation.java:196) ~[spring-aop-6.1.6.jar:6.1.6]
	at org.springframework.aop.framework.ReflectiveMethodInvocation.proceed(ReflectiveMethodInvocation.java:163) ~[spring-aop-6.1.6.jar:6.1.6]
	at org.springframework.aop.framework.CglibAopProxy$CglibMethodInvocation.proceed(CglibAopProxy.java:768) ~[spring-aop-6.1.6.jar:6.1.6]
	at org.springframework.transaction.interceptor.TransactionInterceptor$1.proceedWithInvocation(TransactionInterceptor.java:123) ~[spring-tx-6.1.6.jar:6.1.6]
	at org.springframework.transaction.interceptor.TransactionAspectSupport.invokeWithinTransaction(TransactionAspectSupport.java:392) ~[spring-tx-6.1.6.jar:6.1.6]
	at org.springframework.transaction.interceptor.TransactionInterceptor.invoke(TransactionInterceptor.java:119) ~[spring-tx-6.1.6.jar:6.1.6]
	at org.springframework.aop.framework.ReflectiveMethodInvocation.proceed(ReflectiveMethodInvocation.java:184) ~[spring-aop-6.1.6.jar:6.1.6]
	at org.springframework.aop.framework.CglibAopProxy$CglibMethodInvocation.proceed(CglibAopProxy.java:768) ~[spring-aop-6.1.6.jar:6.1.6]
	at org.springframework.aop.framework.CglibAopProxy$DynamicAdvisedInterceptor.intercept(CglibAopProxy.java:720) ~[spring-aop-6.1.6.jar:6.1.6]
	at com.classmanager.cms_backend.service.UserManagementService$$SpringCGLIB$$0.createTeacher(<generated>) ~[classes/:?]
	at com.classmanager.cms_backend.controller.UserController.createTeacher(UserController.java:88) ~[classes/:?]
	at java.base/jdk.internal.reflect.DirectMethodHandleAccessor.invoke(DirectMethodHandleAccessor.java:103) ~[?:?]
	at java.base/java.lang.reflect.Method.invoke(Method.java:580) ~[?:?]
	at org.springframework.aop.support.AopUtils.invokeJoinpointUsingReflection(AopUtils.java:354) ~[spring-aop-6.1.6.jar:6.1.6]
	at org.springframework.aop.framework.ReflectiveMethodInvocation.invokeJoinpoint(ReflectiveMethodInvocation.java:196) ~[spring-aop-6.1.6.jar:6.1.6]
	at org.springframework.aop.framework.ReflectiveMethodInvocation.proceed(ReflectiveMethodInvocation.java:163) ~[spring-aop-6.1.6.jar:6.1.6]
	at org.springframework.aop.framework.CglibAopProxy$CglibMethodInvocation.proceed(CglibAopProxy.java:768) ~[spring-aop-6.1.6.jar:6.1.6]
	at org.springframework.security.authorization.method.AuthorizationManagerBeforeMethodInterceptor.invoke(AuthorizationManagerBeforeMethodInterceptor.java:198) ~[spring-security-core-6.2.4.jar:6.2.4]
	at org.springframework.aop.framework.ReflectiveMethodInvocation.proceed(ReflectiveMethodInvocation.java:184) ~[spring-aop-6.1.6.jar:6.1.6]
	at org.springframework.aop.framework.CglibAopProxy$CglibMethodInvocation.proceed(CglibAopProxy.java:768) ~[spring-aop-6.1.6.jar:6.1.6]
	at org.springframework.aop.framework.CglibAopProxy$DynamicAdvisedInterceptor.intercept(CglibAopProxy.java:720) ~[spring-aop-6.1.6.jar:6.1.6]
	at com.classmanager.cms_backend.controller.UserController$$SpringCGLIB$$0.createTeacher(<generated>) ~[classes/:?]
	at java.base/jdk.internal.reflect.DirectMethodHandleAccessor.invoke(DirectMethodHandleAccessor.java:103) ~[?:?]
	at java.base/java.lang.reflect.Method.invoke(Method.java:580) ~[?:?]
	at org.springframework.web.method.support.InvocableHandlerMethod.doInvoke(InvocableHandlerMethod.java:255) ~[spring-web-6.1.6.jar:6.1.6]
	at org.springframework.web.method.support.InvocableHandlerMethod.invokeForRequest(InvocableHandlerMethod.java:188) ~[spring-web-6.1.6.jar:6.1.6]
	at org.springframework.web.servlet.mvc.method.annotation.ServletInvocableHandlerMethod.invokeAndHandle(ServletInvocableHandlerMethod.java:118) ~[spring-webmvc-6.1.6.jar:6.1.6]
	at org.springframework.web.servlet.mvc.method.annotation.RequestMappingHandlerAdapter.invokeHandlerMethod(RequestMappingHandlerAdapter.java:926) ~[spring-webmvc-6.1.6.jar:6.1.6]
	at org.springframework.web.servlet.mvc.method.annotation.RequestMappingHandlerAdapter.handleInternal(RequestMappingHandlerAdapter.java:831) ~[spring-webmvc-6.1.6.jar:6.1.6]
	at org.springframework.web.servlet.mvc.method.AbstractHandlerMethodAdapter.handle(AbstractHandlerMethodAdapter.java:87) ~[spring-webmvc-6.1.6.jar:6.1.6]
	at org.springframework.web.servlet.DispatcherServlet.doDispatch(DispatcherServlet.java:1089) ~[spring-webmvc-6.1.6.jar:6.1.6]
	at org.springframework.web.servlet.DispatcherServlet.doService(DispatcherServlet.java:979) ~[spring-webmvc-6.1.6.jar:6.1.6]
	at org.springframework.web.servlet.FrameworkServlet.processRequest(FrameworkServlet.java:1014) ~[spring-webmvc-6.1.6.jar:6.1.6]
	at org.springframework.web.servlet.FrameworkServlet.doPost(FrameworkServlet.java:914) ~[spring-webmvc-6.1.6.jar:6.1.6]
	at jakarta.servlet.http.HttpServlet.service(HttpServlet.java:590) ~[tomcat-embed-core-10.1.20.jar:6.0]
	at org.springframework.web.servlet.FrameworkServlet.service(FrameworkServlet.java:885) ~[spring-webmvc-6.1.6.jar:6.1.6]
	at jakarta.servlet.http.HttpServlet.service(HttpServlet.java:658) ~[tomcat-embed-core-10.1.20.jar:6.0]
	at org.apache.catalina.core.ApplicationFilterChain.internalDoFilter(ApplicationFilterChain.java:206) ~[tomcat-embed-core-10.1.20.jar:10.1.20]
	at org.apache.catalina.core.ApplicationFilterChain.doFilter(ApplicationFilterChain.java:150) ~[tomcat-embed-core-10.1.20.jar:10.1.20]
	at org.apache.tomcat.websocket.server.WsFilter.doFilter(WsFilter.java:51) ~[tomcat-embed-websocket-10.1.20.jar:10.1.20]
	at org.apache.catalina.core.ApplicationFilterChain.internalDoFilter(ApplicationFilterChain.java:175) ~[tomcat-embed-core-10.1.20.jar:10.1.20]
	at org.apache.catalina.core.ApplicationFilterChain.doFilter(ApplicationFilterChain.java:150) ~[tomcat-embed-core-10.1.20.jar:10.1.20]
	at org.springframework.web.filter.OncePerRequestFilter.doFilter(OncePerRequestFilter.java:110) ~[spring-web-6.1.6.jar:6.1.6]
	at org.apache.catalina.core.ApplicationFilterChain.internalDoFilter(ApplicationFilterChain.java:175) ~[tomcat-embed-core-10.1.20.jar:10.1.20]
	at org.apache.catalina.core.ApplicationFilterChain.doFilter(ApplicationFilterChain.java:150) ~[tomcat-embed-core-10.1.20.jar:10.1.20]
	at org.springframework.web.filter.CompositeFilter$VirtualFilterChain.doFilter(CompositeFilter.java:108) ~[spring-web-6.1.6.jar:6.1.6]
	at org.springframework.security.web.FilterChainProxy.lambda$doFilterInternal$3(FilterChainProxy.java:231) ~[spring-security-web-6.2.4.jar:6.2.4]
	at org.springframework.security.web.ObservationFilterChainDecorator$FilterObservation$SimpleFilterObservation.lambda$wrap$1(ObservationFilterChainDecorator.java:479) ~[spring-security-web-6.2.4.jar:6.2.4]
	at org.springframework.security.web.ObservationFilterChainDecorator$AroundFilterObservation$SimpleAroundFilterObservation.lambda$wrap$1(ObservationFilterChainDecorator.java:340) ~[spring-security-web-6.2.4.jar:6.2.4]
	at org.springframework.security.web.ObservationFilterChainDecorator.lambda$wrapSecured$0(ObservationFilterChainDecorator.java:82) ~[spring-security-web-6.2.4.jar:6.2.4]
	at org.springframework.security.web.ObservationFilterChainDecorator$VirtualFilterChain.doFilter(ObservationFilterChainDecorator.java:128) ~[spring-security-web-6.2.4.jar:6.2.4]
	at org.springframework.security.web.access.intercept.AuthorizationFilter.doFilter(AuthorizationFilter.java:100) ~[spring-security-web-6.2.4.jar:6.2.4]
	at org.springframework.security.web.ObservationFilterChainDecorator$ObservationFilter.wrapFilter(ObservationFilterChainDecorator.java:240) ~[spring-security-web-6.2.4.jar:6.2.4]
	at org.springframework.security.web.ObservationFilterChainDecorator$ObservationFilter.doFilter(ObservationFilterChainDecorator.java:227) ~[spring-security-web-6.2.4.jar:6.2.4]
	at org.springframework.security.web.ObservationFilterChainDecorator$VirtualFilterChain.doFilter(ObservationFilterChainDecorator.java:137) ~[spring-security-web-6.2.4.jar:6.2.4]
	at org.springframework.security.web.access.ExceptionTranslationFilter.doFilter(ExceptionTranslationFilter.java:126) ~[spring-security-web-6.2.4.jar:6.2.4]
	at org.springframework.security.web.access.ExceptionTranslationFilter.doFilter(ExceptionTranslationFilter.java:120) ~[spring-security-web-6.2.4.jar:6.2.4]
	at org.springframework.security.web.ObservationFilterChainDecorator$ObservationFilter.wrapFilter(ObservationFilterChainDecorator.java:240) ~[spring-security-web-6.2.4.jar:6.2.4]
	at org.springframework.security.web.ObservationFilterChainDecorator$ObservationFilter.doFilter(ObservationFilterChainDecorator.java:227) ~[spring-security-web-6.2.4.jar:6.2.4]
	at org.springframework.security.web.ObservationFilterChainDecorator$VirtualFilterChain.doFilter(ObservationFilterChainDecorator.java:137) ~[spring-security-web-6.2.4.jar:6.2.4]
	at org.springframework.security.web.session.SessionManagementFilter.doFilter(SessionManagementFilter.java:131) ~[spring-security-web-6.2.4.jar:6.2.4]
	at org.springframework.security.web.session.SessionManagementFilter.doFilter(SessionManagementFilter.java:85) ~[spring-security-web-6.2.4.jar:6.2.4]
	at org.springframework.security.web.ObservationFilterChainDecorator$ObservationFilter.wrapFilter(ObservationFilterChainDecorator.java:240) ~[spring-security-web-6.2.4.jar:6.2.4]
	at org.springframework.security.web.ObservationFilterChainDecorator$ObservationFilter.doFilter(ObservationFilterChainDecorator.java:227) ~[spring-security-web-6.2.4.jar:6.2.4]
	at org.springframework.security.web.ObservationFilterChainDecorator$VirtualFilterChain.doFilter(ObservationFilterChainDecorator.java:137) ~[spring-security-web-6.2.4.jar:6.2.4]
	at org.springframework.security.web.authentication.AnonymousAuthenticationFilter.doFilter(AnonymousAuthenticationFilter.java:100) ~[spring-security-web-6.2.4.jar:6.2.4]
	at org.springframework.security.web.ObservationFilterChainDecorator$ObservationFilter.wrapFilter(ObservationFilterChainDecorator.java:240) ~[spring-security-web-6.2.4.jar:6.2.4]
	at org.springframework.security.web.ObservationFilterChainDecorator$ObservationFilter.doFilter(ObservationFilterChainDecorator.java:227) ~[spring-security-web-6.2.4.jar:6.2.4]
	at org.springframework.security.web.ObservationFilterChainDecorator$VirtualFilterChain.doFilter(ObservationFilterChainDecorator.java:137) ~[spring-security-web-6.2.4.jar:6.2.4]
	at org.springframework.security.web.servletapi.SecurityContextHolderAwareRequestFilter.doFilter(SecurityContextHolderAwareRequestFilter.java:179) ~[spring-security-web-6.2.4.jar:6.2.4]
	at org.springframework.security.web.ObservationFilterChainDecorator$ObservationFilter.wrapFilter(ObservationFilterChainDecorator.java:240) ~[spring-security-web-6.2.4.jar:6.2.4]
	at org.springframework.security.web.ObservationFilterChainDecorator$ObservationFilter.doFilter(ObservationFilterChainDecorator.java:227) ~[spring-security-web-6.2.4.jar:6.2.4]
	at org.springframework.security.web.ObservationFilterChainDecorator$VirtualFilterChain.doFilter(ObservationFilterChainDecorator.java:137) ~[spring-security-web-6.2.4.jar:6.2.4]
	at org.springframework.security.web.savedrequest.RequestCacheAwareFilter.doFilter(RequestCacheAwareFilter.java:63) ~[spring-security-web-6.2.4.jar:6.2.4]
	at org.springframework.security.web.ObservationFilterChainDecorator$ObservationFilter.wrapFilter(ObservationFilterChainDecorator.java:240) ~[spring-security-web-6.2.4.jar:6.2.4]
	at org.springframework.security.web.ObservationFilterChainDecorator$ObservationFilter.doFilter(ObservationFilterChainDecorator.java:227) ~[spring-security-web-6.2.4.jar:6.2.4]
	at org.springframework.security.web.ObservationFilterChainDecorator$VirtualFilterChain.doFilter(ObservationFilterChainDecorator.java:137) ~[spring-security-web-6.2.4.jar:6.2.4]
	at com.classmanager.cms_backend.security.jwt.JwtAuthenticationFilter.doFilterInternal(JwtAuthenticationFilter.java:47) ~[classes/:?]
	at org.springframework.web.filter.OncePerRequestFilter.doFilter(OncePerRequestFilter.java:116) ~[spring-web-6.1.6.jar:6.1.6]
	at org.springframework.security.web.ObservationFilterChainDecorator$ObservationFilter.wrapFilter(ObservationFilterChainDecorator.java:240) ~[spring-security-web-6.2.4.jar:6.2.4]
	at org.springframework.security.web.ObservationFilterChainDecorator$ObservationFilter.doFilter(ObservationFilterChainDecorator.java:227) ~[spring-security-web-6.2.4.jar:6.2.4]
	at org.springframework.security.web.ObservationFilterChainDecorator$VirtualFilterChain.doFilter(ObservationFilterChainDecorator.java:137) ~[spring-security-web-6.2.4.jar:6.2.4]
	at org.springframework.security.web.authentication.logout.LogoutFilter.doFilter(LogoutFilter.java:107) ~[spring-security-web-6.2.4.jar:6.2.4]
	at org.springframework.security.web.authentication.logout.LogoutFilter.doFilter(LogoutFilter.java:93) ~[spring-security-web-6.2.4.jar:6.2.4]
	at org.springframework.security.web.ObservationFilterChainDecorator$ObservationFilter.wrapFilter(ObservationFilterChainDecorator.java:240) ~[spring-security-web-6.2.4.jar:6.2.4]
	at org.springframework.security.web.ObservationFilterChainDecorator$ObservationFilter.doFilter(ObservationFilterChainDecorator.java:227) ~[spring-security-web-6.2.4.jar:6.2.4]
	at org.springframework.security.web.ObservationFilterChainDecorator$VirtualFilterChain.doFilter(ObservationFilterChainDecorator.java:137) ~[spring-security-web-6.2.4.jar:6.2.4]
	at org.springframework.web.filter.CorsFilter.doFilterInternal(CorsFilter.java:91) ~[spring-web-6.1.6.jar:6.1.6]
	at org.springframework.web.filter.OncePerRequestFilter.doFilter(OncePerRequestFilter.java:116) ~[spring-web-6.1.6.jar:6.1.6]
	at org.springframework.security.web.ObservationFilterChainDecorator$ObservationFilter.wrapFilter(ObservationFilterChainDecorator.java:240) ~[spring-security-web-6.2.4.jar:6.2.4]
	at org.springframework.security.web.ObservationFilterChainDecorator$ObservationFilter.doFilter(ObservationFilterChainDecorator.java:227) ~[spring-security-web-6.2.4.jar:6.2.4]
	at org.springframework.security.web.ObservationFilterChainDecorator$VirtualFilterChain.doFilter(ObservationFilterChainDecorator.java:137) ~[spring-security-web-6.2.4.jar:6.2.4]
	at org.springframework.security.web.header.HeaderWriterFilter.doHeadersAfter(HeaderWriterFilter.java:90) ~[spring-security-web-6.2.4.jar:6.2.4]
	at org.springframework.security.web.header.HeaderWriterFilter.doFilterInternal(HeaderWriterFilter.java:75) ~[spring-security-web-6.2.4.jar:6.2.4]
	at org.springframework.web.filter.OncePerRequestFilter.doFilter(OncePerRequestFilter.java:116) ~[spring-web-6.1.6.jar:6.1.6]
	at org.springframework.security.web.ObservationFilterChainDecorator$ObservationFilter.wrapFilter(ObservationFilterChainDecorator.java:240) ~[spring-security-web-6.2.4.jar:6.2.4]
	at org.springframework.security.web.ObservationFilterChainDecorator$ObservationFilter.doFilter(ObservationFilterChainDecorator.java:227) ~[spring-security-web-6.2.4.jar:6.2.4]
	at org.springframework.security.web.ObservationFilterChainDecorator$VirtualFilterChain.doFilter(ObservationFilterChainDecorator.java:137) ~[spring-security-web-6.2.4.jar:6.2.4]
	at org.springframework.security.web.context.SecurityContextHolderFilter.doFilter(SecurityContextHolderFilter.java:82) ~[spring-security-web-6.2.4.jar:6.2.4]
	at org.springframework.security.web.context.SecurityContextHolderFilter.doFilter(SecurityContextHolderFilter.java:69) ~[spring-security-web-6.2.4.jar:6.2.4]
	at org.springframework.security.web.ObservationFilterChainDecorator$ObservationFilter.wrapFilter(ObservationFilterChainDecorator.java:240) ~[spring-security-web-6.2.4.jar:6.2.4]
	at org.springframework.security.web.ObservationFilterChainDecorator$ObservationFilter.doFilter(ObservationFilterChainDecorator.java:227) ~[spring-security-web-6.2.4.jar:6.2.4]
	at org.springframework.security.web.ObservationFilterChainDecorator$VirtualFilterChain.doFilter(ObservationFilterChainDecorator.java:137) ~[spring-security-web-6.2.4.jar:6.2.4]
	at org.springframework.security.web.context.request.async.WebAsyncManagerIntegrationFilter.doFilterInternal(WebAsyncManagerIntegrationFilter.java:62) ~[spring-security-web-6.2.4.jar:6.2.4]
	at org.springframework.web.filter.OncePerRequestFilter.doFilter(OncePerRequestFilter.java:116) ~[spring-web-6.1.6.jar:6.1.6]
	at org.springframework.security.web.ObservationFilterChainDecorator$ObservationFilter.wrapFilter(ObservationFilterChainDecorator.java:240) ~[spring-security-web-6.2.4.jar:6.2.4]
	at org.springframework.security.web.ObservationFilterChainDecorator$ObservationFilter.doFilter(ObservationFilterChainDecorator.java:227) ~[spring-security-web-6.2.4.jar:6.2.4]
	at org.springframework.security.web.ObservationFilterChainDecorator$VirtualFilterChain.doFilter(ObservationFilterChainDecorator.java:137) ~[spring-security-web-6.2.4.jar:6.2.4]
	at org.springframework.security.web.session.DisableEncodeUrlFilter.doFilterInternal(DisableEncodeUrlFilter.java:42) ~[spring-security-web-6.2.4.jar:6.2.4]
	at org.springframework.web.filter.OncePerRequestFilter.doFilter(OncePerRequestFilter.java:116) ~[spring-web-6.1.6.jar:6.1.6]
	at org.springframework.security.web.ObservationFilterChainDecorator$ObservationFilter.wrapFilter(ObservationFilterChainDecorator.java:240) ~[spring-security-web-6.2.4.jar:6.2.4]
	at org.springframework.security.web.ObservationFilterChainDecorator$AroundFilterObservation$SimpleAroundFilterObservation.lambda$wrap$0(ObservationFilterChainDecorator.java:323) ~[spring-security-web-6.2.4.jar:6.2.4]
	at org.springframework.security.web.ObservationFilterChainDecorator$ObservationFilter.doFilter(ObservationFilterChainDecorator.java:224) ~[spring-security-web-6.2.4.jar:6.2.4]
	at org.springframework.security.web.ObservationFilterChainDecorator$VirtualFilterChain.doFilter(ObservationFilterChainDecorator.java:137) ~[spring-security-web-6.2.4.jar:6.2.4]
	at org.springframework.security.web.FilterChainProxy.doFilterInternal(FilterChainProxy.java:233) ~[spring-security-web-6.2.4.jar:6.2.4]
	at org.springframework.security.web.FilterChainProxy.doFilter(FilterChainProxy.java:191) ~[spring-security-web-6.2.4.jar:6.2.4]
	at org.springframework.web.filter.CompositeFilter$VirtualFilterChain.doFilter(CompositeFilter.java:113) ~[spring-web-6.1.6.jar:6.1.6]
	at org.springframework.web.servlet.handler.HandlerMappingIntrospector.lambda$createCacheFilter$3(HandlerMappingIntrospector.java:195) ~[spring-webmvc-6.1.6.jar:6.1.6]
	at org.springframework.web.filter.CompositeFilter$VirtualFilterChain.doFilter(CompositeFilter.java:113) ~[spring-web-6.1.6.jar:6.1.6]
	at org.springframework.web.filter.CompositeFilter.doFilter(CompositeFilter.java:74) ~[spring-web-6.1.6.jar:6.1.6]
	at org.springframework.security.config.annotation.web.configuration.WebMvcSecurityConfiguration$CompositeFilterChainProxy.doFilter(WebMvcSecurityConfiguration.java:230) ~[spring-security-config-6.2.4.jar:6.2.4]
	at org.springframework.web.filter.DelegatingFilterProxy.invokeDelegate(DelegatingFilterProxy.java:352) ~[spring-web-6.1.6.jar:6.1.6]
	at org.springframework.web.filter.DelegatingFilterProxy.doFilter(DelegatingFilterProxy.java:268) ~[spring-web-6.1.6.jar:6.1.6]
	at org.apache.catalina.core.ApplicationFilterChain.internalDoFilter(ApplicationFilterChain.java:175) ~[tomcat-embed-core-10.1.20.jar:10.1.20]
	at org.apache.catalina.core.ApplicationFilterChain.doFilter(ApplicationFilterChain.java:150) ~[tomcat-embed-core-10.1.20.jar:10.1.20]
	at org.springframework.web.filter.RequestContextFilter.doFilterInternal(RequestContextFilter.java:100) ~[spring-web-6.1.6.jar:6.1.6]
	at org.springframework.web.filter.OncePerRequestFilter.doFilter(OncePerRequestFilter.java:116) ~[spring-web-6.1.6.jar:6.1.6]
	at org.apache.catalina.core.ApplicationFilterChain.internalDoFilter(ApplicationFilterChain.java:175) ~[tomcat-embed-core-10.1.20.jar:10.1.20]
	at org.apache.catalina.core.ApplicationFilterChain.doFilter(ApplicationFilterChain.java:150) ~[tomcat-embed-core-10.1.20.jar:10.1.20]
	at org.springframework.web.filter.FormContentFilter.doFilterInternal(FormContentFilter.java:93) ~[spring-web-6.1.6.jar:6.1.6]
	at org.springframework.web.filter.OncePerRequestFilter.doFilter(OncePerRequestFilter.java:116) ~[spring-web-6.1.6.jar:6.1.6]
	at org.apache.catalina.core.ApplicationFilterChain.internalDoFilter(ApplicationFilterChain.java:175) ~[tomcat-embed-core-10.1.20.jar:10.1.20]
	at org.apache.catalina.core.ApplicationFilterChain.doFilter(ApplicationFilterChain.java:150) ~[tomcat-embed-core-10.1.20.jar:10.1.20]
	at org.springframework.web.filter.ServerHttpObservationFilter.doFilterInternal(ServerHttpObservationFilter.java:109) ~[spring-web-6.1.6.jar:6.1.6]
	at org.springframework.web.filter.OncePerRequestFilter.doFilter(OncePerRequestFilter.java:116) ~[spring-web-6.1.6.jar:6.1.6]
	at org.apache.catalina.core.ApplicationFilterChain.internalDoFilter(ApplicationFilterChain.java:175) ~[tomcat-embed-core-10.1.20.jar:10.1.20]
	at org.apache.catalina.core.ApplicationFilterChain.doFilter(ApplicationFilterChain.java:150) ~[tomcat-embed-core-10.1.20.jar:10.1.20]
	at org.springframework.web.filter.CharacterEncodingFilter.doFilterInternal(CharacterEncodingFilter.java:201) ~[spring-web-6.1.6.jar:6.1.6]
	at org.springframework.web.filter.OncePerRequestFilter.doFilter(OncePerRequestFilter.java:116) ~[spring-web-6.1.6.jar:6.1.6]
	at org.apache.catalina.core.ApplicationFilterChain.internalDoFilter(ApplicationFilterChain.java:175) ~[tomcat-embed-core-10.1.20.jar:10.1.20]
	at org.apache.catalina.core.ApplicationFilterChain.doFilter(ApplicationFilterChain.java:150) ~[tomcat-embed-core-10.1.20.jar:10.1.20]
	at org.apache.catalina.core.StandardWrapperValve.invoke(StandardWrapperValve.java:167) ~[tomcat-embed-core-10.1.20.jar:10.1.20]
	at org.apache.catalina.core.StandardContextValve.invoke(StandardContextValve.java:90) ~[tomcat-embed-core-10.1.20.jar:10.1.20]
	at org.apache.catalina.authenticator.AuthenticatorBase.invoke(AuthenticatorBase.java:482) ~[tomcat-embed-core-10.1.20.jar:10.1.20]
	at org.apache.catalina.core.StandardHostValve.invoke(StandardHostValve.java:115) ~[tomcat-embed-core-10.1.20.jar:10.1.20]
	at org.apache.catalina.valves.ErrorReportValve.invoke(ErrorReportValve.java:93) ~[tomcat-embed-core-10.1.20.jar:10.1.20]
	at org.apache.catalina.core.StandardEngineValve.invoke(StandardEngineValve.java:74) ~[tomcat-embed-core-10.1.20.jar:10.1.20]
	at org.apache.catalina.connector.CoyoteAdapter.service(CoyoteAdapter.java:344) ~[tomcat-embed-core-10.1.20.jar:10.1.20]
	at org.apache.coyote.http11.Http11Processor.service(Http11Processor.java:391) ~[tomcat-embed-core-10.1.20.jar:10.1.20]
	at org.apache.coyote.AbstractProcessorLight.process(AbstractProcessorLight.java:63) ~[tomcat-embed-core-10.1.20.jar:10.1.20]
	at org.apache.coyote.AbstractProtocol$ConnectionHandler.process(AbstractProtocol.java:896) ~[tomcat-embed-core-10.1.20.jar:10.1.20]
	at org.apache.tomcat.util.net.NioEndpoint$SocketProcessor.doRun(NioEndpoint.java:1736) ~[tomcat-embed-core-10.1.20.jar:10.1.20]
	at org.apache.tomcat.util.net.SocketProcessorBase.run(SocketProcessorBase.java:52) ~[tomcat-embed-core-10.1.20.jar:10.1.20]
	at org.apache.tomcat.util.threads.ThreadPoolExecutor.runWorker(ThreadPoolExecutor.java:1191) ~[tomcat-embed-core-10.1.20.jar:10.1.20]
	at org.apache.tomcat.util.threads.ThreadPoolExecutor$Worker.run(ThreadPoolExecutor.java:659) ~[tomcat-embed-core-10.1.20.jar:10.1.20]
	at org.apache.tomcat.util.threads.TaskThread$WrappingRunnable.run(TaskThread.java:63) ~[tomcat-embed-core-10.1.20.jar:10.1.20]
	at java.base/java.lang.Thread.run(Thread.java:1583) [?:?]
Caused by: java.io.FileNotFoundException: class path resource [templates/emails/teacher/teacher-welcome.subject.txt] cannot be opened because it does not exist
	at org.springframework.core.io.ClassPathResource.getInputStream(ClassPathResource.java:215) ~[spring-core-6.1.6.jar:6.1.6]
	at com.classmanager.cms_backend.service.EmailTemplateService.loadTemplate(EmailTemplateService.java:40) ~[classes/:?]
	... 163 more
[ERROR] 2026-04-02 16:42:35.472 [http-nio-8095-exec-1] batch - HHH100501: Exception executing batch [java.sql.BatchUpdateException: Batch entry 0 insert into users (branch_id,created_at,email,failed_login_attempts,fcm_token,full_name,is_active,is_deleted,last_login_at,locked_until,password_hash,password_reset_expires_at,password_reset_token,phone,tenant_id,updated_at,id) values (('b487b4b2-a5d5-40c4-a092-997affc802cf'::uuid),('2026-04-02 16:42:35.420807+05:30'),('golepratik862000+1@gmail.com'),('0'::int4),(NULL),('Rohit Sharma'),('TRUE'::boolean),('FALSE'::boolean),(NULL),(NULL),('$2a$12$EoeunSQMwuFJQgBsyuwjEOoSxR5q2gxF/TyCoqh87u1CirL6t7IgW'),(NULL),(NULL),('9876543211'),('11054d8e-2aa8-445f-a876-9eac82a8bf5e'::uuid),('2026-04-02 16:42:35.420807+05:30'),('f65a6e1e-3e0f-4546-8332-ad7cff45dba0'::uuid)) was aborted: ERROR: null value in column "role" of relation "users" violates not-null constraint
  Detail: Failing row contains (f65a6e1e-3e0f-4546-8332-ad7cff45dba0, 2026-04-02 16:42:35.420807, f, 11054d8e-2aa8-445f-a876-9eac82a8bf5e, 2026-04-02 16:42:35.420807, golepratik862000+1@gmail.com, 0, null, Rohit Sharma, t, null, null, $2a$12$EoeunSQMwuFJQgBsyuwjEOoSxR5q2gxF/TyCoqh87u1CirL6t7IgW, null, null, 9876543211, null, b487b4b2-a5d5-40c4-a092-997affc802cf).  Call getNextException to see other errors in the batch.], SQL: insert into users (branch_id,created_at,email,failed_login_attempts,fcm_token,full_name,is_active,is_deleted,last_login_at,locked_until,password_hash,password_reset_expires_at,password_reset_token,phone,tenant_id,updated_at,id) values (?,?,?,?,?,?,?,?,?,?,?,?,?,?,?,?,?)
[ERROR] 2026-04-02 16:42:35.473 [http-nio-8095-exec-1] SqlExceptionHelper - Batch entry 0 insert into users (branch_id,created_at,email,failed_login_attempts,fcm_token,full_name,is_active,is_deleted,last_login_at,locked_until,password_hash,password_reset_expires_at,password_reset_token,phone,tenant_id,updated_at,id) values (('b487b4b2-a5d5-40c4-a092-997affc802cf'::uuid),('2026-04-02 16:42:35.420807+05:30'),('golepratik862000+1@gmail.com'),('0'::int4),(NULL),('Rohit Sharma'),('TRUE'::boolean),('FALSE'::boolean),(NULL),(NULL),('$2a$12$EoeunSQMwuFJQgBsyuwjEOoSxR5q2gxF/TyCoqh87u1CirL6t7IgW'),(NULL),(NULL),('9876543211'),('11054d8e-2aa8-445f-a876-9eac82a8bf5e'::uuid),('2026-04-02 16:42:35.420807+05:30'),('f65a6e1e-3e0f-4546-8332-ad7cff45dba0'::uuid)) was aborted: ERROR: null value in column "role" of relation "users" violates not-null constraint
  Detail: Failing row contains (f65a6e1e-3e0f-4546-8332-ad7cff45dba0, 2026-04-02 16:42:35.420807, f, 11054d8e-2aa8-445f-a876-9eac82a8bf5e, 2026-04-02 16:42:35.420807, golepratik862000+1@gmail.com, 0, null, Rohit Sharma, t, null, null, $2a$12$EoeunSQMwuFJQgBsyuwjEOoSxR5q2gxF/TyCoqh87u1CirL6t7IgW, null, null, 9876543211, null, b487b4b2-a5d5-40c4-a092-997affc802cf).  Call getNextException to see other errors in the batch.
[ERROR] 2026-04-02 16:42:35.474 [http-nio-8095-exec-1] SqlExceptionHelper - ERROR: null value in column "role" of relation "users" violates not-null constraint
  Detail: Failing row contains (f65a6e1e-3e0f-4546-8332-ad7cff45dba0, 2026-04-02 16:42:35.420807, f, 11054d8e-2aa8-445f-a876-9eac82a8bf5e, 2026-04-02 16:42:35.420807, golepratik862000+1@gmail.com, 0, null, Rohit Sharma, t, null, null, $2a$12$EoeunSQMwuFJQgBsyuwjEOoSxR5q2gxF/TyCoqh87u1CirL6t7IgW, null, null, 9876543211, null, b487b4b2-a5d5-40c4-a092-997affc802cf).
[ERROR] 2026-04-02 16:42:35.495 [http-nio-8095-exec-1] GlobalExceptionHandler - Unexpected error: could not execute batch [Batch entry 0 insert into users (branch_id,created_at,email,failed_login_attempts,fcm_token,full_name,is_active,is_deleted,last_login_at,locked_until,password_hash,password_reset_expires_at,password_reset_token,phone,tenant_id,updated_at,id) values (('b487b4b2-a5d5-40c4-a092-997affc802cf'::uuid),('2026-04-02 16:42:35.420807+05:30'),('golepratik862000+1@gmail.com'),('0'::int4),(NULL),('Rohit Sharma'),('TRUE'::boolean),('FALSE'::boolean),(NULL),(NULL),('$2a$12$EoeunSQMwuFJQgBsyuwjEOoSxR5q2gxF/TyCoqh87u1CirL6t7IgW'),(NULL),(NULL),('9876543211'),('11054d8e-2aa8-445f-a876-9eac82a8bf5e'::uuid),('2026-04-02 16:42:35.420807+05:30'),('f65a6e1e-3e0f-4546-8332-ad7cff45dba0'::uuid)) was aborted: ERROR: null value in column "role" of relation "users" violates not-null constraint
  Detail: Failing row contains (f65a6e1e-3e0f-4546-8332-ad7cff45dba0, 2026-04-02 16:42:35.420807, f, 11054d8e-2aa8-445f-a876-9eac82a8bf5e, 2026-04-02 16:42:35.420807, golepratik862000+1@gmail.com, 0, null, Rohit Sharma, t, null, null, $2a$12$EoeunSQMwuFJQgBsyuwjEOoSxR5q2gxF/TyCoqh87u1CirL6t7IgW, null, null, 9876543211, null, b487b4b2-a5d5-40c4-a092-997affc802cf).  Call getNextException to see other errors in the batch.] [insert into users (branch_id,created_at,email,failed_login_attempts,fcm_token,full_name,is_active,is_deleted,last_login_at,locked_until,password_hash,password_reset_expires_at,password_reset_token,phone,tenant_id,updated_at,id) values (?,?,?,?,?,?,?,?,?,?,?,?,?,?,?,?,?)]; SQL [insert into users (branch_id,created_at,email,failed_login_attempts,fcm_token,full_name,is_active,is_deleted,last_login_at,locked_until,password_hash,password_reset_expires_at,password_reset_token,phone,tenant_id,updated_at,id) values (?,?,?,?,?,?,?,?,?,?,?,?,?,?,?,?,?)]; constraint [role" of relation "users]
org.springframework.dao.DataIntegrityViolationException: could not execute batch [Batch entry 0 insert into users (branch_id,created_at,email,failed_login_attempts,fcm_token,full_name,is_active,is_deleted,last_login_at,locked_until,password_hash,password_reset_expires_at,password_reset_token,phone,tenant_id,updated_at,id) values (('b487b4b2-a5d5-40c4-a092-997affc802cf'::uuid),('2026-04-02 16:42:35.420807+05:30'),('golepratik862000+1@gmail.com'),('0'::int4),(NULL),('Rohit Sharma'),('TRUE'::boolean),('FALSE'::boolean),(NULL),(NULL),('$2a$12$EoeunSQMwuFJQgBsyuwjEOoSxR5q2gxF/TyCoqh87u1CirL6t7IgW'),(NULL),(NULL),('9876543211'),('11054d8e-2aa8-445f-a876-9eac82a8bf5e'::uuid),('2026-04-02 16:42:35.420807+05:30'),('f65a6e1e-3e0f-4546-8332-ad7cff45dba0'::uuid)) was aborted: ERROR: null value in column "role" of relation "users" violates not-null constraint
  Detail: Failing row contains (f65a6e1e-3e0f-4546-8332-ad7cff45dba0, 2026-04-02 16:42:35.420807, f, 11054d8e-2aa8-445f-a876-9eac82a8bf5e, 2026-04-02 16:42:35.420807, golepratik862000+1@gmail.com, 0, null, Rohit Sharma, t, null, null, $2a$12$EoeunSQMwuFJQgBsyuwjEOoSxR5q2gxF/TyCoqh87u1CirL6t7IgW, null, null, 9876543211, null, b487b4b2-a5d5-40c4-a092-997affc802cf).  Call getNextException to see other errors in the batch.] [insert into users (branch_id,created_at,email,failed_login_attempts,fcm_token,full_name,is_active,is_deleted,last_login_at,locked_until,password_hash,password_reset_expires_at,password_reset_token,phone,tenant_id,updated_at,id) values (?,?,?,?,?,?,?,?,?,?,?,?,?,?,?,?,?)]; SQL [insert into users (branch_id,created_at,email,failed_login_attempts,fcm_token,full_name,is_active,is_deleted,last_login_at,locked_until,password_hash,password_reset_expires_at,password_reset_token,phone,tenant_id,updated_at,id) values (?,?,?,?,?,?,?,?,?,?,?,?,?,?,?,?,?)]; constraint [role" of relation "users]
	at org.springframework.orm.jpa.vendor.HibernateJpaDialect.convertHibernateAccessException(HibernateJpaDialect.java:290) ~[spring-orm-6.1.6.jar:6.1.6]
	at org.springframework.orm.jpa.vendor.HibernateJpaDialect.translateExceptionIfPossible(HibernateJpaDialect.java:241) ~[spring-orm-6.1.6.jar:6.1.6]
	at org.springframework.orm.jpa.JpaTransactionManager.doCommit(JpaTransactionManager.java:566) ~[spring-orm-6.1.6.jar:6.1.6]
	at org.springframework.transaction.support.AbstractPlatformTransactionManager.processCommit(AbstractPlatformTransactionManager.java:794) ~[spring-tx-6.1.6.jar:6.1.6]
	at org.springframework.transaction.support.AbstractPlatformTransactionManager.commit(AbstractPlatformTransactionManager.java:757) ~[spring-tx-6.1.6.jar:6.1.6]
	at org.springframework.transaction.interceptor.TransactionAspectSupport.commitTransactionAfterReturning(TransactionAspectSupport.java:676) ~[spring-tx-6.1.6.jar:6.1.6]
	at org.springframework.transaction.interceptor.TransactionAspectSupport.invokeWithinTransaction(TransactionAspectSupport.java:426) ~[spring-tx-6.1.6.jar:6.1.6]
	at org.springframework.transaction.interceptor.TransactionInterceptor.invoke(TransactionInterceptor.java:119) ~[spring-tx-6.1.6.jar:6.1.6]
	at org.springframework.aop.framework.ReflectiveMethodInvocation.proceed(ReflectiveMethodInvocation.java:184) ~[spring-aop-6.1.6.jar:6.1.6]
	at org.springframework.aop.framework.CglibAopProxy$CglibMethodInvocation.proceed(CglibAopProxy.java:768) ~[spring-aop-6.1.6.jar:6.1.6]
	at org.springframework.aop.framework.CglibAopProxy$DynamicAdvisedInterceptor.intercept(CglibAopProxy.java:720) ~[spring-aop-6.1.6.jar:6.1.6]
	at com.classmanager.cms_backend.service.UserManagementService$$SpringCGLIB$$0.createTeacher(<generated>) ~[classes/:?]
	at com.classmanager.cms_backend.controller.UserController.createTeacher(UserController.java:88) ~[classes/:?]
	at java.base/jdk.internal.reflect.DirectMethodHandleAccessor.invoke(DirectMethodHandleAccessor.java:103) ~[?:?]
	at java.base/java.lang.reflect.Method.invoke(Method.java:580) ~[?:?]
	at org.springframework.aop.support.AopUtils.invokeJoinpointUsingReflection(AopUtils.java:354) ~[spring-aop-6.1.6.jar:6.1.6]
	at org.springframework.aop.framework.ReflectiveMethodInvocation.invokeJoinpoint(ReflectiveMethodInvocation.java:196) ~[spring-aop-6.1.6.jar:6.1.6]
	at org.springframework.aop.framework.ReflectiveMethodInvocation.proceed(ReflectiveMethodInvocation.java:163) ~[spring-aop-6.1.6.jar:6.1.6]
	at org.springframework.aop.framework.CglibAopProxy$CglibMethodInvocation.proceed(CglibAopProxy.java:768) ~[spring-aop-6.1.6.jar:6.1.6]
	at org.springframework.security.authorization.method.AuthorizationManagerBeforeMethodInterceptor.invoke(AuthorizationManagerBeforeMethodInterceptor.java:198) ~[spring-security-core-6.2.4.jar:6.2.4]
	at org.springframework.aop.framework.ReflectiveMethodInvocation.proceed(ReflectiveMethodInvocation.java:184) ~[spring-aop-6.1.6.jar:6.1.6]
	at org.springframework.aop.framework.CglibAopProxy$CglibMethodInvocation.proceed(CglibAopProxy.java:768) ~[spring-aop-6.1.6.jar:6.1.6]
	at org.springframework.aop.framework.CglibAopProxy$DynamicAdvisedInterceptor.intercept(CglibAopProxy.java:720) ~[spring-aop-6.1.6.jar:6.1.6]
	at com.classmanager.cms_backend.controller.UserController$$SpringCGLIB$$0.createTeacher(<generated>) ~[classes/:?]
	at java.base/jdk.internal.reflect.DirectMethodHandleAccessor.invoke(DirectMethodHandleAccessor.java:103) ~[?:?]
	at java.base/java.lang.reflect.Method.invoke(Method.java:580) ~[?:?]
	at org.springframework.web.method.support.InvocableHandlerMethod.doInvoke(InvocableHandlerMethod.java:255) ~[spring-web-6.1.6.jar:6.1.6]
	at org.springframework.web.method.support.InvocableHandlerMethod.invokeForRequest(InvocableHandlerMethod.java:188) ~[spring-web-6.1.6.jar:6.1.6]
	at org.springframework.web.servlet.mvc.method.annotation.ServletInvocableHandlerMethod.invokeAndHandle(ServletInvocableHandlerMethod.java:118) ~[spring-webmvc-6.1.6.jar:6.1.6]
	at org.springframework.web.servlet.mvc.method.annotation.RequestMappingHandlerAdapter.invokeHandlerMethod(RequestMappingHandlerAdapter.java:926) ~[spring-webmvc-6.1.6.jar:6.1.6]
	at org.springframework.web.servlet.mvc.method.annotation.RequestMappingHandlerAdapter.handleInternal(RequestMappingHandlerAdapter.java:831) ~[spring-webmvc-6.1.6.jar:6.1.6]
	at org.springframework.web.servlet.mvc.method.AbstractHandlerMethodAdapter.handle(AbstractHandlerMethodAdapter.java:87) ~[spring-webmvc-6.1.6.jar:6.1.6]
	at org.springframework.web.servlet.DispatcherServlet.doDispatch(DispatcherServlet.java:1089) ~[spring-webmvc-6.1.6.jar:6.1.6]
	at org.springframework.web.servlet.DispatcherServlet.doService(DispatcherServlet.java:979) ~[spring-webmvc-6.1.6.jar:6.1.6]
	at org.springframework.web.servlet.FrameworkServlet.processRequest(FrameworkServlet.java:1014) ~[spring-webmvc-6.1.6.jar:6.1.6]
	at org.springframework.web.servlet.FrameworkServlet.doPost(FrameworkServlet.java:914) ~[spring-webmvc-6.1.6.jar:6.1.6]
	at jakarta.servlet.http.HttpServlet.service(HttpServlet.java:590) ~[tomcat-embed-core-10.1.20.jar:6.0]
	at org.springframework.web.servlet.FrameworkServlet.service(FrameworkServlet.java:885) ~[spring-webmvc-6.1.6.jar:6.1.6]
	at jakarta.servlet.http.HttpServlet.service(HttpServlet.java:658) ~[tomcat-embed-core-10.1.20.jar:6.0]
	at org.apache.catalina.core.ApplicationFilterChain.internalDoFilter(ApplicationFilterChain.java:206) ~[tomcat-embed-core-10.1.20.jar:10.1.20]
	at org.apache.catalina.core.ApplicationFilterChain.doFilter(ApplicationFilterChain.java:150) ~[tomcat-embed-core-10.1.20.jar:10.1.20]
	at org.apache.tomcat.websocket.server.WsFilter.doFilter(WsFilter.java:51) ~[tomcat-embed-websocket-10.1.20.jar:10.1.20]
	at org.apache.catalina.core.ApplicationFilterChain.internalDoFilter(ApplicationFilterChain.java:175) ~[tomcat-embed-core-10.1.20.jar:10.1.20]
	at org.apache.catalina.core.ApplicationFilterChain.doFilter(ApplicationFilterChain.java:150) ~[tomcat-embed-core-10.1.20.jar:10.1.20]
	at org.springframework.web.filter.OncePerRequestFilter.doFilter(OncePerRequestFilter.java:110) ~[spring-web-6.1.6.jar:6.1.6]
	at org.apache.catalina.core.ApplicationFilterChain.internalDoFilter(ApplicationFilterChain.java:175) ~[tomcat-embed-core-10.1.20.jar:10.1.20]
	at org.apache.catalina.core.ApplicationFilterChain.doFilter(ApplicationFilterChain.java:150) ~[tomcat-embed-core-10.1.20.jar:10.1.20]
	at org.springframework.web.filter.CompositeFilter$VirtualFilterChain.doFilter(CompositeFilter.java:108) ~[spring-web-6.1.6.jar:6.1.6]
	at org.springframework.security.web.FilterChainProxy.lambda$doFilterInternal$3(FilterChainProxy.java:231) ~[spring-security-web-6.2.4.jar:6.2.4]
	at org.springframework.security.web.ObservationFilterChainDecorator$FilterObservation$SimpleFilterObservation.lambda$wrap$1(ObservationFilterChainDecorator.java:479) ~[spring-security-web-6.2.4.jar:6.2.4]
	at org.springframework.security.web.ObservationFilterChainDecorator$AroundFilterObservation$SimpleAroundFilterObservation.lambda$wrap$1(ObservationFilterChainDecorator.java:340) ~[spring-security-web-6.2.4.jar:6.2.4]
	at org.springframework.security.web.ObservationFilterChainDecorator.lambda$wrapSecured$0(ObservationFilterChainDecorator.java:82) ~[spring-security-web-6.2.4.jar:6.2.4]
	at org.springframework.security.web.ObservationFilterChainDecorator$VirtualFilterChain.doFilter(ObservationFilterChainDecorator.java:128) ~[spring-security-web-6.2.4.jar:6.2.4]
	at org.springframework.security.web.access.intercept.AuthorizationFilter.doFilter(AuthorizationFilter.java:100) ~[spring-security-web-6.2.4.jar:6.2.4]
	at org.springframework.security.web.ObservationFilterChainDecorator$ObservationFilter.wrapFilter(ObservationFilterChainDecorator.java:240) ~[spring-security-web-6.2.4.jar:6.2.4]
	at org.springframework.security.web.ObservationFilterChainDecorator$ObservationFilter.doFilter(ObservationFilterChainDecorator.java:227) ~[spring-security-web-6.2.4.jar:6.2.4]
	at org.springframework.security.web.ObservationFilterChainDecorator$VirtualFilterChain.doFilter(ObservationFilterChainDecorator.java:137) ~[spring-security-web-6.2.4.jar:6.2.4]
	at org.springframework.security.web.access.ExceptionTranslationFilter.doFilter(ExceptionTranslationFilter.java:126) ~[spring-security-web-6.2.4.jar:6.2.4]
	at org.springframework.security.web.access.ExceptionTranslationFilter.doFilter(ExceptionTranslationFilter.java:120) ~[spring-security-web-6.2.4.jar:6.2.4]
	at org.springframework.security.web.ObservationFilterChainDecorator$ObservationFilter.wrapFilter(ObservationFilterChainDecorator.java:240) ~[spring-security-web-6.2.4.jar:6.2.4]
	at org.springframework.security.web.ObservationFilterChainDecorator$ObservationFilter.doFilter(ObservationFilterChainDecorator.java:227) ~[spring-security-web-6.2.4.jar:6.2.4]
	at org.springframework.security.web.ObservationFilterChainDecorator$VirtualFilterChain.doFilter(ObservationFilterChainDecorator.java:137) ~[spring-security-web-6.2.4.jar:6.2.4]
	at org.springframework.security.web.session.SessionManagementFilter.doFilter(SessionManagementFilter.java:131) ~[spring-security-web-6.2.4.jar:6.2.4]
	at org.springframework.security.web.session.SessionManagementFilter.doFilter(SessionManagementFilter.java:85) ~[spring-security-web-6.2.4.jar:6.2.4]
	at org.springframework.security.web.ObservationFilterChainDecorator$ObservationFilter.wrapFilter(ObservationFilterChainDecorator.java:240) ~[spring-security-web-6.2.4.jar:6.2.4]
	at org.springframework.security.web.ObservationFilterChainDecorator$ObservationFilter.doFilter(ObservationFilterChainDecorator.java:227) ~[spring-security-web-6.2.4.jar:6.2.4]
	at org.springframework.security.web.ObservationFilterChainDecorator$VirtualFilterChain.doFilter(ObservationFilterChainDecorator.java:137) ~[spring-security-web-6.2.4.jar:6.2.4]
	at org.springframework.security.web.authentication.AnonymousAuthenticationFilter.doFilter(AnonymousAuthenticationFilter.java:100) ~[spring-security-web-6.2.4.jar:6.2.4]
	at org.springframework.security.web.ObservationFilterChainDecorator$ObservationFilter.wrapFilter(ObservationFilterChainDecorator.java:240) ~[spring-security-web-6.2.4.jar:6.2.4]
	at org.springframework.security.web.ObservationFilterChainDecorator$ObservationFilter.doFilter(ObservationFilterChainDecorator.java:227) ~[spring-security-web-6.2.4.jar:6.2.4]
	at org.springframework.security.web.ObservationFilterChainDecorator$VirtualFilterChain.doFilter(ObservationFilterChainDecorator.java:137) ~[spring-security-web-6.2.4.jar:6.2.4]
	at org.springframework.security.web.servletapi.SecurityContextHolderAwareRequestFilter.doFilter(SecurityContextHolderAwareRequestFilter.java:179) ~[spring-security-web-6.2.4.jar:6.2.4]
	at org.springframework.security.web.ObservationFilterChainDecorator$ObservationFilter.wrapFilter(ObservationFilterChainDecorator.java:240) ~[spring-security-web-6.2.4.jar:6.2.4]
	at org.springframework.security.web.ObservationFilterChainDecorator$ObservationFilter.doFilter(ObservationFilterChainDecorator.java:227) ~[spring-security-web-6.2.4.jar:6.2.4]
	at org.springframework.security.web.ObservationFilterChainDecorator$VirtualFilterChain.doFilter(ObservationFilterChainDecorator.java:137) ~[spring-security-web-6.2.4.jar:6.2.4]
	at org.springframework.security.web.savedrequest.RequestCacheAwareFilter.doFilter(RequestCacheAwareFilter.java:63) ~[spring-security-web-6.2.4.jar:6.2.4]
	at org.springframework.security.web.ObservationFilterChainDecorator$ObservationFilter.wrapFilter(ObservationFilterChainDecorator.java:240) ~[spring-security-web-6.2.4.jar:6.2.4]
	at org.springframework.security.web.ObservationFilterChainDecorator$ObservationFilter.doFilter(ObservationFilterChainDecorator.java:227) ~[spring-security-web-6.2.4.jar:6.2.4]
	at org.springframework.security.web.ObservationFilterChainDecorator$VirtualFilterChain.doFilter(ObservationFilterChainDecorator.java:137) ~[spring-security-web-6.2.4.jar:6.2.4]
	at com.classmanager.cms_backend.security.jwt.JwtAuthenticationFilter.doFilterInternal(JwtAuthenticationFilter.java:47) ~[classes/:?]
	at org.springframework.web.filter.OncePerRequestFilter.doFilter(OncePerRequestFilter.java:116) ~[spring-web-6.1.6.jar:6.1.6]
	at org.springframework.security.web.ObservationFilterChainDecorator$ObservationFilter.wrapFilter(ObservationFilterChainDecorator.java:240) ~[spring-security-web-6.2.4.jar:6.2.4]
	at org.springframework.security.web.ObservationFilterChainDecorator$ObservationFilter.doFilter(ObservationFilterChainDecorator.java:227) ~[spring-security-web-6.2.4.jar:6.2.4]
	at org.springframework.security.web.ObservationFilterChainDecorator$VirtualFilterChain.doFilter(ObservationFilterChainDecorator.java:137) ~[spring-security-web-6.2.4.jar:6.2.4]
	at org.springframework.security.web.authentication.logout.LogoutFilter.doFilter(LogoutFilter.java:107) ~[spring-security-web-6.2.4.jar:6.2.4]
	at org.springframework.security.web.authentication.logout.LogoutFilter.doFilter(LogoutFilter.java:93) ~[spring-security-web-6.2.4.jar:6.2.4]
	at org.springframework.security.web.ObservationFilterChainDecorator$ObservationFilter.wrapFilter(ObservationFilterChainDecorator.java:240) ~[spring-security-web-6.2.4.jar:6.2.4]
	at org.springframework.security.web.ObservationFilterChainDecorator$ObservationFilter.doFilter(ObservationFilterChainDecorator.java:227) ~[spring-security-web-6.2.4.jar:6.2.4]
	at org.springframework.security.web.ObservationFilterChainDecorator$VirtualFilterChain.doFilter(ObservationFilterChainDecorator.java:137) ~[spring-security-web-6.2.4.jar:6.2.4]
	at org.springframework.web.filter.CorsFilter.doFilterInternal(CorsFilter.java:91) ~[spring-web-6.1.6.jar:6.1.6]
	at org.springframework.web.filter.OncePerRequestFilter.doFilter(OncePerRequestFilter.java:116) ~[spring-web-6.1.6.jar:6.1.6]
	at org.springframework.security.web.ObservationFilterChainDecorator$ObservationFilter.wrapFilter(ObservationFilterChainDecorator.java:240) ~[spring-security-web-6.2.4.jar:6.2.4]
	at org.springframework.security.web.ObservationFilterChainDecorator$ObservationFilter.doFilter(ObservationFilterChainDecorator.java:227) ~[spring-security-web-6.2.4.jar:6.2.4]
	at org.springframework.security.web.ObservationFilterChainDecorator$VirtualFilterChain.doFilter(ObservationFilterChainDecorator.java:137) ~[spring-security-web-6.2.4.jar:6.2.4]
	at org.springframework.security.web.header.HeaderWriterFilter.doHeadersAfter(HeaderWriterFilter.java:90) ~[spring-security-web-6.2.4.jar:6.2.4]
	at org.springframework.security.web.header.HeaderWriterFilter.doFilterInternal(HeaderWriterFilter.java:75) ~[spring-security-web-6.2.4.jar:6.2.4]
	at org.springframework.web.filter.OncePerRequestFilter.doFilter(OncePerRequestFilter.java:116) ~[spring-web-6.1.6.jar:6.1.6]
	at org.springframework.security.web.ObservationFilterChainDecorator$ObservationFilter.wrapFilter(ObservationFilterChainDecorator.java:240) ~[spring-security-web-6.2.4.jar:6.2.4]
	at org.springframework.security.web.ObservationFilterChainDecorator$ObservationFilter.doFilter(ObservationFilterChainDecorator.java:227) ~[spring-security-web-6.2.4.jar:6.2.4]
	at org.springframework.security.web.ObservationFilterChainDecorator$VirtualFilterChain.doFilter(ObservationFilterChainDecorator.java:137) ~[spring-security-web-6.2.4.jar:6.2.4]
	at org.springframework.security.web.context.SecurityContextHolderFilter.doFilter(SecurityContextHolderFilter.java:82) ~[spring-security-web-6.2.4.jar:6.2.4]
	at org.springframework.security.web.context.SecurityContextHolderFilter.doFilter(SecurityContextHolderFilter.java:69) ~[spring-security-web-6.2.4.jar:6.2.4]
	at org.springframework.security.web.ObservationFilterChainDecorator$ObservationFilter.wrapFilter(ObservationFilterChainDecorator.java:240) ~[spring-security-web-6.2.4.jar:6.2.4]
	at org.springframework.security.web.ObservationFilterChainDecorator$ObservationFilter.doFilter(ObservationFilterChainDecorator.java:227) ~[spring-security-web-6.2.4.jar:6.2.4]
	at org.springframework.security.web.ObservationFilterChainDecorator$VirtualFilterChain.doFilter(ObservationFilterChainDecorator.java:137) ~[spring-security-web-6.2.4.jar:6.2.4]
	at org.springframework.security.web.context.request.async.WebAsyncManagerIntegrationFilter.doFilterInternal(WebAsyncManagerIntegrationFilter.java:62) ~[spring-security-web-6.2.4.jar:6.2.4]
	at org.springframework.web.filter.OncePerRequestFilter.doFilter(OncePerRequestFilter.java:116) ~[spring-web-6.1.6.jar:6.1.6]
	at org.springframework.security.web.ObservationFilterChainDecorator$ObservationFilter.wrapFilter(ObservationFilterChainDecorator.java:240) ~[spring-security-web-6.2.4.jar:6.2.4]
	at org.springframework.security.web.ObservationFilterChainDecorator$ObservationFilter.doFilter(ObservationFilterChainDecorator.java:227) ~[spring-security-web-6.2.4.jar:6.2.4]
	at org.springframework.security.web.ObservationFilterChainDecorator$VirtualFilterChain.doFilter(ObservationFilterChainDecorator.java:137) ~[spring-security-web-6.2.4.jar:6.2.4]
	at org.springframework.security.web.session.DisableEncodeUrlFilter.doFilterInternal(DisableEncodeUrlFilter.java:42) ~[spring-security-web-6.2.4.jar:6.2.4]
	at org.springframework.web.filter.OncePerRequestFilter.doFilter(OncePerRequestFilter.java:116) ~[spring-web-6.1.6.jar:6.1.6]
	at org.springframework.security.web.ObservationFilterChainDecorator$ObservationFilter.wrapFilter(ObservationFilterChainDecorator.java:240) ~[spring-security-web-6.2.4.jar:6.2.4]
	at org.springframework.security.web.ObservationFilterChainDecorator$AroundFilterObservation$SimpleAroundFilterObservation.lambda$wrap$0(ObservationFilterChainDecorator.java:323) ~[spring-security-web-6.2.4.jar:6.2.4]
	at org.springframework.security.web.ObservationFilterChainDecorator$ObservationFilter.doFilter(ObservationFilterChainDecorator.java:224) ~[spring-security-web-6.2.4.jar:6.2.4]
	at org.springframework.security.web.ObservationFilterChainDecorator$VirtualFilterChain.doFilter(ObservationFilterChainDecorator.java:137) ~[spring-security-web-6.2.4.jar:6.2.4]
	at org.springframework.security.web.FilterChainProxy.doFilterInternal(FilterChainProxy.java:233) ~[spring-security-web-6.2.4.jar:6.2.4]
	at org.springframework.security.web.FilterChainProxy.doFilter(FilterChainProxy.java:191) ~[spring-security-web-6.2.4.jar:6.2.4]
	at org.springframework.web.filter.CompositeFilter$VirtualFilterChain.doFilter(CompositeFilter.java:113) ~[spring-web-6.1.6.jar:6.1.6]
	at org.springframework.web.servlet.handler.HandlerMappingIntrospector.lambda$createCacheFilter$3(HandlerMappingIntrospector.java:195) ~[spring-webmvc-6.1.6.jar:6.1.6]
	at org.springframework.web.filter.CompositeFilter$VirtualFilterChain.doFilter(CompositeFilter.java:113) ~[spring-web-6.1.6.jar:6.1.6]
	at org.springframework.web.filter.CompositeFilter.doFilter(CompositeFilter.java:74) ~[spring-web-6.1.6.jar:6.1.6]
	at org.springframework.security.config.annotation.web.configuration.WebMvcSecurityConfiguration$CompositeFilterChainProxy.doFilter(WebMvcSecurityConfiguration.java:230) ~[spring-security-config-6.2.4.jar:6.2.4]
	at org.springframework.web.filter.DelegatingFilterProxy.invokeDelegate(DelegatingFilterProxy.java:352) ~[spring-web-6.1.6.jar:6.1.6]
	at org.springframework.web.filter.DelegatingFilterProxy.doFilter(DelegatingFilterProxy.java:268) ~[spring-web-6.1.6.jar:6.1.6]
	at org.apache.catalina.core.ApplicationFilterChain.internalDoFilter(ApplicationFilterChain.java:175) ~[tomcat-embed-core-10.1.20.jar:10.1.20]
	at org.apache.catalina.core.ApplicationFilterChain.doFilter(ApplicationFilterChain.java:150) ~[tomcat-embed-core-10.1.20.jar:10.1.20]
	at org.springframework.web.filter.RequestContextFilter.doFilterInternal(RequestContextFilter.java:100) ~[spring-web-6.1.6.jar:6.1.6]
	at org.springframework.web.filter.OncePerRequestFilter.doFilter(OncePerRequestFilter.java:116) ~[spring-web-6.1.6.jar:6.1.6]
	at org.apache.catalina.core.ApplicationFilterChain.internalDoFilter(ApplicationFilterChain.java:175) ~[tomcat-embed-core-10.1.20.jar:10.1.20]
	at org.apache.catalina.core.ApplicationFilterChain.doFilter(ApplicationFilterChain.java:150) ~[tomcat-embed-core-10.1.20.jar:10.1.20]
	at org.springframework.web.filter.FormContentFilter.doFilterInternal(FormContentFilter.java:93) ~[spring-web-6.1.6.jar:6.1.6]
	at org.springframework.web.filter.OncePerRequestFilter.doFilter(OncePerRequestFilter.java:116) ~[spring-web-6.1.6.jar:6.1.6]
	at org.apache.catalina.core.ApplicationFilterChain.internalDoFilter(ApplicationFilterChain.java:175) ~[tomcat-embed-core-10.1.20.jar:10.1.20]
	at org.apache.catalina.core.ApplicationFilterChain.doFilter(ApplicationFilterChain.java:150) ~[tomcat-embed-core-10.1.20.jar:10.1.20]
	at org.springframework.web.filter.ServerHttpObservationFilter.doFilterInternal(ServerHttpObservationFilter.java:109) ~[spring-web-6.1.6.jar:6.1.6]
	at org.springframework.web.filter.OncePerRequestFilter.doFilter(OncePerRequestFilter.java:116) ~[spring-web-6.1.6.jar:6.1.6]
	at org.apache.catalina.core.ApplicationFilterChain.internalDoFilter(ApplicationFilterChain.java:175) ~[tomcat-embed-core-10.1.20.jar:10.1.20]
	at org.apache.catalina.core.ApplicationFilterChain.doFilter(ApplicationFilterChain.java:150) ~[tomcat-embed-core-10.1.20.jar:10.1.20]
	at org.springframework.web.filter.CharacterEncodingFilter.doFilterInternal(CharacterEncodingFilter.java:201) ~[spring-web-6.1.6.jar:6.1.6]
	at org.springframework.web.filter.OncePerRequestFilter.doFilter(OncePerRequestFilter.java:116) ~[spring-web-6.1.6.jar:6.1.6]
	at org.apache.catalina.core.ApplicationFilterChain.internalDoFilter(ApplicationFilterChain.java:175) ~[tomcat-embed-core-10.1.20.jar:10.1.20]
	at org.apache.catalina.core.ApplicationFilterChain.doFilter(ApplicationFilterChain.java:150) ~[tomcat-embed-core-10.1.20.jar:10.1.20]
	at org.apache.catalina.core.StandardWrapperValve.invoke(StandardWrapperValve.java:167) ~[tomcat-embed-core-10.1.20.jar:10.1.20]
	at org.apache.catalina.core.StandardContextValve.invoke(StandardContextValve.java:90) ~[tomcat-embed-core-10.1.20.jar:10.1.20]
	at org.apache.catalina.authenticator.AuthenticatorBase.invoke(AuthenticatorBase.java:482) ~[tomcat-embed-core-10.1.20.jar:10.1.20]
	at org.apache.catalina.core.StandardHostValve.invoke(StandardHostValve.java:115) ~[tomcat-embed-core-10.1.20.jar:10.1.20]
	at org.apache.catalina.valves.ErrorReportValve.invoke(ErrorReportValve.java:93) ~[tomcat-embed-core-10.1.20.jar:10.1.20]
	at org.apache.catalina.core.StandardEngineValve.invoke(StandardEngineValve.java:74) ~[tomcat-embed-core-10.1.20.jar:10.1.20]
	at org.apache.catalina.connector.CoyoteAdapter.service(CoyoteAdapter.java:344) ~[tomcat-embed-core-10.1.20.jar:10.1.20]
	at org.apache.coyote.http11.Http11Processor.service(Http11Processor.java:391) ~[tomcat-embed-core-10.1.20.jar:10.1.20]
	at org.apache.coyote.AbstractProcessorLight.process(AbstractProcessorLight.java:63) ~[tomcat-embed-core-10.1.20.jar:10.1.20]
	at org.apache.coyote.AbstractProtocol$ConnectionHandler.process(AbstractProtocol.java:896) ~[tomcat-embed-core-10.1.20.jar:10.1.20]
	at org.apache.tomcat.util.net.NioEndpoint$SocketProcessor.doRun(NioEndpoint.java:1736) ~[tomcat-embed-core-10.1.20.jar:10.1.20]
	at org.apache.tomcat.util.net.SocketProcessorBase.run(SocketProcessorBase.java:52) ~[tomcat-embed-core-10.1.20.jar:10.1.20]
	at org.apache.tomcat.util.threads.ThreadPoolExecutor.runWorker(ThreadPoolExecutor.java:1191) ~[tomcat-embed-core-10.1.20.jar:10.1.20]
	at org.apache.tomcat.util.threads.ThreadPoolExecutor$Worker.run(ThreadPoolExecutor.java:659) ~[tomcat-embed-core-10.1.20.jar:10.1.20]
	at org.apache.tomcat.util.threads.TaskThread$WrappingRunnable.run(TaskThread.java:63) ~[tomcat-embed-core-10.1.20.jar:10.1.20]
	at java.base/java.lang.Thread.run(Thread.java:1583) [?:?]
Caused by: org.hibernate.exception.ConstraintViolationException: could not execute batch [Batch entry 0 insert into users (branch_id,created_at,email,failed_login_attempts,fcm_token,full_name,is_active,is_deleted,last_login_at,locked_until,password_hash,password_reset_expires_at,password_reset_token,phone,tenant_id,updated_at,id) values (('b487b4b2-a5d5-40c4-a092-997affc802cf'::uuid),('2026-04-02 16:42:35.420807+05:30'),('golepratik862000+1@gmail.com'),('0'::int4),(NULL),('Rohit Sharma'),('TRUE'::boolean),('FALSE'::boolean),(NULL),(NULL),('$2a$12$EoeunSQMwuFJQgBsyuwjEOoSxR5q2gxF/TyCoqh87u1CirL6t7IgW'),(NULL),(NULL),('9876543211'),('11054d8e-2aa8-445f-a876-9eac82a8bf5e'::uuid),('2026-04-02 16:42:35.420807+05:30'),('f65a6e1e-3e0f-4546-8332-ad7cff45dba0'::uuid)) was aborted: ERROR: null value in column "role" of relation "users" violates not-null constraint
  Detail: Failing row contains (f65a6e1e-3e0f-4546-8332-ad7cff45dba0, 2026-04-02 16:42:35.420807, f, 11054d8e-2aa8-445f-a876-9eac82a8bf5e, 2026-04-02 16:42:35.420807, golepratik862000+1@gmail.com, 0, null, Rohit Sharma, t, null, null, $2a$12$EoeunSQMwuFJQgBsyuwjEOoSxR5q2gxF/TyCoqh87u1CirL6t7IgW, null, null, 9876543211, null, b487b4b2-a5d5-40c4-a092-997affc802cf).  Call getNextException to see other errors in the batch.] [insert into users (branch_id,created_at,email,failed_login_attempts,fcm_token,full_name,is_active,is_deleted,last_login_at,locked_until,password_hash,password_reset_expires_at,password_reset_token,phone,tenant_id,updated_at,id) values (?,?,?,?,?,?,?,?,?,?,?,?,?,?,?,?,?)]
	at org.hibernate.exception.internal.SQLStateConversionDelegate.convert(SQLStateConversionDelegate.java:97) ~[hibernate-core-6.4.4.Final.jar:6.4.4.Final]
	at org.hibernate.exception.internal.StandardSQLExceptionConverter.convert(StandardSQLExceptionConverter.java:58) ~[hibernate-core-6.4.4.Final.jar:6.4.4.Final]
	at org.hibernate.engine.jdbc.spi.SqlExceptionHelper.convert(SqlExceptionHelper.java:108) ~[hibernate-core-6.4.4.Final.jar:6.4.4.Final]
	at org.hibernate.engine.jdbc.batch.internal.BatchImpl.lambda$performExecution$2(BatchImpl.java:294) ~[hibernate-core-6.4.4.Final.jar:6.4.4.Final]
	at org.hibernate.engine.jdbc.mutation.internal.PreparedStatementGroupSingleTable.forEachStatement(PreparedStatementGroupSingleTable.java:59) ~[hibernate-core-6.4.4.Final.jar:6.4.4.Final]
	at org.hibernate.engine.jdbc.batch.internal.BatchImpl.performExecution(BatchImpl.java:264) ~[hibernate-core-6.4.4.Final.jar:6.4.4.Final]
	at org.hibernate.engine.jdbc.batch.internal.BatchImpl.execute(BatchImpl.java:242) ~[hibernate-core-6.4.4.Final.jar:6.4.4.Final]
	at org.hibernate.engine.jdbc.internal.JdbcCoordinatorImpl.getBatch(JdbcCoordinatorImpl.java:173) ~[hibernate-core-6.4.4.Final.jar:6.4.4.Final]
	at org.hibernate.engine.jdbc.mutation.internal.MutationExecutorSingleBatched.resolveBatch(MutationExecutorSingleBatched.java:47) ~[hibernate-core-6.4.4.Final.jar:6.4.4.Final]
	at org.hibernate.engine.jdbc.mutation.internal.MutationExecutorSingleBatched.performBatchedOperations(MutationExecutorSingleBatched.java:60) ~[hibernate-core-6.4.4.Final.jar:6.4.4.Final]
	at org.hibernate.engine.jdbc.mutation.internal.AbstractMutationExecutor.execute(AbstractMutationExecutor.java:54) ~[hibernate-core-6.4.4.Final.jar:6.4.4.Final]
	at org.hibernate.persister.entity.mutation.InsertCoordinator.doStaticInserts(InsertCoordinator.java:175) ~[hibernate-core-6.4.4.Final.jar:6.4.4.Final]
	at org.hibernate.persister.entity.mutation.InsertCoordinator.coordinateInsert(InsertCoordinator.java:113) ~[hibernate-core-6.4.4.Final.jar:6.4.4.Final]
	at org.hibernate.persister.entity.AbstractEntityPersister.insert(AbstractEntityPersister.java:2873) ~[hibernate-core-6.4.4.Final.jar:6.4.4.Final]
	at org.hibernate.action.internal.EntityInsertAction.execute(EntityInsertAction.java:104) ~[hibernate-core-6.4.4.Final.jar:6.4.4.Final]
	at org.hibernate.engine.spi.ActionQueue.executeActions(ActionQueue.java:632) ~[hibernate-core-6.4.4.Final.jar:6.4.4.Final]
	at org.hibernate.engine.spi.ActionQueue.executeActions(ActionQueue.java:499) ~[hibernate-core-6.4.4.Final.jar:6.4.4.Final]
	at org.hibernate.event.internal.AbstractFlushingEventListener.performExecutions(AbstractFlushingEventListener.java:363) ~[hibernate-core-6.4.4.Final.jar:6.4.4.Final]
	at org.hibernate.event.internal.DefaultFlushEventListener.onFlush(DefaultFlushEventListener.java:41) ~[hibernate-core-6.4.4.Final.jar:6.4.4.Final]
	at org.hibernate.event.service.internal.EventListenerGroupImpl.fireEventOnEachListener(EventListenerGroupImpl.java:127) ~[hibernate-core-6.4.4.Final.jar:6.4.4.Final]
	at org.hibernate.internal.SessionImpl.doFlush(SessionImpl.java:1403) ~[hibernate-core-6.4.4.Final.jar:6.4.4.Final]
	at org.hibernate.internal.SessionImpl.managedFlush(SessionImpl.java:484) ~[hibernate-core-6.4.4.Final.jar:6.4.4.Final]
	at org.hibernate.internal.SessionImpl.flushBeforeTransactionCompletion(SessionImpl.java:2319) ~[hibernate-core-6.4.4.Final.jar:6.4.4.Final]
	at org.hibernate.internal.SessionImpl.beforeTransactionCompletion(SessionImpl.java:1976) ~[hibernate-core-6.4.4.Final.jar:6.4.4.Final]
	at org.hibernate.engine.jdbc.internal.JdbcCoordinatorImpl.beforeTransactionCompletion(JdbcCoordinatorImpl.java:439) ~[hibernate-core-6.4.4.Final.jar:6.4.4.Final]
	at org.hibernate.resource.transaction.backend.jdbc.internal.JdbcResourceLocalTransactionCoordinatorImpl.beforeCompletionCallback(JdbcResourceLocalTransactionCoordinatorImpl.java:169) ~[hibernate-core-6.4.4.Final.jar:6.4.4.Final]
	at org.hibernate.resource.transaction.backend.jdbc.internal.JdbcResourceLocalTransactionCoordinatorImpl$TransactionDriverControlImpl.commit(JdbcResourceLocalTransactionCoordinatorImpl.java:267) ~[hibernate-core-6.4.4.Final.jar:6.4.4.Final]
	at org.hibernate.engine.transaction.internal.TransactionImpl.commit(TransactionImpl.java:101) ~[hibernate-core-6.4.4.Final.jar:6.4.4.Final]
	at org.springframework.orm.jpa.JpaTransactionManager.doCommit(JpaTransactionManager.java:562) ~[spring-orm-6.1.6.jar:6.1.6]
	... 156 more
Caused by: java.sql.BatchUpdateException: Batch entry 0 insert into users (branch_id,created_at,email,failed_login_attempts,fcm_token,full_name,is_active,is_deleted,last_login_at,locked_until,password_hash,password_reset_expires_at,password_reset_token,phone,tenant_id,updated_at,id) values (('b487b4b2-a5d5-40c4-a092-997affc802cf'::uuid),('2026-04-02 16:42:35.420807+05:30'),('golepratik862000+1@gmail.com'),('0'::int4),(NULL),('Rohit Sharma'),('TRUE'::boolean),('FALSE'::boolean),(NULL),(NULL),('$2a$12$EoeunSQMwuFJQgBsyuwjEOoSxR5q2gxF/TyCoqh87u1CirL6t7IgW'),(NULL),(NULL),('9876543211'),('11054d8e-2aa8-445f-a876-9eac82a8bf5e'::uuid),('2026-04-02 16:42:35.420807+05:30'),('f65a6e1e-3e0f-4546-8332-ad7cff45dba0'::uuid)) was aborted: ERROR: null value in column "role" of relation "users" violates not-null constraint
  Detail: Failing row contains (f65a6e1e-3e0f-4546-8332-ad7cff45dba0, 2026-04-02 16:42:35.420807, f, 11054d8e-2aa8-445f-a876-9eac82a8bf5e, 2026-04-02 16:42:35.420807, golepratik862000+1@gmail.com, 0, null, Rohit Sharma, t, null, null, $2a$12$EoeunSQMwuFJQgBsyuwjEOoSxR5q2gxF/TyCoqh87u1CirL6t7IgW, null, null, 9876543211, null, b487b4b2-a5d5-40c4-a092-997affc802cf).  Call getNextException to see other errors in the batch.
	at org.postgresql.jdbc.BatchResultHandler.handleError(BatchResultHandler.java:165) ~[postgresql-42.6.2.jar:42.6.2]
	at org.postgresql.core.v3.QueryExecutorImpl.processResults(QueryExecutorImpl.java:2402) ~[postgresql-42.6.2.jar:42.6.2]
	at org.postgresql.core.v3.QueryExecutorImpl.execute(QueryExecutorImpl.java:574) ~[postgresql-42.6.2.jar:42.6.2]
	at org.postgresql.jdbc.PgStatement.internalExecuteBatch(PgStatement.java:896) ~[postgresql-42.6.2.jar:42.6.2]
	at org.postgresql.jdbc.PgStatement.executeBatch(PgStatement.java:919) ~[postgresql-42.6.2.jar:42.6.2]
	at org.postgresql.jdbc.PgPreparedStatement.executeBatch(PgPreparedStatement.java:1685) ~[postgresql-42.6.2.jar:42.6.2]
	at com.zaxxer.hikari.pool.ProxyStatement.executeBatch(ProxyStatement.java:127) ~[HikariCP-5.0.1.jar:?]
	at com.zaxxer.hikari.pool.HikariProxyPreparedStatement.executeBatch(HikariProxyPreparedStatement.java) ~[HikariCP-5.0.1.jar:?]
	at org.hibernate.engine.jdbc.batch.internal.BatchImpl.lambda$performExecution$2(BatchImpl.java:279) ~[hibernate-core-6.4.4.Final.jar:6.4.4.Final]
	at org.hibernate.engine.jdbc.mutation.internal.PreparedStatementGroupSingleTable.forEachStatement(PreparedStatementGroupSingleTable.java:59) ~[hibernate-core-6.4.4.Final.jar:6.4.4.Final]
	at org.hibernate.engine.jdbc.batch.internal.BatchImpl.performExecution(BatchImpl.java:264) ~[hibernate-core-6.4.4.Final.jar:6.4.4.Final]
	at org.hibernate.engine.jdbc.batch.internal.BatchImpl.execute(BatchImpl.java:242) ~[hibernate-core-6.4.4.Final.jar:6.4.4.Final]
	at org.hibernate.engine.jdbc.internal.JdbcCoordinatorImpl.getBatch(JdbcCoordinatorImpl.java:173) ~[hibernate-core-6.4.4.Final.jar:6.4.4.Final]
	at org.hibernate.engine.jdbc.mutation.internal.MutationExecutorSingleBatched.resolveBatch(MutationExecutorSingleBatched.java:47) ~[hibernate-core-6.4.4.Final.jar:6.4.4.Final]
	at org.hibernate.engine.jdbc.mutation.internal.MutationExecutorSingleBatched.performBatchedOperations(MutationExecutorSingleBatched.java:60) ~[hibernate-core-6.4.4.Final.jar:6.4.4.Final]
	at org.hibernate.engine.jdbc.mutation.internal.AbstractMutationExecutor.execute(AbstractMutationExecutor.java:54) ~[hibernate-core-6.4.4.Final.jar:6.4.4.Final]
	at org.hibernate.persister.entity.mutation.InsertCoordinator.doStaticInserts(InsertCoordinator.java:175) ~[hibernate-core-6.4.4.Final.jar:6.4.4.Final]
	at org.hibernate.persister.entity.mutation.InsertCoordinator.coordinateInsert(InsertCoordinator.java:113) ~[hibernate-core-6.4.4.Final.jar:6.4.4.Final]
	at org.hibernate.persister.entity.AbstractEntityPersister.insert(AbstractEntityPersister.java:2873) ~[hibernate-core-6.4.4.Final.jar:6.4.4.Final]
	at org.hibernate.action.internal.EntityInsertAction.execute(EntityInsertAction.java:104) ~[hibernate-core-6.4.4.Final.jar:6.4.4.Final]
	at org.hibernate.engine.spi.ActionQueue.executeActions(ActionQueue.java:632) ~[hibernate-core-6.4.4.Final.jar:6.4.4.Final]
	at org.hibernate.engine.spi.ActionQueue.executeActions(ActionQueue.java:499) ~[hibernate-core-6.4.4.Final.jar:6.4.4.Final]
	at org.hibernate.event.internal.AbstractFlushingEventListener.performExecutions(AbstractFlushingEventListener.java:363) ~[hibernate-core-6.4.4.Final.jar:6.4.4.Final]
	at org.hibernate.event.internal.DefaultFlushEventListener.onFlush(DefaultFlushEventListener.java:41) ~[hibernate-core-6.4.4.Final.jar:6.4.4.Final]
	at org.hibernate.event.service.internal.EventListenerGroupImpl.fireEventOnEachListener(EventListenerGroupImpl.java:127) ~[hibernate-core-6.4.4.Final.jar:6.4.4.Final]
	at org.hibernate.internal.SessionImpl.doFlush(SessionImpl.java:1403) ~[hibernate-core-6.4.4.Final.jar:6.4.4.Final]
	at org.hibernate.internal.SessionImpl.managedFlush(SessionImpl.java:484) ~[hibernate-core-6.4.4.Final.jar:6.4.4.Final]
	at org.hibernate.internal.SessionImpl.flushBeforeTransactionCompletion(SessionImpl.java:2319) ~[hibernate-core-6.4.4.Final.jar:6.4.4.Final]
	at org.hibernate.internal.SessionImpl.beforeTransactionCompletion(SessionImpl.java:1976) ~[hibernate-core-6.4.4.Final.jar:6.4.4.Final]
	at org.hibernate.engine.jdbc.internal.JdbcCoordinatorImpl.beforeTransactionCompletion(JdbcCoordinatorImpl.java:439) ~[hibernate-core-6.4.4.Final.jar:6.4.4.Final]
	at org.hibernate.resource.transaction.backend.jdbc.internal.JdbcResourceLocalTransactionCoordinatorImpl.beforeCompletionCallback(JdbcResourceLocalTransactionCoordinatorImpl.java:169) ~[hibernate-core-6.4.4.Final.jar:6.4.4.Final]
	at org.hibernate.resource.transaction.backend.jdbc.internal.JdbcResourceLocalTransactionCoordinatorImpl$TransactionDriverControlImpl.commit(JdbcResourceLocalTransactionCoordinatorImpl.java:267) ~[hibernate-core-6.4.4.Final.jar:6.4.4.Final]
	at org.hibernate.engine.transaction.internal.TransactionImpl.commit(TransactionImpl.java:101) ~[hibernate-core-6.4.4.Final.jar:6.4.4.Final]
	at org.springframework.orm.jpa.JpaTransactionManager.doCommit(JpaTransactionManager.java:562) ~[spring-orm-6.1.6.jar:6.1.6]
	... 156 more
Caused by: org.postgresql.util.PSQLException: ERROR: null value in column "role" of relation "users" violates not-null constraint
  Detail: Failing row contains (f65a6e1e-3e0f-4546-8332-ad7cff45dba0, 2026-04-02 16:42:35.420807, f, 11054d8e-2aa8-445f-a876-9eac82a8bf5e, 2026-04-02 16:42:35.420807, golepratik862000+1@gmail.com, 0, null, Rohit Sharma, t, null, null, $2a$12$EoeunSQMwuFJQgBsyuwjEOoSxR5q2gxF/TyCoqh87u1CirL6t7IgW, null, null, 9876543211, null, b487b4b2-a5d5-40c4-a092-997affc802cf).
	at org.postgresql.core.v3.QueryExecutorImpl.receiveErrorResponse(QueryExecutorImpl.java:2713) ~[postgresql-42.6.2.jar:42.6.2]
	at org.postgresql.core.v3.QueryExecutorImpl.processResults(QueryExecutorImpl.java:2401) ~[postgresql-42.6.2.jar:42.6.2]
	at org.postgresql.core.v3.QueryExecutorImpl.execute(QueryExecutorImpl.java:574) ~[postgresql-42.6.2.jar:42.6.2]
	at org.postgresql.jdbc.PgStatement.internalExecuteBatch(PgStatement.java:896) ~[postgresql-42.6.2.jar:42.6.2]
	at org.postgresql.jdbc.PgStatement.executeBatch(PgStatement.java:919) ~[postgresql-42.6.2.jar:42.6.2]
	at org.postgresql.jdbc.PgPreparedStatement.executeBatch(PgPreparedStatement.java:1685) ~[postgresql-42.6.2.jar:42.6.2]
	at com.zaxxer.hikari.pool.ProxyStatement.executeBatch(ProxyStatement.java:127) ~[HikariCP-5.0.1.jar:?]
	at com.zaxxer.hikari.pool.HikariProxyPreparedStatement.executeBatch(HikariProxyPreparedStatement.java) ~[HikariCP-5.0.1.jar:?]
	at org.hibernate.engine.jdbc.batch.internal.BatchImpl.lambda$performExecution$2(BatchImpl.java:279) ~[hibernate-core-6.4.4.Final.jar:6.4.4.Final]
	at org.hibernate.engine.jdbc.mutation.internal.PreparedStatementGroupSingleTable.forEachStatement(PreparedStatementGroupSingleTable.java:59) ~[hibernate-core-6.4.4.Final.jar:6.4.4.Final]
	at org.hibernate.engine.jdbc.batch.internal.BatchImpl.performExecution(BatchImpl.java:264) ~[hibernate-core-6.4.4.Final.jar:6.4.4.Final]
	at org.hibernate.engine.jdbc.batch.internal.BatchImpl.execute(BatchImpl.java:242) ~[hibernate-core-6.4.4.Final.jar:6.4.4.Final]
	at org.hibernate.engine.jdbc.internal.JdbcCoordinatorImpl.getBatch(JdbcCoordinatorImpl.java:173) ~[hibernate-core-6.4.4.Final.jar:6.4.4.Final]
	at org.hibernate.engine.jdbc.mutation.internal.MutationExecutorSingleBatched.resolveBatch(MutationExecutorSingleBatched.java:47) ~[hibernate-core-6.4.4.Final.jar:6.4.4.Final]
	at org.hibernate.engine.jdbc.mutation.internal.MutationExecutorSingleBatched.performBatchedOperations(MutationExecutorSingleBatched.java:60) ~[hibernate-core-6.4.4.Final.jar:6.4.4.Final]
	at org.hibernate.engine.jdbc.mutation.internal.AbstractMutationExecutor.execute(AbstractMutationExecutor.java:54) ~[hibernate-core-6.4.4.Final.jar:6.4.4.Final]
	at org.hibernate.persister.entity.mutation.InsertCoordinator.doStaticInserts(InsertCoordinator.java:175) ~[hibernate-core-6.4.4.Final.jar:6.4.4.Final]
	at org.hibernate.persister.entity.mutation.InsertCoordinator.coordinateInsert(InsertCoordinator.java:113) ~[hibernate-core-6.4.4.Final.jar:6.4.4.Final]
	at org.hibernate.persister.entity.AbstractEntityPersister.insert(AbstractEntityPersister.java:2873) ~[hibernate-core-6.4.4.Final.jar:6.4.4.Final]
	at org.hibernate.action.internal.EntityInsertAction.execute(EntityInsertAction.java:104) ~[hibernate-core-6.4.4.Final.jar:6.4.4.Final]
	at org.hibernate.engine.spi.ActionQueue.executeActions(ActionQueue.java:632) ~[hibernate-core-6.4.4.Final.jar:6.4.4.Final]
	at org.hibernate.engine.spi.ActionQueue.executeActions(ActionQueue.java:499) ~[hibernate-core-6.4.4.Final.jar:6.4.4.Final]
	at org.hibernate.event.internal.AbstractFlushingEventListener.performExecutions(AbstractFlushingEventListener.java:363) ~[hibernate-core-6.4.4.Final.jar:6.4.4.Final]
	at org.hibernate.event.internal.DefaultFlushEventListener.onFlush(DefaultFlushEventListener.java:41) ~[hibernate-core-6.4.4.Final.jar:6.4.4.Final]
	at org.hibernate.event.service.internal.EventListenerGroupImpl.fireEventOnEachListener(EventListenerGroupImpl.java:127) ~[hibernate-core-6.4.4.Final.jar:6.4.4.Final]
	at org.hibernate.internal.SessionImpl.doFlush(SessionImpl.java:1403) ~[hibernate-core-6.4.4.Final.jar:6.4.4.Final]
	at org.hibernate.internal.SessionImpl.managedFlush(SessionImpl.java:484) ~[hibernate-core-6.4.4.Final.jar:6.4.4.Final]
	at org.hibernate.internal.SessionImpl.flushBeforeTransactionCompletion(SessionImpl.java:2319) ~[hibernate-core-6.4.4.Final.jar:6.4.4.Final]
	at org.hibernate.internal.SessionImpl.beforeTransactionCompletion(SessionImpl.java:1976) ~[hibernate-core-6.4.4.Final.jar:6.4.4.Final]
	at org.hibernate.engine.jdbc.internal.JdbcCoordinatorImpl.beforeTransactionCompletion(JdbcCoordinatorImpl.java:439) ~[hibernate-core-6.4.4.Final.jar:6.4.4.Final]
	at org.hibernate.resource.transaction.backend.jdbc.internal.JdbcResourceLocalTransactionCoordinatorImpl.beforeCompletionCallback(JdbcResourceLocalTransactionCoordinatorImpl.java:169) ~[hibernate-core-6.4.4.Final.jar:6.4.4.Final]
	at org.hibernate.resource.transaction.backend.jdbc.internal.JdbcResourceLocalTransactionCoordinatorImpl$TransactionDriverControlImpl.commit(JdbcResourceLocalTransactionCoordinatorImpl.java:267) ~[hibernate-core-6.4.4.Final.jar:6.4.4.Final]
	at org.hibernate.engine.transaction.internal.TransactionImpl.commit(TransactionImpl.java:101) ~[hibernate-core-6.4.4.Final.jar:6.4.4.Final]
	at org.springframework.orm.jpa.JpaTransactionManager.doCommit(JpaTransactionManager.java:562) ~[spring-orm-6.1.6.jar:6.1.6]
	... 156 more
[ERROR] 2026-04-02 16:44:15.611 [http-nio-8095-exec-2] UserManagementService - Teacher created but welcome email failed for email=golepratik862000+1@gmail.com
java.lang.IllegalStateException: Failed to load template: classpath:/templates/teacher/teacher-welcome.subject.txt
	at com.classmanager.cms_backend.service.EmailTemplateService.loadTemplate(EmailTemplateService.java:43) ~[classes/:?]
	at com.classmanager.cms_backend.service.EmailTemplateService.render(EmailTemplateService.java:26) ~[classes/:?]
	at com.classmanager.cms_backend.service.UserManagementService.sendTeacherWelcomeEmail(UserManagementService.java:479) ~[classes/:?]
	at com.classmanager.cms_backend.service.UserManagementService.createTeacher(UserManagementService.java:169) ~[classes/:?]
	at java.base/jdk.internal.reflect.DirectMethodHandleAccessor.invoke(DirectMethodHandleAccessor.java:103) ~[?:?]
	at java.base/java.lang.reflect.Method.invoke(Method.java:580) ~[?:?]
	at org.springframework.aop.support.AopUtils.invokeJoinpointUsingReflection(AopUtils.java:354) ~[spring-aop-6.1.6.jar:6.1.6]
	at org.springframework.aop.framework.ReflectiveMethodInvocation.invokeJoinpoint(ReflectiveMethodInvocation.java:196) ~[spring-aop-6.1.6.jar:6.1.6]
	at org.springframework.aop.framework.ReflectiveMethodInvocation.proceed(ReflectiveMethodInvocation.java:163) ~[spring-aop-6.1.6.jar:6.1.6]
	at org.springframework.aop.framework.CglibAopProxy$CglibMethodInvocation.proceed(CglibAopProxy.java:768) ~[spring-aop-6.1.6.jar:6.1.6]
	at org.springframework.transaction.interceptor.TransactionInterceptor$1.proceedWithInvocation(TransactionInterceptor.java:123) ~[spring-tx-6.1.6.jar:6.1.6]
	at org.springframework.transaction.interceptor.TransactionAspectSupport.invokeWithinTransaction(TransactionAspectSupport.java:392) ~[spring-tx-6.1.6.jar:6.1.6]
	at org.springframework.transaction.interceptor.TransactionInterceptor.invoke(TransactionInterceptor.java:119) ~[spring-tx-6.1.6.jar:6.1.6]
	at org.springframework.aop.framework.ReflectiveMethodInvocation.proceed(ReflectiveMethodInvocation.java:184) ~[spring-aop-6.1.6.jar:6.1.6]
	at org.springframework.aop.framework.CglibAopProxy$CglibMethodInvocation.proceed(CglibAopProxy.java:768) ~[spring-aop-6.1.6.jar:6.1.6]
	at org.springframework.aop.framework.CglibAopProxy$DynamicAdvisedInterceptor.intercept(CglibAopProxy.java:720) ~[spring-aop-6.1.6.jar:6.1.6]
	at com.classmanager.cms_backend.service.UserManagementService$$SpringCGLIB$$0.createTeacher(<generated>) ~[classes/:?]
	at com.classmanager.cms_backend.controller.UserController.createTeacher(UserController.java:88) ~[classes/:?]
	at java.base/jdk.internal.reflect.DirectMethodHandleAccessor.invoke(DirectMethodHandleAccessor.java:103) ~[?:?]
	at java.base/java.lang.reflect.Method.invoke(Method.java:580) ~[?:?]
	at org.springframework.aop.support.AopUtils.invokeJoinpointUsingReflection(AopUtils.java:354) ~[spring-aop-6.1.6.jar:6.1.6]
	at org.springframework.aop.framework.ReflectiveMethodInvocation.invokeJoinpoint(ReflectiveMethodInvocation.java:196) ~[spring-aop-6.1.6.jar:6.1.6]
	at org.springframework.aop.framework.ReflectiveMethodInvocation.proceed(ReflectiveMethodInvocation.java:163) ~[spring-aop-6.1.6.jar:6.1.6]
	at org.springframework.aop.framework.CglibAopProxy$CglibMethodInvocation.proceed(CglibAopProxy.java:768) ~[spring-aop-6.1.6.jar:6.1.6]
	at org.springframework.security.authorization.method.AuthorizationManagerBeforeMethodInterceptor.invoke(AuthorizationManagerBeforeMethodInterceptor.java:198) ~[spring-security-core-6.2.4.jar:6.2.4]
	at org.springframework.aop.framework.ReflectiveMethodInvocation.proceed(ReflectiveMethodInvocation.java:184) ~[spring-aop-6.1.6.jar:6.1.6]
	at org.springframework.aop.framework.CglibAopProxy$CglibMethodInvocation.proceed(CglibAopProxy.java:768) ~[spring-aop-6.1.6.jar:6.1.6]
	at org.springframework.aop.framework.CglibAopProxy$DynamicAdvisedInterceptor.intercept(CglibAopProxy.java:720) ~[spring-aop-6.1.6.jar:6.1.6]
	at com.classmanager.cms_backend.controller.UserController$$SpringCGLIB$$0.createTeacher(<generated>) ~[classes/:?]
	at java.base/jdk.internal.reflect.DirectMethodHandleAccessor.invoke(DirectMethodHandleAccessor.java:103) ~[?:?]
	at java.base/java.lang.reflect.Method.invoke(Method.java:580) ~[?:?]
	at org.springframework.web.method.support.InvocableHandlerMethod.doInvoke(InvocableHandlerMethod.java:255) ~[spring-web-6.1.6.jar:6.1.6]
	at org.springframework.web.method.support.InvocableHandlerMethod.invokeForRequest(InvocableHandlerMethod.java:188) ~[spring-web-6.1.6.jar:6.1.6]
	at org.springframework.web.servlet.mvc.method.annotation.ServletInvocableHandlerMethod.invokeAndHandle(ServletInvocableHandlerMethod.java:118) ~[spring-webmvc-6.1.6.jar:6.1.6]
	at org.springframework.web.servlet.mvc.method.annotation.RequestMappingHandlerAdapter.invokeHandlerMethod(RequestMappingHandlerAdapter.java:926) ~[spring-webmvc-6.1.6.jar:6.1.6]
	at org.springframework.web.servlet.mvc.method.annotation.RequestMappingHandlerAdapter.handleInternal(RequestMappingHandlerAdapter.java:831) ~[spring-webmvc-6.1.6.jar:6.1.6]
	at org.springframework.web.servlet.mvc.method.AbstractHandlerMethodAdapter.handle(AbstractHandlerMethodAdapter.java:87) ~[spring-webmvc-6.1.6.jar:6.1.6]
	at org.springframework.web.servlet.DispatcherServlet.doDispatch(DispatcherServlet.java:1089) ~[spring-webmvc-6.1.6.jar:6.1.6]
	at org.springframework.web.servlet.DispatcherServlet.doService(DispatcherServlet.java:979) ~[spring-webmvc-6.1.6.jar:6.1.6]
	at org.springframework.web.servlet.FrameworkServlet.processRequest(FrameworkServlet.java:1014) ~[spring-webmvc-6.1.6.jar:6.1.6]
	at org.springframework.web.servlet.FrameworkServlet.doPost(FrameworkServlet.java:914) ~[spring-webmvc-6.1.6.jar:6.1.6]
	at jakarta.servlet.http.HttpServlet.service(HttpServlet.java:590) ~[tomcat-embed-core-10.1.20.jar:6.0]
	at org.springframework.web.servlet.FrameworkServlet.service(FrameworkServlet.java:885) ~[spring-webmvc-6.1.6.jar:6.1.6]
	at jakarta.servlet.http.HttpServlet.service(HttpServlet.java:658) ~[tomcat-embed-core-10.1.20.jar:6.0]
	at org.apache.catalina.core.ApplicationFilterChain.internalDoFilter(ApplicationFilterChain.java:206) ~[tomcat-embed-core-10.1.20.jar:10.1.20]
	at org.apache.catalina.core.ApplicationFilterChain.doFilter(ApplicationFilterChain.java:150) ~[tomcat-embed-core-10.1.20.jar:10.1.20]
	at org.apache.tomcat.websocket.server.WsFilter.doFilter(WsFilter.java:51) ~[tomcat-embed-websocket-10.1.20.jar:10.1.20]
	at org.apache.catalina.core.ApplicationFilterChain.internalDoFilter(ApplicationFilterChain.java:175) ~[tomcat-embed-core-10.1.20.jar:10.1.20]
	at org.apache.catalina.core.ApplicationFilterChain.doFilter(ApplicationFilterChain.java:150) ~[tomcat-embed-core-10.1.20.jar:10.1.20]
	at org.springframework.web.filter.OncePerRequestFilter.doFilter(OncePerRequestFilter.java:110) ~[spring-web-6.1.6.jar:6.1.6]
	at org.apache.catalina.core.ApplicationFilterChain.internalDoFilter(ApplicationFilterChain.java:175) ~[tomcat-embed-core-10.1.20.jar:10.1.20]
	at org.apache.catalina.core.ApplicationFilterChain.doFilter(ApplicationFilterChain.java:150) ~[tomcat-embed-core-10.1.20.jar:10.1.20]
	at org.springframework.web.filter.CompositeFilter$VirtualFilterChain.doFilter(CompositeFilter.java:108) ~[spring-web-6.1.6.jar:6.1.6]
	at org.springframework.security.web.FilterChainProxy.lambda$doFilterInternal$3(FilterChainProxy.java:231) ~[spring-security-web-6.2.4.jar:6.2.4]
	at org.springframework.security.web.ObservationFilterChainDecorator$FilterObservation$SimpleFilterObservation.lambda$wrap$1(ObservationFilterChainDecorator.java:479) ~[spring-security-web-6.2.4.jar:6.2.4]
	at org.springframework.security.web.ObservationFilterChainDecorator$AroundFilterObservation$SimpleAroundFilterObservation.lambda$wrap$1(ObservationFilterChainDecorator.java:340) ~[spring-security-web-6.2.4.jar:6.2.4]
	at org.springframework.security.web.ObservationFilterChainDecorator.lambda$wrapSecured$0(ObservationFilterChainDecorator.java:82) ~[spring-security-web-6.2.4.jar:6.2.4]
	at org.springframework.security.web.ObservationFilterChainDecorator$VirtualFilterChain.doFilter(ObservationFilterChainDecorator.java:128) ~[spring-security-web-6.2.4.jar:6.2.4]
	at org.springframework.security.web.access.intercept.AuthorizationFilter.doFilter(AuthorizationFilter.java:100) ~[spring-security-web-6.2.4.jar:6.2.4]
	at org.springframework.security.web.ObservationFilterChainDecorator$ObservationFilter.wrapFilter(ObservationFilterChainDecorator.java:240) ~[spring-security-web-6.2.4.jar:6.2.4]
	at org.springframework.security.web.ObservationFilterChainDecorator$ObservationFilter.doFilter(ObservationFilterChainDecorator.java:227) ~[spring-security-web-6.2.4.jar:6.2.4]
	at org.springframework.security.web.ObservationFilterChainDecorator$VirtualFilterChain.doFilter(ObservationFilterChainDecorator.java:137) ~[spring-security-web-6.2.4.jar:6.2.4]
	at org.springframework.security.web.access.ExceptionTranslationFilter.doFilter(ExceptionTranslationFilter.java:126) ~[spring-security-web-6.2.4.jar:6.2.4]
	at org.springframework.security.web.access.ExceptionTranslationFilter.doFilter(ExceptionTranslationFilter.java:120) ~[spring-security-web-6.2.4.jar:6.2.4]
	at org.springframework.security.web.ObservationFilterChainDecorator$ObservationFilter.wrapFilter(ObservationFilterChainDecorator.java:240) ~[spring-security-web-6.2.4.jar:6.2.4]
	at org.springframework.security.web.ObservationFilterChainDecorator$ObservationFilter.doFilter(ObservationFilterChainDecorator.java:227) ~[spring-security-web-6.2.4.jar:6.2.4]
	at org.springframework.security.web.ObservationFilterChainDecorator$VirtualFilterChain.doFilter(ObservationFilterChainDecorator.java:137) ~[spring-security-web-6.2.4.jar:6.2.4]
	at org.springframework.security.web.session.SessionManagementFilter.doFilter(SessionManagementFilter.java:131) ~[spring-security-web-6.2.4.jar:6.2.4]
	at org.springframework.security.web.session.SessionManagementFilter.doFilter(SessionManagementFilter.java:85) ~[spring-security-web-6.2.4.jar:6.2.4]
	at org.springframework.security.web.ObservationFilterChainDecorator$ObservationFilter.wrapFilter(ObservationFilterChainDecorator.java:240) ~[spring-security-web-6.2.4.jar:6.2.4]
	at org.springframework.security.web.ObservationFilterChainDecorator$ObservationFilter.doFilter(ObservationFilterChainDecorator.java:227) ~[spring-security-web-6.2.4.jar:6.2.4]
	at org.springframework.security.web.ObservationFilterChainDecorator$VirtualFilterChain.doFilter(ObservationFilterChainDecorator.java:137) ~[spring-security-web-6.2.4.jar:6.2.4]
	at org.springframework.security.web.authentication.AnonymousAuthenticationFilter.doFilter(AnonymousAuthenticationFilter.java:100) ~[spring-security-web-6.2.4.jar:6.2.4]
	at org.springframework.security.web.ObservationFilterChainDecorator$ObservationFilter.wrapFilter(ObservationFilterChainDecorator.java:240) ~[spring-security-web-6.2.4.jar:6.2.4]
	at org.springframework.security.web.ObservationFilterChainDecorator$ObservationFilter.doFilter(ObservationFilterChainDecorator.java:227) ~[spring-security-web-6.2.4.jar:6.2.4]
	at org.springframework.security.web.ObservationFilterChainDecorator$VirtualFilterChain.doFilter(ObservationFilterChainDecorator.java:137) ~[spring-security-web-6.2.4.jar:6.2.4]
	at org.springframework.security.web.servletapi.SecurityContextHolderAwareRequestFilter.doFilter(SecurityContextHolderAwareRequestFilter.java:179) ~[spring-security-web-6.2.4.jar:6.2.4]
	at org.springframework.security.web.ObservationFilterChainDecorator$ObservationFilter.wrapFilter(ObservationFilterChainDecorator.java:240) ~[spring-security-web-6.2.4.jar:6.2.4]
	at org.springframework.security.web.ObservationFilterChainDecorator$ObservationFilter.doFilter(ObservationFilterChainDecorator.java:227) ~[spring-security-web-6.2.4.jar:6.2.4]
	at org.springframework.security.web.ObservationFilterChainDecorator$VirtualFilterChain.doFilter(ObservationFilterChainDecorator.java:137) ~[spring-security-web-6.2.4.jar:6.2.4]
	at org.springframework.security.web.savedrequest.RequestCacheAwareFilter.doFilter(RequestCacheAwareFilter.java:63) ~[spring-security-web-6.2.4.jar:6.2.4]
	at org.springframework.security.web.ObservationFilterChainDecorator$ObservationFilter.wrapFilter(ObservationFilterChainDecorator.java:240) ~[spring-security-web-6.2.4.jar:6.2.4]
	at org.springframework.security.web.ObservationFilterChainDecorator$ObservationFilter.doFilter(ObservationFilterChainDecorator.java:227) ~[spring-security-web-6.2.4.jar:6.2.4]
	at org.springframework.security.web.ObservationFilterChainDecorator$VirtualFilterChain.doFilter(ObservationFilterChainDecorator.java:137) ~[spring-security-web-6.2.4.jar:6.2.4]
	at com.classmanager.cms_backend.security.jwt.JwtAuthenticationFilter.doFilterInternal(JwtAuthenticationFilter.java:47) ~[classes/:?]
	at org.springframework.web.filter.OncePerRequestFilter.doFilter(OncePerRequestFilter.java:116) ~[spring-web-6.1.6.jar:6.1.6]
	at org.springframework.security.web.ObservationFilterChainDecorator$ObservationFilter.wrapFilter(ObservationFilterChainDecorator.java:240) ~[spring-security-web-6.2.4.jar:6.2.4]
	at org.springframework.security.web.ObservationFilterChainDecorator$ObservationFilter.doFilter(ObservationFilterChainDecorator.java:227) ~[spring-security-web-6.2.4.jar:6.2.4]
	at org.springframework.security.web.ObservationFilterChainDecorator$VirtualFilterChain.doFilter(ObservationFilterChainDecorator.java:137) ~[spring-security-web-6.2.4.jar:6.2.4]
	at org.springframework.security.web.authentication.logout.LogoutFilter.doFilter(LogoutFilter.java:107) ~[spring-security-web-6.2.4.jar:6.2.4]
	at org.springframework.security.web.authentication.logout.LogoutFilter.doFilter(LogoutFilter.java:93) ~[spring-security-web-6.2.4.jar:6.2.4]
	at org.springframework.security.web.ObservationFilterChainDecorator$ObservationFilter.wrapFilter(ObservationFilterChainDecorator.java:240) ~[spring-security-web-6.2.4.jar:6.2.4]
	at org.springframework.security.web.ObservationFilterChainDecorator$ObservationFilter.doFilter(ObservationFilterChainDecorator.java:227) ~[spring-security-web-6.2.4.jar:6.2.4]
	at org.springframework.security.web.ObservationFilterChainDecorator$VirtualFilterChain.doFilter(ObservationFilterChainDecorator.java:137) ~[spring-security-web-6.2.4.jar:6.2.4]
	at org.springframework.web.filter.CorsFilter.doFilterInternal(CorsFilter.java:91) ~[spring-web-6.1.6.jar:6.1.6]
	at org.springframework.web.filter.OncePerRequestFilter.doFilter(OncePerRequestFilter.java:116) ~[spring-web-6.1.6.jar:6.1.6]
	at org.springframework.security.web.ObservationFilterChainDecorator$ObservationFilter.wrapFilter(ObservationFilterChainDecorator.java:240) ~[spring-security-web-6.2.4.jar:6.2.4]
	at org.springframework.security.web.ObservationFilterChainDecorator$ObservationFilter.doFilter(ObservationFilterChainDecorator.java:227) ~[spring-security-web-6.2.4.jar:6.2.4]
	at org.springframework.security.web.ObservationFilterChainDecorator$VirtualFilterChain.doFilter(ObservationFilterChainDecorator.java:137) ~[spring-security-web-6.2.4.jar:6.2.4]
	at org.springframework.security.web.header.HeaderWriterFilter.doHeadersAfter(HeaderWriterFilter.java:90) ~[spring-security-web-6.2.4.jar:6.2.4]
	at org.springframework.security.web.header.HeaderWriterFilter.doFilterInternal(HeaderWriterFilter.java:75) ~[spring-security-web-6.2.4.jar:6.2.4]
	at org.springframework.web.filter.OncePerRequestFilter.doFilter(OncePerRequestFilter.java:116) ~[spring-web-6.1.6.jar:6.1.6]
	at org.springframework.security.web.ObservationFilterChainDecorator$ObservationFilter.wrapFilter(ObservationFilterChainDecorator.java:240) ~[spring-security-web-6.2.4.jar:6.2.4]
	at org.springframework.security.web.ObservationFilterChainDecorator$ObservationFilter.doFilter(ObservationFilterChainDecorator.java:227) ~[spring-security-web-6.2.4.jar:6.2.4]
	at org.springframework.security.web.ObservationFilterChainDecorator$VirtualFilterChain.doFilter(ObservationFilterChainDecorator.java:137) ~[spring-security-web-6.2.4.jar:6.2.4]
	at org.springframework.security.web.context.SecurityContextHolderFilter.doFilter(SecurityContextHolderFilter.java:82) ~[spring-security-web-6.2.4.jar:6.2.4]
	at org.springframework.security.web.context.SecurityContextHolderFilter.doFilter(SecurityContextHolderFilter.java:69) ~[spring-security-web-6.2.4.jar:6.2.4]
	at org.springframework.security.web.ObservationFilterChainDecorator$ObservationFilter.wrapFilter(ObservationFilterChainDecorator.java:240) ~[spring-security-web-6.2.4.jar:6.2.4]
	at org.springframework.security.web.ObservationFilterChainDecorator$ObservationFilter.doFilter(ObservationFilterChainDecorator.java:227) ~[spring-security-web-6.2.4.jar:6.2.4]
	at org.springframework.security.web.ObservationFilterChainDecorator$VirtualFilterChain.doFilter(ObservationFilterChainDecorator.java:137) ~[spring-security-web-6.2.4.jar:6.2.4]
	at org.springframework.security.web.context.request.async.WebAsyncManagerIntegrationFilter.doFilterInternal(WebAsyncManagerIntegrationFilter.java:62) ~[spring-security-web-6.2.4.jar:6.2.4]
	at org.springframework.web.filter.OncePerRequestFilter.doFilter(OncePerRequestFilter.java:116) ~[spring-web-6.1.6.jar:6.1.6]
	at org.springframework.security.web.ObservationFilterChainDecorator$ObservationFilter.wrapFilter(ObservationFilterChainDecorator.java:240) ~[spring-security-web-6.2.4.jar:6.2.4]
	at org.springframework.security.web.ObservationFilterChainDecorator$ObservationFilter.doFilter(ObservationFilterChainDecorator.java:227) ~[spring-security-web-6.2.4.jar:6.2.4]
	at org.springframework.security.web.ObservationFilterChainDecorator$VirtualFilterChain.doFilter(ObservationFilterChainDecorator.java:137) ~[spring-security-web-6.2.4.jar:6.2.4]
	at org.springframework.security.web.session.DisableEncodeUrlFilter.doFilterInternal(DisableEncodeUrlFilter.java:42) ~[spring-security-web-6.2.4.jar:6.2.4]
	at org.springframework.web.filter.OncePerRequestFilter.doFilter(OncePerRequestFilter.java:116) ~[spring-web-6.1.6.jar:6.1.6]
	at org.springframework.security.web.ObservationFilterChainDecorator$ObservationFilter.wrapFilter(ObservationFilterChainDecorator.java:240) ~[spring-security-web-6.2.4.jar:6.2.4]
	at org.springframework.security.web.ObservationFilterChainDecorator$AroundFilterObservation$SimpleAroundFilterObservation.lambda$wrap$0(ObservationFilterChainDecorator.java:323) ~[spring-security-web-6.2.4.jar:6.2.4]
	at org.springframework.security.web.ObservationFilterChainDecorator$ObservationFilter.doFilter(ObservationFilterChainDecorator.java:224) ~[spring-security-web-6.2.4.jar:6.2.4]
	at org.springframework.security.web.ObservationFilterChainDecorator$VirtualFilterChain.doFilter(ObservationFilterChainDecorator.java:137) ~[spring-security-web-6.2.4.jar:6.2.4]
	at org.springframework.security.web.FilterChainProxy.doFilterInternal(FilterChainProxy.java:233) ~[spring-security-web-6.2.4.jar:6.2.4]
	at org.springframework.security.web.FilterChainProxy.doFilter(FilterChainProxy.java:191) ~[spring-security-web-6.2.4.jar:6.2.4]
	at org.springframework.web.filter.CompositeFilter$VirtualFilterChain.doFilter(CompositeFilter.java:113) ~[spring-web-6.1.6.jar:6.1.6]
	at org.springframework.web.servlet.handler.HandlerMappingIntrospector.lambda$createCacheFilter$3(HandlerMappingIntrospector.java:195) ~[spring-webmvc-6.1.6.jar:6.1.6]
	at org.springframework.web.filter.CompositeFilter$VirtualFilterChain.doFilter(CompositeFilter.java:113) ~[spring-web-6.1.6.jar:6.1.6]
	at org.springframework.web.filter.CompositeFilter.doFilter(CompositeFilter.java:74) ~[spring-web-6.1.6.jar:6.1.6]
	at org.springframework.security.config.annotation.web.configuration.WebMvcSecurityConfiguration$CompositeFilterChainProxy.doFilter(WebMvcSecurityConfiguration.java:230) ~[spring-security-config-6.2.4.jar:6.2.4]
	at org.springframework.web.filter.DelegatingFilterProxy.invokeDelegate(DelegatingFilterProxy.java:352) ~[spring-web-6.1.6.jar:6.1.6]
	at org.springframework.web.filter.DelegatingFilterProxy.doFilter(DelegatingFilterProxy.java:268) ~[spring-web-6.1.6.jar:6.1.6]
	at org.apache.catalina.core.ApplicationFilterChain.internalDoFilter(ApplicationFilterChain.java:175) ~[tomcat-embed-core-10.1.20.jar:10.1.20]
	at org.apache.catalina.core.ApplicationFilterChain.doFilter(ApplicationFilterChain.java:150) ~[tomcat-embed-core-10.1.20.jar:10.1.20]
	at org.springframework.web.filter.RequestContextFilter.doFilterInternal(RequestContextFilter.java:100) ~[spring-web-6.1.6.jar:6.1.6]
	at org.springframework.web.filter.OncePerRequestFilter.doFilter(OncePerRequestFilter.java:116) ~[spring-web-6.1.6.jar:6.1.6]
	at org.apache.catalina.core.ApplicationFilterChain.internalDoFilter(ApplicationFilterChain.java:175) ~[tomcat-embed-core-10.1.20.jar:10.1.20]
	at org.apache.catalina.core.ApplicationFilterChain.doFilter(ApplicationFilterChain.java:150) ~[tomcat-embed-core-10.1.20.jar:10.1.20]
	at org.springframework.web.filter.FormContentFilter.doFilterInternal(FormContentFilter.java:93) ~[spring-web-6.1.6.jar:6.1.6]
	at org.springframework.web.filter.OncePerRequestFilter.doFilter(OncePerRequestFilter.java:116) ~[spring-web-6.1.6.jar:6.1.6]
	at org.apache.catalina.core.ApplicationFilterChain.internalDoFilter(ApplicationFilterChain.java:175) ~[tomcat-embed-core-10.1.20.jar:10.1.20]
	at org.apache.catalina.core.ApplicationFilterChain.doFilter(ApplicationFilterChain.java:150) ~[tomcat-embed-core-10.1.20.jar:10.1.20]
	at org.springframework.web.filter.ServerHttpObservationFilter.doFilterInternal(ServerHttpObservationFilter.java:109) ~[spring-web-6.1.6.jar:6.1.6]
	at org.springframework.web.filter.OncePerRequestFilter.doFilter(OncePerRequestFilter.java:116) ~[spring-web-6.1.6.jar:6.1.6]
	at org.apache.catalina.core.ApplicationFilterChain.internalDoFilter(ApplicationFilterChain.java:175) ~[tomcat-embed-core-10.1.20.jar:10.1.20]
	at org.apache.catalina.core.ApplicationFilterChain.doFilter(ApplicationFilterChain.java:150) ~[tomcat-embed-core-10.1.20.jar:10.1.20]
	at org.springframework.web.filter.CharacterEncodingFilter.doFilterInternal(CharacterEncodingFilter.java:201) ~[spring-web-6.1.6.jar:6.1.6]
	at org.springframework.web.filter.OncePerRequestFilter.doFilter(OncePerRequestFilter.java:116) ~[spring-web-6.1.6.jar:6.1.6]
	at org.apache.catalina.core.ApplicationFilterChain.internalDoFilter(ApplicationFilterChain.java:175) ~[tomcat-embed-core-10.1.20.jar:10.1.20]
	at org.apache.catalina.core.ApplicationFilterChain.doFilter(ApplicationFilterChain.java:150) ~[tomcat-embed-core-10.1.20.jar:10.1.20]
	at org.apache.catalina.core.StandardWrapperValve.invoke(StandardWrapperValve.java:167) ~[tomcat-embed-core-10.1.20.jar:10.1.20]
	at org.apache.catalina.core.StandardContextValve.invoke(StandardContextValve.java:90) ~[tomcat-embed-core-10.1.20.jar:10.1.20]
	at org.apache.catalina.authenticator.AuthenticatorBase.invoke(AuthenticatorBase.java:482) ~[tomcat-embed-core-10.1.20.jar:10.1.20]
	at org.apache.catalina.core.StandardHostValve.invoke(StandardHostValve.java:115) ~[tomcat-embed-core-10.1.20.jar:10.1.20]
	at org.apache.catalina.valves.ErrorReportValve.invoke(ErrorReportValve.java:93) ~[tomcat-embed-core-10.1.20.jar:10.1.20]
	at org.apache.catalina.core.StandardEngineValve.invoke(StandardEngineValve.java:74) ~[tomcat-embed-core-10.1.20.jar:10.1.20]
	at org.apache.catalina.connector.CoyoteAdapter.service(CoyoteAdapter.java:344) ~[tomcat-embed-core-10.1.20.jar:10.1.20]
	at org.apache.coyote.http11.Http11Processor.service(Http11Processor.java:391) ~[tomcat-embed-core-10.1.20.jar:10.1.20]
	at org.apache.coyote.AbstractProcessorLight.process(AbstractProcessorLight.java:63) ~[tomcat-embed-core-10.1.20.jar:10.1.20]
	at org.apache.coyote.AbstractProtocol$ConnectionHandler.process(AbstractProtocol.java:896) ~[tomcat-embed-core-10.1.20.jar:10.1.20]
	at org.apache.tomcat.util.net.NioEndpoint$SocketProcessor.doRun(NioEndpoint.java:1736) ~[tomcat-embed-core-10.1.20.jar:10.1.20]
	at org.apache.tomcat.util.net.SocketProcessorBase.run(SocketProcessorBase.java:52) ~[tomcat-embed-core-10.1.20.jar:10.1.20]
	at org.apache.tomcat.util.threads.ThreadPoolExecutor.runWorker(ThreadPoolExecutor.java:1191) ~[tomcat-embed-core-10.1.20.jar:10.1.20]
	at org.apache.tomcat.util.threads.ThreadPoolExecutor$Worker.run(ThreadPoolExecutor.java:659) ~[tomcat-embed-core-10.1.20.jar:10.1.20]
	at org.apache.tomcat.util.threads.TaskThread$WrappingRunnable.run(TaskThread.java:63) ~[tomcat-embed-core-10.1.20.jar:10.1.20]
	at java.base/java.lang.Thread.run(Thread.java:1583) [?:?]
Caused by: java.io.FileNotFoundException: class path resource [templates/teacher/teacher-welcome.subject.txt] cannot be opened because it does not exist
	at org.springframework.core.io.ClassPathResource.getInputStream(ClassPathResource.java:215) ~[spring-core-6.1.6.jar:6.1.6]
	at com.classmanager.cms_backend.service.EmailTemplateService.loadTemplate(EmailTemplateService.java:40) ~[classes/:?]
	... 163 more
[ERROR] 2026-04-02 16:44:15.688 [http-nio-8095-exec-2] batch - HHH100501: Exception executing batch [java.sql.BatchUpdateException: Batch entry 0 insert into users (branch_id,created_at,email,failed_login_attempts,fcm_token,full_name,is_active,is_deleted,last_login_at,locked_until,password_hash,password_reset_expires_at,password_reset_token,phone,tenant_id,updated_at,id) values (('b487b4b2-a5d5-40c4-a092-997affc802cf'::uuid),('2026-04-02 16:44:15.652145+05:30'),('golepratik862000+1@gmail.com'),('0'::int4),(NULL),('Rohit Sharma'),('TRUE'::boolean),('FALSE'::boolean),(NULL),(NULL),('$2a$12$AKL7VNGFtkjxr4YVReUaeeWAQtON6rxVOcNP.t93cFFLHR7pgnOBS'),(NULL),(NULL),('9876543211'),('11054d8e-2aa8-445f-a876-9eac82a8bf5e'::uuid),('2026-04-02 16:44:15.652145+05:30'),('edad0552-ae90-4f7e-894f-9c8bf66d5b83'::uuid)) was aborted: ERROR: null value in column "role" of relation "users" violates not-null constraint
  Detail: Failing row contains (edad0552-ae90-4f7e-894f-9c8bf66d5b83, 2026-04-02 16:44:15.652145, f, 11054d8e-2aa8-445f-a876-9eac82a8bf5e, 2026-04-02 16:44:15.652145, golepratik862000+1@gmail.com, 0, null, Rohit Sharma, t, null, null, $2a$12$AKL7VNGFtkjxr4YVReUaeeWAQtON6rxVOcNP.t93cFFLHR7pgnOBS, null, null, 9876543211, null, b487b4b2-a5d5-40c4-a092-997affc802cf).  Call getNextException to see other errors in the batch.], SQL: insert into users (branch_id,created_at,email,failed_login_attempts,fcm_token,full_name,is_active,is_deleted,last_login_at,locked_until,password_hash,password_reset_expires_at,password_reset_token,phone,tenant_id,updated_at,id) values (?,?,?,?,?,?,?,?,?,?,?,?,?,?,?,?,?)
[ERROR] 2026-04-02 16:44:15.691 [http-nio-8095-exec-2] SqlExceptionHelper - Batch entry 0 insert into users (branch_id,created_at,email,failed_login_attempts,fcm_token,full_name,is_active,is_deleted,last_login_at,locked_until,password_hash,password_reset_expires_at,password_reset_token,phone,tenant_id,updated_at,id) values (('b487b4b2-a5d5-40c4-a092-997affc802cf'::uuid),('2026-04-02 16:44:15.652145+05:30'),('golepratik862000+1@gmail.com'),('0'::int4),(NULL),('Rohit Sharma'),('TRUE'::boolean),('FALSE'::boolean),(NULL),(NULL),('$2a$12$AKL7VNGFtkjxr4YVReUaeeWAQtON6rxVOcNP.t93cFFLHR7pgnOBS'),(NULL),(NULL),('9876543211'),('11054d8e-2aa8-445f-a876-9eac82a8bf5e'::uuid),('2026-04-02 16:44:15.652145+05:30'),('edad0552-ae90-4f7e-894f-9c8bf66d5b83'::uuid)) was aborted: ERROR: null value in column "role" of relation "users" violates not-null constraint
  Detail: Failing row contains (edad0552-ae90-4f7e-894f-9c8bf66d5b83, 2026-04-02 16:44:15.652145, f, 11054d8e-2aa8-445f-a876-9eac82a8bf5e, 2026-04-02 16:44:15.652145, golepratik862000+1@gmail.com, 0, null, Rohit Sharma, t, null, null, $2a$12$AKL7VNGFtkjxr4YVReUaeeWAQtON6rxVOcNP.t93cFFLHR7pgnOBS, null, null, 9876543211, null, b487b4b2-a5d5-40c4-a092-997affc802cf).  Call getNextException to see other errors in the batch.
[ERROR] 2026-04-02 16:44:15.691 [http-nio-8095-exec-2] SqlExceptionHelper - ERROR: null value in column "role" of relation "users" violates not-null constraint
  Detail: Failing row contains (edad0552-ae90-4f7e-894f-9c8bf66d5b83, 2026-04-02 16:44:15.652145, f, 11054d8e-2aa8-445f-a876-9eac82a8bf5e, 2026-04-02 16:44:15.652145, golepratik862000+1@gmail.com, 0, null, Rohit Sharma, t, null, null, $2a$12$AKL7VNGFtkjxr4YVReUaeeWAQtON6rxVOcNP.t93cFFLHR7pgnOBS, null, null, 9876543211, null, b487b4b2-a5d5-40c4-a092-997affc802cf).
[ERROR] 2026-04-02 16:44:15.705 [http-nio-8095-exec-2] GlobalExceptionHandler - Unexpected error: could not execute batch [Batch entry 0 insert into users (branch_id,created_at,email,failed_login_attempts,fcm_token,full_name,is_active,is_deleted,last_login_at,locked_until,password_hash,password_reset_expires_at,password_reset_token,phone,tenant_id,updated_at,id) values (('b487b4b2-a5d5-40c4-a092-997affc802cf'::uuid),('2026-04-02 16:44:15.652145+05:30'),('golepratik862000+1@gmail.com'),('0'::int4),(NULL),('Rohit Sharma'),('TRUE'::boolean),('FALSE'::boolean),(NULL),(NULL),('$2a$12$AKL7VNGFtkjxr4YVReUaeeWAQtON6rxVOcNP.t93cFFLHR7pgnOBS'),(NULL),(NULL),('9876543211'),('11054d8e-2aa8-445f-a876-9eac82a8bf5e'::uuid),('2026-04-02 16:44:15.652145+05:30'),('edad0552-ae90-4f7e-894f-9c8bf66d5b83'::uuid)) was aborted: ERROR: null value in column "role" of relation "users" violates not-null constraint
  Detail: Failing row contains (edad0552-ae90-4f7e-894f-9c8bf66d5b83, 2026-04-02 16:44:15.652145, f, 11054d8e-2aa8-445f-a876-9eac82a8bf5e, 2026-04-02 16:44:15.652145, golepratik862000+1@gmail.com, 0, null, Rohit Sharma, t, null, null, $2a$12$AKL7VNGFtkjxr4YVReUaeeWAQtON6rxVOcNP.t93cFFLHR7pgnOBS, null, null, 9876543211, null, b487b4b2-a5d5-40c4-a092-997affc802cf).  Call getNextException to see other errors in the batch.] [insert into users (branch_id,created_at,email,failed_login_attempts,fcm_token,full_name,is_active,is_deleted,last_login_at,locked_until,password_hash,password_reset_expires_at,password_reset_token,phone,tenant_id,updated_at,id) values (?,?,?,?,?,?,?,?,?,?,?,?,?,?,?,?,?)]; SQL [insert into users (branch_id,created_at,email,failed_login_attempts,fcm_token,full_name,is_active,is_deleted,last_login_at,locked_until,password_hash,password_reset_expires_at,password_reset_token,phone,tenant_id,updated_at,id) values (?,?,?,?,?,?,?,?,?,?,?,?,?,?,?,?,?)]; constraint [role" of relation "users]
org.springframework.dao.DataIntegrityViolationException: could not execute batch [Batch entry 0 insert into users (branch_id,created_at,email,failed_login_attempts,fcm_token,full_name,is_active,is_deleted,last_login_at,locked_until,password_hash,password_reset_expires_at,password_reset_token,phone,tenant_id,updated_at,id) values (('b487b4b2-a5d5-40c4-a092-997affc802cf'::uuid),('2026-04-02 16:44:15.652145+05:30'),('golepratik862000+1@gmail.com'),('0'::int4),(NULL),('Rohit Sharma'),('TRUE'::boolean),('FALSE'::boolean),(NULL),(NULL),('$2a$12$AKL7VNGFtkjxr4YVReUaeeWAQtON6rxVOcNP.t93cFFLHR7pgnOBS'),(NULL),(NULL),('9876543211'),('11054d8e-2aa8-445f-a876-9eac82a8bf5e'::uuid),('2026-04-02 16:44:15.652145+05:30'),('edad0552-ae90-4f7e-894f-9c8bf66d5b83'::uuid)) was aborted: ERROR: null value in column "role" of relation "users" violates not-null constraint
  Detail: Failing row contains (edad0552-ae90-4f7e-894f-9c8bf66d5b83, 2026-04-02 16:44:15.652145, f, 11054d8e-2aa8-445f-a876-9eac82a8bf5e, 2026-04-02 16:44:15.652145, golepratik862000+1@gmail.com, 0, null, Rohit Sharma, t, null, null, $2a$12$AKL7VNGFtkjxr4YVReUaeeWAQtON6rxVOcNP.t93cFFLHR7pgnOBS, null, null, 9876543211, null, b487b4b2-a5d5-40c4-a092-997affc802cf).  Call getNextException to see other errors in the batch.] [insert into users (branch_id,created_at,email,failed_login_attempts,fcm_token,full_name,is_active,is_deleted,last_login_at,locked_until,password_hash,password_reset_expires_at,password_reset_token,phone,tenant_id,updated_at,id) values (?,?,?,?,?,?,?,?,?,?,?,?,?,?,?,?,?)]; SQL [insert into users (branch_id,created_at,email,failed_login_attempts,fcm_token,full_name,is_active,is_deleted,last_login_at,locked_until,password_hash,password_reset_expires_at,password_reset_token,phone,tenant_id,updated_at,id) values (?,?,?,?,?,?,?,?,?,?,?,?,?,?,?,?,?)]; constraint [role" of relation "users]
	at org.springframework.orm.jpa.vendor.HibernateJpaDialect.convertHibernateAccessException(HibernateJpaDialect.java:290) ~[spring-orm-6.1.6.jar:6.1.6]
	at org.springframework.orm.jpa.vendor.HibernateJpaDialect.translateExceptionIfPossible(HibernateJpaDialect.java:241) ~[spring-orm-6.1.6.jar:6.1.6]
	at org.springframework.orm.jpa.JpaTransactionManager.doCommit(JpaTransactionManager.java:566) ~[spring-orm-6.1.6.jar:6.1.6]
	at org.springframework.transaction.support.AbstractPlatformTransactionManager.processCommit(AbstractPlatformTransactionManager.java:794) ~[spring-tx-6.1.6.jar:6.1.6]
	at org.springframework.transaction.support.AbstractPlatformTransactionManager.commit(AbstractPlatformTransactionManager.java:757) ~[spring-tx-6.1.6.jar:6.1.6]
	at org.springframework.transaction.interceptor.TransactionAspectSupport.commitTransactionAfterReturning(TransactionAspectSupport.java:676) ~[spring-tx-6.1.6.jar:6.1.6]
	at org.springframework.transaction.interceptor.TransactionAspectSupport.invokeWithinTransaction(TransactionAspectSupport.java:426) ~[spring-tx-6.1.6.jar:6.1.6]
	at org.springframework.transaction.interceptor.TransactionInterceptor.invoke(TransactionInterceptor.java:119) ~[spring-tx-6.1.6.jar:6.1.6]
	at org.springframework.aop.framework.ReflectiveMethodInvocation.proceed(ReflectiveMethodInvocation.java:184) ~[spring-aop-6.1.6.jar:6.1.6]
	at org.springframework.aop.framework.CglibAopProxy$CglibMethodInvocation.proceed(CglibAopProxy.java:768) ~[spring-aop-6.1.6.jar:6.1.6]
	at org.springframework.aop.framework.CglibAopProxy$DynamicAdvisedInterceptor.intercept(CglibAopProxy.java:720) ~[spring-aop-6.1.6.jar:6.1.6]
	at com.classmanager.cms_backend.service.UserManagementService$$SpringCGLIB$$0.createTeacher(<generated>) ~[classes/:?]
	at com.classmanager.cms_backend.controller.UserController.createTeacher(UserController.java:88) ~[classes/:?]
	at java.base/jdk.internal.reflect.DirectMethodHandleAccessor.invoke(DirectMethodHandleAccessor.java:103) ~[?:?]
	at java.base/java.lang.reflect.Method.invoke(Method.java:580) ~[?:?]
	at org.springframework.aop.support.AopUtils.invokeJoinpointUsingReflection(AopUtils.java:354) ~[spring-aop-6.1.6.jar:6.1.6]
	at org.springframework.aop.framework.ReflectiveMethodInvocation.invokeJoinpoint(ReflectiveMethodInvocation.java:196) ~[spring-aop-6.1.6.jar:6.1.6]
	at org.springframework.aop.framework.ReflectiveMethodInvocation.proceed(ReflectiveMethodInvocation.java:163) ~[spring-aop-6.1.6.jar:6.1.6]
	at org.springframework.aop.framework.CglibAopProxy$CglibMethodInvocation.proceed(CglibAopProxy.java:768) ~[spring-aop-6.1.6.jar:6.1.6]
	at org.springframework.security.authorization.method.AuthorizationManagerBeforeMethodInterceptor.invoke(AuthorizationManagerBeforeMethodInterceptor.java:198) ~[spring-security-core-6.2.4.jar:6.2.4]
	at org.springframework.aop.framework.ReflectiveMethodInvocation.proceed(ReflectiveMethodInvocation.java:184) ~[spring-aop-6.1.6.jar:6.1.6]
	at org.springframework.aop.framework.CglibAopProxy$CglibMethodInvocation.proceed(CglibAopProxy.java:768) ~[spring-aop-6.1.6.jar:6.1.6]
	at org.springframework.aop.framework.CglibAopProxy$DynamicAdvisedInterceptor.intercept(CglibAopProxy.java:720) ~[spring-aop-6.1.6.jar:6.1.6]
	at com.classmanager.cms_backend.controller.UserController$$SpringCGLIB$$0.createTeacher(<generated>) ~[classes/:?]
	at java.base/jdk.internal.reflect.DirectMethodHandleAccessor.invoke(DirectMethodHandleAccessor.java:103) ~[?:?]
	at java.base/java.lang.reflect.Method.invoke(Method.java:580) ~[?:?]
	at org.springframework.web.method.support.InvocableHandlerMethod.doInvoke(InvocableHandlerMethod.java:255) ~[spring-web-6.1.6.jar:6.1.6]
	at org.springframework.web.method.support.InvocableHandlerMethod.invokeForRequest(InvocableHandlerMethod.java:188) ~[spring-web-6.1.6.jar:6.1.6]
	at org.springframework.web.servlet.mvc.method.annotation.ServletInvocableHandlerMethod.invokeAndHandle(ServletInvocableHandlerMethod.java:118) ~[spring-webmvc-6.1.6.jar:6.1.6]
	at org.springframework.web.servlet.mvc.method.annotation.RequestMappingHandlerAdapter.invokeHandlerMethod(RequestMappingHandlerAdapter.java:926) ~[spring-webmvc-6.1.6.jar:6.1.6]
	at org.springframework.web.servlet.mvc.method.annotation.RequestMappingHandlerAdapter.handleInternal(RequestMappingHandlerAdapter.java:831) ~[spring-webmvc-6.1.6.jar:6.1.6]
	at org.springframework.web.servlet.mvc.method.AbstractHandlerMethodAdapter.handle(AbstractHandlerMethodAdapter.java:87) ~[spring-webmvc-6.1.6.jar:6.1.6]
	at org.springframework.web.servlet.DispatcherServlet.doDispatch(DispatcherServlet.java:1089) ~[spring-webmvc-6.1.6.jar:6.1.6]
	at org.springframework.web.servlet.DispatcherServlet.doService(DispatcherServlet.java:979) ~[spring-webmvc-6.1.6.jar:6.1.6]
	at org.springframework.web.servlet.FrameworkServlet.processRequest(FrameworkServlet.java:1014) ~[spring-webmvc-6.1.6.jar:6.1.6]
	at org.springframework.web.servlet.FrameworkServlet.doPost(FrameworkServlet.java:914) ~[spring-webmvc-6.1.6.jar:6.1.6]
	at jakarta.servlet.http.HttpServlet.service(HttpServlet.java:590) ~[tomcat-embed-core-10.1.20.jar:6.0]
	at org.springframework.web.servlet.FrameworkServlet.service(FrameworkServlet.java:885) ~[spring-webmvc-6.1.6.jar:6.1.6]
	at jakarta.servlet.http.HttpServlet.service(HttpServlet.java:658) ~[tomcat-embed-core-10.1.20.jar:6.0]
	at org.apache.catalina.core.ApplicationFilterChain.internalDoFilter(ApplicationFilterChain.java:206) ~[tomcat-embed-core-10.1.20.jar:10.1.20]
	at org.apache.catalina.core.ApplicationFilterChain.doFilter(ApplicationFilterChain.java:150) ~[tomcat-embed-core-10.1.20.jar:10.1.20]
	at org.apache.tomcat.websocket.server.WsFilter.doFilter(WsFilter.java:51) ~[tomcat-embed-websocket-10.1.20.jar:10.1.20]
	at org.apache.catalina.core.ApplicationFilterChain.internalDoFilter(ApplicationFilterChain.java:175) ~[tomcat-embed-core-10.1.20.jar:10.1.20]
	at org.apache.catalina.core.ApplicationFilterChain.doFilter(ApplicationFilterChain.java:150) ~[tomcat-embed-core-10.1.20.jar:10.1.20]
	at org.springframework.web.filter.OncePerRequestFilter.doFilter(OncePerRequestFilter.java:110) ~[spring-web-6.1.6.jar:6.1.6]
	at org.apache.catalina.core.ApplicationFilterChain.internalDoFilter(ApplicationFilterChain.java:175) ~[tomcat-embed-core-10.1.20.jar:10.1.20]
	at org.apache.catalina.core.ApplicationFilterChain.doFilter(ApplicationFilterChain.java:150) ~[tomcat-embed-core-10.1.20.jar:10.1.20]
	at org.springframework.web.filter.CompositeFilter$VirtualFilterChain.doFilter(CompositeFilter.java:108) ~[spring-web-6.1.6.jar:6.1.6]
	at org.springframework.security.web.FilterChainProxy.lambda$doFilterInternal$3(FilterChainProxy.java:231) ~[spring-security-web-6.2.4.jar:6.2.4]
	at org.springframework.security.web.ObservationFilterChainDecorator$FilterObservation$SimpleFilterObservation.lambda$wrap$1(ObservationFilterChainDecorator.java:479) ~[spring-security-web-6.2.4.jar:6.2.4]
	at org.springframework.security.web.ObservationFilterChainDecorator$AroundFilterObservation$SimpleAroundFilterObservation.lambda$wrap$1(ObservationFilterChainDecorator.java:340) ~[spring-security-web-6.2.4.jar:6.2.4]
	at org.springframework.security.web.ObservationFilterChainDecorator.lambda$wrapSecured$0(ObservationFilterChainDecorator.java:82) ~[spring-security-web-6.2.4.jar:6.2.4]
	at org.springframework.security.web.ObservationFilterChainDecorator$VirtualFilterChain.doFilter(ObservationFilterChainDecorator.java:128) ~[spring-security-web-6.2.4.jar:6.2.4]
	at org.springframework.security.web.access.intercept.AuthorizationFilter.doFilter(AuthorizationFilter.java:100) ~[spring-security-web-6.2.4.jar:6.2.4]
	at org.springframework.security.web.ObservationFilterChainDecorator$ObservationFilter.wrapFilter(ObservationFilterChainDecorator.java:240) ~[spring-security-web-6.2.4.jar:6.2.4]
	at org.springframework.security.web.ObservationFilterChainDecorator$ObservationFilter.doFilter(ObservationFilterChainDecorator.java:227) ~[spring-security-web-6.2.4.jar:6.2.4]
	at org.springframework.security.web.ObservationFilterChainDecorator$VirtualFilterChain.doFilter(ObservationFilterChainDecorator.java:137) ~[spring-security-web-6.2.4.jar:6.2.4]
	at org.springframework.security.web.access.ExceptionTranslationFilter.doFilter(ExceptionTranslationFilter.java:126) ~[spring-security-web-6.2.4.jar:6.2.4]
	at org.springframework.security.web.access.ExceptionTranslationFilter.doFilter(ExceptionTranslationFilter.java:120) ~[spring-security-web-6.2.4.jar:6.2.4]
	at org.springframework.security.web.ObservationFilterChainDecorator$ObservationFilter.wrapFilter(ObservationFilterChainDecorator.java:240) ~[spring-security-web-6.2.4.jar:6.2.4]
	at org.springframework.security.web.ObservationFilterChainDecorator$ObservationFilter.doFilter(ObservationFilterChainDecorator.java:227) ~[spring-security-web-6.2.4.jar:6.2.4]
	at org.springframework.security.web.ObservationFilterChainDecorator$VirtualFilterChain.doFilter(ObservationFilterChainDecorator.java:137) ~[spring-security-web-6.2.4.jar:6.2.4]
	at org.springframework.security.web.session.SessionManagementFilter.doFilter(SessionManagementFilter.java:131) ~[spring-security-web-6.2.4.jar:6.2.4]
	at org.springframework.security.web.session.SessionManagementFilter.doFilter(SessionManagementFilter.java:85) ~[spring-security-web-6.2.4.jar:6.2.4]
	at org.springframework.security.web.ObservationFilterChainDecorator$ObservationFilter.wrapFilter(ObservationFilterChainDecorator.java:240) ~[spring-security-web-6.2.4.jar:6.2.4]
	at org.springframework.security.web.ObservationFilterChainDecorator$ObservationFilter.doFilter(ObservationFilterChainDecorator.java:227) ~[spring-security-web-6.2.4.jar:6.2.4]
	at org.springframework.security.web.ObservationFilterChainDecorator$VirtualFilterChain.doFilter(ObservationFilterChainDecorator.java:137) ~[spring-security-web-6.2.4.jar:6.2.4]
	at org.springframework.security.web.authentication.AnonymousAuthenticationFilter.doFilter(AnonymousAuthenticationFilter.java:100) ~[spring-security-web-6.2.4.jar:6.2.4]
	at org.springframework.security.web.ObservationFilterChainDecorator$ObservationFilter.wrapFilter(ObservationFilterChainDecorator.java:240) ~[spring-security-web-6.2.4.jar:6.2.4]
	at org.springframework.security.web.ObservationFilterChainDecorator$ObservationFilter.doFilter(ObservationFilterChainDecorator.java:227) ~[spring-security-web-6.2.4.jar:6.2.4]
	at org.springframework.security.web.ObservationFilterChainDecorator$VirtualFilterChain.doFilter(ObservationFilterChainDecorator.java:137) ~[spring-security-web-6.2.4.jar:6.2.4]
	at org.springframework.security.web.servletapi.SecurityContextHolderAwareRequestFilter.doFilter(SecurityContextHolderAwareRequestFilter.java:179) ~[spring-security-web-6.2.4.jar:6.2.4]
	at org.springframework.security.web.ObservationFilterChainDecorator$ObservationFilter.wrapFilter(ObservationFilterChainDecorator.java:240) ~[spring-security-web-6.2.4.jar:6.2.4]
	at org.springframework.security.web.ObservationFilterChainDecorator$ObservationFilter.doFilter(ObservationFilterChainDecorator.java:227) ~[spring-security-web-6.2.4.jar:6.2.4]
	at org.springframework.security.web.ObservationFilterChainDecorator$VirtualFilterChain.doFilter(ObservationFilterChainDecorator.java:137) ~[spring-security-web-6.2.4.jar:6.2.4]
	at org.springframework.security.web.savedrequest.RequestCacheAwareFilter.doFilter(RequestCacheAwareFilter.java:63) ~[spring-security-web-6.2.4.jar:6.2.4]
	at org.springframework.security.web.ObservationFilterChainDecorator$ObservationFilter.wrapFilter(ObservationFilterChainDecorator.java:240) ~[spring-security-web-6.2.4.jar:6.2.4]
	at org.springframework.security.web.ObservationFilterChainDecorator$ObservationFilter.doFilter(ObservationFilterChainDecorator.java:227) ~[spring-security-web-6.2.4.jar:6.2.4]
	at org.springframework.security.web.ObservationFilterChainDecorator$VirtualFilterChain.doFilter(ObservationFilterChainDecorator.java:137) ~[spring-security-web-6.2.4.jar:6.2.4]
	at com.classmanager.cms_backend.security.jwt.JwtAuthenticationFilter.doFilterInternal(JwtAuthenticationFilter.java:47) ~[classes/:?]
	at org.springframework.web.filter.OncePerRequestFilter.doFilter(OncePerRequestFilter.java:116) ~[spring-web-6.1.6.jar:6.1.6]
	at org.springframework.security.web.ObservationFilterChainDecorator$ObservationFilter.wrapFilter(ObservationFilterChainDecorator.java:240) ~[spring-security-web-6.2.4.jar:6.2.4]
	at org.springframework.security.web.ObservationFilterChainDecorator$ObservationFilter.doFilter(ObservationFilterChainDecorator.java:227) ~[spring-security-web-6.2.4.jar:6.2.4]
	at org.springframework.security.web.ObservationFilterChainDecorator$VirtualFilterChain.doFilter(ObservationFilterChainDecorator.java:137) ~[spring-security-web-6.2.4.jar:6.2.4]
	at org.springframework.security.web.authentication.logout.LogoutFilter.doFilter(LogoutFilter.java:107) ~[spring-security-web-6.2.4.jar:6.2.4]
	at org.springframework.security.web.authentication.logout.LogoutFilter.doFilter(LogoutFilter.java:93) ~[spring-security-web-6.2.4.jar:6.2.4]
	at org.springframework.security.web.ObservationFilterChainDecorator$ObservationFilter.wrapFilter(ObservationFilterChainDecorator.java:240) ~[spring-security-web-6.2.4.jar:6.2.4]
	at org.springframework.security.web.ObservationFilterChainDecorator$ObservationFilter.doFilter(ObservationFilterChainDecorator.java:227) ~[spring-security-web-6.2.4.jar:6.2.4]
	at org.springframework.security.web.ObservationFilterChainDecorator$VirtualFilterChain.doFilter(ObservationFilterChainDecorator.java:137) ~[spring-security-web-6.2.4.jar:6.2.4]
	at org.springframework.web.filter.CorsFilter.doFilterInternal(CorsFilter.java:91) ~[spring-web-6.1.6.jar:6.1.6]
	at org.springframework.web.filter.OncePerRequestFilter.doFilter(OncePerRequestFilter.java:116) ~[spring-web-6.1.6.jar:6.1.6]
	at org.springframework.security.web.ObservationFilterChainDecorator$ObservationFilter.wrapFilter(ObservationFilterChainDecorator.java:240) ~[spring-security-web-6.2.4.jar:6.2.4]
	at org.springframework.security.web.ObservationFilterChainDecorator$ObservationFilter.doFilter(ObservationFilterChainDecorator.java:227) ~[spring-security-web-6.2.4.jar:6.2.4]
	at org.springframework.security.web.ObservationFilterChainDecorator$VirtualFilterChain.doFilter(ObservationFilterChainDecorator.java:137) ~[spring-security-web-6.2.4.jar:6.2.4]
	at org.springframework.security.web.header.HeaderWriterFilter.doHeadersAfter(HeaderWriterFilter.java:90) ~[spring-security-web-6.2.4.jar:6.2.4]
	at org.springframework.security.web.header.HeaderWriterFilter.doFilterInternal(HeaderWriterFilter.java:75) ~[spring-security-web-6.2.4.jar:6.2.4]
	at org.springframework.web.filter.OncePerRequestFilter.doFilter(OncePerRequestFilter.java:116) ~[spring-web-6.1.6.jar:6.1.6]
	at org.springframework.security.web.ObservationFilterChainDecorator$ObservationFilter.wrapFilter(ObservationFilterChainDecorator.java:240) ~[spring-security-web-6.2.4.jar:6.2.4]
	at org.springframework.security.web.ObservationFilterChainDecorator$ObservationFilter.doFilter(ObservationFilterChainDecorator.java:227) ~[spring-security-web-6.2.4.jar:6.2.4]
	at org.springframework.security.web.ObservationFilterChainDecorator$VirtualFilterChain.doFilter(ObservationFilterChainDecorator.java:137) ~[spring-security-web-6.2.4.jar:6.2.4]
	at org.springframework.security.web.context.SecurityContextHolderFilter.doFilter(SecurityContextHolderFilter.java:82) ~[spring-security-web-6.2.4.jar:6.2.4]
	at org.springframework.security.web.context.SecurityContextHolderFilter.doFilter(SecurityContextHolderFilter.java:69) ~[spring-security-web-6.2.4.jar:6.2.4]
	at org.springframework.security.web.ObservationFilterChainDecorator$ObservationFilter.wrapFilter(ObservationFilterChainDecorator.java:240) ~[spring-security-web-6.2.4.jar:6.2.4]
	at org.springframework.security.web.ObservationFilterChainDecorator$ObservationFilter.doFilter(ObservationFilterChainDecorator.java:227) ~[spring-security-web-6.2.4.jar:6.2.4]
	at org.springframework.security.web.ObservationFilterChainDecorator$VirtualFilterChain.doFilter(ObservationFilterChainDecorator.java:137) ~[spring-security-web-6.2.4.jar:6.2.4]
	at org.springframework.security.web.context.request.async.WebAsyncManagerIntegrationFilter.doFilterInternal(WebAsyncManagerIntegrationFilter.java:62) ~[spring-security-web-6.2.4.jar:6.2.4]
	at org.springframework.web.filter.OncePerRequestFilter.doFilter(OncePerRequestFilter.java:116) ~[spring-web-6.1.6.jar:6.1.6]
	at org.springframework.security.web.ObservationFilterChainDecorator$ObservationFilter.wrapFilter(ObservationFilterChainDecorator.java:240) ~[spring-security-web-6.2.4.jar:6.2.4]
	at org.springframework.security.web.ObservationFilterChainDecorator$ObservationFilter.doFilter(ObservationFilterChainDecorator.java:227) ~[spring-security-web-6.2.4.jar:6.2.4]
	at org.springframework.security.web.ObservationFilterChainDecorator$VirtualFilterChain.doFilter(ObservationFilterChainDecorator.java:137) ~[spring-security-web-6.2.4.jar:6.2.4]
	at org.springframework.security.web.session.DisableEncodeUrlFilter.doFilterInternal(DisableEncodeUrlFilter.java:42) ~[spring-security-web-6.2.4.jar:6.2.4]
	at org.springframework.web.filter.OncePerRequestFilter.doFilter(OncePerRequestFilter.java:116) ~[spring-web-6.1.6.jar:6.1.6]
	at org.springframework.security.web.ObservationFilterChainDecorator$ObservationFilter.wrapFilter(ObservationFilterChainDecorator.java:240) ~[spring-security-web-6.2.4.jar:6.2.4]
	at org.springframework.security.web.ObservationFilterChainDecorator$AroundFilterObservation$SimpleAroundFilterObservation.lambda$wrap$0(ObservationFilterChainDecorator.java:323) ~[spring-security-web-6.2.4.jar:6.2.4]
	at org.springframework.security.web.ObservationFilterChainDecorator$ObservationFilter.doFilter(ObservationFilterChainDecorator.java:224) ~[spring-security-web-6.2.4.jar:6.2.4]
	at org.springframework.security.web.ObservationFilterChainDecorator$VirtualFilterChain.doFilter(ObservationFilterChainDecorator.java:137) ~[spring-security-web-6.2.4.jar:6.2.4]
	at org.springframework.security.web.FilterChainProxy.doFilterInternal(FilterChainProxy.java:233) ~[spring-security-web-6.2.4.jar:6.2.4]
	at org.springframework.security.web.FilterChainProxy.doFilter(FilterChainProxy.java:191) ~[spring-security-web-6.2.4.jar:6.2.4]
	at org.springframework.web.filter.CompositeFilter$VirtualFilterChain.doFilter(CompositeFilter.java:113) ~[spring-web-6.1.6.jar:6.1.6]
	at org.springframework.web.servlet.handler.HandlerMappingIntrospector.lambda$createCacheFilter$3(HandlerMappingIntrospector.java:195) ~[spring-webmvc-6.1.6.jar:6.1.6]
	at org.springframework.web.filter.CompositeFilter$VirtualFilterChain.doFilter(CompositeFilter.java:113) ~[spring-web-6.1.6.jar:6.1.6]
	at org.springframework.web.filter.CompositeFilter.doFilter(CompositeFilter.java:74) ~[spring-web-6.1.6.jar:6.1.6]
	at org.springframework.security.config.annotation.web.configuration.WebMvcSecurityConfiguration$CompositeFilterChainProxy.doFilter(WebMvcSecurityConfiguration.java:230) ~[spring-security-config-6.2.4.jar:6.2.4]
	at org.springframework.web.filter.DelegatingFilterProxy.invokeDelegate(DelegatingFilterProxy.java:352) ~[spring-web-6.1.6.jar:6.1.6]
	at org.springframework.web.filter.DelegatingFilterProxy.doFilter(DelegatingFilterProxy.java:268) ~[spring-web-6.1.6.jar:6.1.6]
	at org.apache.catalina.core.ApplicationFilterChain.internalDoFilter(ApplicationFilterChain.java:175) ~[tomcat-embed-core-10.1.20.jar:10.1.20]
	at org.apache.catalina.core.ApplicationFilterChain.doFilter(ApplicationFilterChain.java:150) ~[tomcat-embed-core-10.1.20.jar:10.1.20]
	at org.springframework.web.filter.RequestContextFilter.doFilterInternal(RequestContextFilter.java:100) ~[spring-web-6.1.6.jar:6.1.6]
	at org.springframework.web.filter.OncePerRequestFilter.doFilter(OncePerRequestFilter.java:116) ~[spring-web-6.1.6.jar:6.1.6]
	at org.apache.catalina.core.ApplicationFilterChain.internalDoFilter(ApplicationFilterChain.java:175) ~[tomcat-embed-core-10.1.20.jar:10.1.20]
	at org.apache.catalina.core.ApplicationFilterChain.doFilter(ApplicationFilterChain.java:150) ~[tomcat-embed-core-10.1.20.jar:10.1.20]
	at org.springframework.web.filter.FormContentFilter.doFilterInternal(FormContentFilter.java:93) ~[spring-web-6.1.6.jar:6.1.6]
	at org.springframework.web.filter.OncePerRequestFilter.doFilter(OncePerRequestFilter.java:116) ~[spring-web-6.1.6.jar:6.1.6]
	at org.apache.catalina.core.ApplicationFilterChain.internalDoFilter(ApplicationFilterChain.java:175) ~[tomcat-embed-core-10.1.20.jar:10.1.20]
	at org.apache.catalina.core.ApplicationFilterChain.doFilter(ApplicationFilterChain.java:150) ~[tomcat-embed-core-10.1.20.jar:10.1.20]
	at org.springframework.web.filter.ServerHttpObservationFilter.doFilterInternal(ServerHttpObservationFilter.java:109) ~[spring-web-6.1.6.jar:6.1.6]
	at org.springframework.web.filter.OncePerRequestFilter.doFilter(OncePerRequestFilter.java:116) ~[spring-web-6.1.6.jar:6.1.6]
	at org.apache.catalina.core.ApplicationFilterChain.internalDoFilter(ApplicationFilterChain.java:175) ~[tomcat-embed-core-10.1.20.jar:10.1.20]
	at org.apache.catalina.core.ApplicationFilterChain.doFilter(ApplicationFilterChain.java:150) ~[tomcat-embed-core-10.1.20.jar:10.1.20]
	at org.springframework.web.filter.CharacterEncodingFilter.doFilterInternal(CharacterEncodingFilter.java:201) ~[spring-web-6.1.6.jar:6.1.6]
	at org.springframework.web.filter.OncePerRequestFilter.doFilter(OncePerRequestFilter.java:116) ~[spring-web-6.1.6.jar:6.1.6]
	at org.apache.catalina.core.ApplicationFilterChain.internalDoFilter(ApplicationFilterChain.java:175) ~[tomcat-embed-core-10.1.20.jar:10.1.20]
	at org.apache.catalina.core.ApplicationFilterChain.doFilter(ApplicationFilterChain.java:150) ~[tomcat-embed-core-10.1.20.jar:10.1.20]
	at org.apache.catalina.core.StandardWrapperValve.invoke(StandardWrapperValve.java:167) ~[tomcat-embed-core-10.1.20.jar:10.1.20]
	at org.apache.catalina.core.StandardContextValve.invoke(StandardContextValve.java:90) ~[tomcat-embed-core-10.1.20.jar:10.1.20]
	at org.apache.catalina.authenticator.AuthenticatorBase.invoke(AuthenticatorBase.java:482) ~[tomcat-embed-core-10.1.20.jar:10.1.20]
	at org.apache.catalina.core.StandardHostValve.invoke(StandardHostValve.java:115) ~[tomcat-embed-core-10.1.20.jar:10.1.20]
	at org.apache.catalina.valves.ErrorReportValve.invoke(ErrorReportValve.java:93) ~[tomcat-embed-core-10.1.20.jar:10.1.20]
	at org.apache.catalina.core.StandardEngineValve.invoke(StandardEngineValve.java:74) ~[tomcat-embed-core-10.1.20.jar:10.1.20]
	at org.apache.catalina.connector.CoyoteAdapter.service(CoyoteAdapter.java:344) ~[tomcat-embed-core-10.1.20.jar:10.1.20]
	at org.apache.coyote.http11.Http11Processor.service(Http11Processor.java:391) ~[tomcat-embed-core-10.1.20.jar:10.1.20]
	at org.apache.coyote.AbstractProcessorLight.process(AbstractProcessorLight.java:63) ~[tomcat-embed-core-10.1.20.jar:10.1.20]
	at org.apache.coyote.AbstractProtocol$ConnectionHandler.process(AbstractProtocol.java:896) ~[tomcat-embed-core-10.1.20.jar:10.1.20]
	at org.apache.tomcat.util.net.NioEndpoint$SocketProcessor.doRun(NioEndpoint.java:1736) ~[tomcat-embed-core-10.1.20.jar:10.1.20]
	at org.apache.tomcat.util.net.SocketProcessorBase.run(SocketProcessorBase.java:52) ~[tomcat-embed-core-10.1.20.jar:10.1.20]
	at org.apache.tomcat.util.threads.ThreadPoolExecutor.runWorker(ThreadPoolExecutor.java:1191) ~[tomcat-embed-core-10.1.20.jar:10.1.20]
	at org.apache.tomcat.util.threads.ThreadPoolExecutor$Worker.run(ThreadPoolExecutor.java:659) ~[tomcat-embed-core-10.1.20.jar:10.1.20]
	at org.apache.tomcat.util.threads.TaskThread$WrappingRunnable.run(TaskThread.java:63) ~[tomcat-embed-core-10.1.20.jar:10.1.20]
	at java.base/java.lang.Thread.run(Thread.java:1583) [?:?]
Caused by: org.hibernate.exception.ConstraintViolationException: could not execute batch [Batch entry 0 insert into users (branch_id,created_at,email,failed_login_attempts,fcm_token,full_name,is_active,is_deleted,last_login_at,locked_until,password_hash,password_reset_expires_at,password_reset_token,phone,tenant_id,updated_at,id) values (('b487b4b2-a5d5-40c4-a092-997affc802cf'::uuid),('2026-04-02 16:44:15.652145+05:30'),('golepratik862000+1@gmail.com'),('0'::int4),(NULL),('Rohit Sharma'),('TRUE'::boolean),('FALSE'::boolean),(NULL),(NULL),('$2a$12$AKL7VNGFtkjxr4YVReUaeeWAQtON6rxVOcNP.t93cFFLHR7pgnOBS'),(NULL),(NULL),('9876543211'),('11054d8e-2aa8-445f-a876-9eac82a8bf5e'::uuid),('2026-04-02 16:44:15.652145+05:30'),('edad0552-ae90-4f7e-894f-9c8bf66d5b83'::uuid)) was aborted: ERROR: null value in column "role" of relation "users" violates not-null constraint
  Detail: Failing row contains (edad0552-ae90-4f7e-894f-9c8bf66d5b83, 2026-04-02 16:44:15.652145, f, 11054d8e-2aa8-445f-a876-9eac82a8bf5e, 2026-04-02 16:44:15.652145, golepratik862000+1@gmail.com, 0, null, Rohit Sharma, t, null, null, $2a$12$AKL7VNGFtkjxr4YVReUaeeWAQtON6rxVOcNP.t93cFFLHR7pgnOBS, null, null, 9876543211, null, b487b4b2-a5d5-40c4-a092-997affc802cf).  Call getNextException to see other errors in the batch.] [insert into users (branch_id,created_at,email,failed_login_attempts,fcm_token,full_name,is_active,is_deleted,last_login_at,locked_until,password_hash,password_reset_expires_at,password_reset_token,phone,tenant_id,updated_at,id) values (?,?,?,?,?,?,?,?,?,?,?,?,?,?,?,?,?)]
	at org.hibernate.exception.internal.SQLStateConversionDelegate.convert(SQLStateConversionDelegate.java:97) ~[hibernate-core-6.4.4.Final.jar:6.4.4.Final]
	at org.hibernate.exception.internal.StandardSQLExceptionConverter.convert(StandardSQLExceptionConverter.java:58) ~[hibernate-core-6.4.4.Final.jar:6.4.4.Final]
	at org.hibernate.engine.jdbc.spi.SqlExceptionHelper.convert(SqlExceptionHelper.java:108) ~[hibernate-core-6.4.4.Final.jar:6.4.4.Final]
	at org.hibernate.engine.jdbc.batch.internal.BatchImpl.lambda$performExecution$2(BatchImpl.java:294) ~[hibernate-core-6.4.4.Final.jar:6.4.4.Final]
	at org.hibernate.engine.jdbc.mutation.internal.PreparedStatementGroupSingleTable.forEachStatement(PreparedStatementGroupSingleTable.java:59) ~[hibernate-core-6.4.4.Final.jar:6.4.4.Final]
	at org.hibernate.engine.jdbc.batch.internal.BatchImpl.performExecution(BatchImpl.java:264) ~[hibernate-core-6.4.4.Final.jar:6.4.4.Final]
	at org.hibernate.engine.jdbc.batch.internal.BatchImpl.execute(BatchImpl.java:242) ~[hibernate-core-6.4.4.Final.jar:6.4.4.Final]
	at org.hibernate.engine.jdbc.internal.JdbcCoordinatorImpl.getBatch(JdbcCoordinatorImpl.java:173) ~[hibernate-core-6.4.4.Final.jar:6.4.4.Final]
	at org.hibernate.engine.jdbc.mutation.internal.MutationExecutorSingleBatched.resolveBatch(MutationExecutorSingleBatched.java:47) ~[hibernate-core-6.4.4.Final.jar:6.4.4.Final]
	at org.hibernate.engine.jdbc.mutation.internal.MutationExecutorSingleBatched.performBatchedOperations(MutationExecutorSingleBatched.java:60) ~[hibernate-core-6.4.4.Final.jar:6.4.4.Final]
	at org.hibernate.engine.jdbc.mutation.internal.AbstractMutationExecutor.execute(AbstractMutationExecutor.java:54) ~[hibernate-core-6.4.4.Final.jar:6.4.4.Final]
	at org.hibernate.persister.entity.mutation.InsertCoordinator.doStaticInserts(InsertCoordinator.java:175) ~[hibernate-core-6.4.4.Final.jar:6.4.4.Final]
	at org.hibernate.persister.entity.mutation.InsertCoordinator.coordinateInsert(InsertCoordinator.java:113) ~[hibernate-core-6.4.4.Final.jar:6.4.4.Final]
	at org.hibernate.persister.entity.AbstractEntityPersister.insert(AbstractEntityPersister.java:2873) ~[hibernate-core-6.4.4.Final.jar:6.4.4.Final]
	at org.hibernate.action.internal.EntityInsertAction.execute(EntityInsertAction.java:104) ~[hibernate-core-6.4.4.Final.jar:6.4.4.Final]
	at org.hibernate.engine.spi.ActionQueue.executeActions(ActionQueue.java:632) ~[hibernate-core-6.4.4.Final.jar:6.4.4.Final]
	at org.hibernate.engine.spi.ActionQueue.executeActions(ActionQueue.java:499) ~[hibernate-core-6.4.4.Final.jar:6.4.4.Final]
	at org.hibernate.event.internal.AbstractFlushingEventListener.performExecutions(AbstractFlushingEventListener.java:363) ~[hibernate-core-6.4.4.Final.jar:6.4.4.Final]
	at org.hibernate.event.internal.DefaultFlushEventListener.onFlush(DefaultFlushEventListener.java:41) ~[hibernate-core-6.4.4.Final.jar:6.4.4.Final]
	at org.hibernate.event.service.internal.EventListenerGroupImpl.fireEventOnEachListener(EventListenerGroupImpl.java:127) ~[hibernate-core-6.4.4.Final.jar:6.4.4.Final]
	at org.hibernate.internal.SessionImpl.doFlush(SessionImpl.java:1403) ~[hibernate-core-6.4.4.Final.jar:6.4.4.Final]
	at org.hibernate.internal.SessionImpl.managedFlush(SessionImpl.java:484) ~[hibernate-core-6.4.4.Final.jar:6.4.4.Final]
	at org.hibernate.internal.SessionImpl.flushBeforeTransactionCompletion(SessionImpl.java:2319) ~[hibernate-core-6.4.4.Final.jar:6.4.4.Final]
	at org.hibernate.internal.SessionImpl.beforeTransactionCompletion(SessionImpl.java:1976) ~[hibernate-core-6.4.4.Final.jar:6.4.4.Final]
	at org.hibernate.engine.jdbc.internal.JdbcCoordinatorImpl.beforeTransactionCompletion(JdbcCoordinatorImpl.java:439) ~[hibernate-core-6.4.4.Final.jar:6.4.4.Final]
	at org.hibernate.resource.transaction.backend.jdbc.internal.JdbcResourceLocalTransactionCoordinatorImpl.beforeCompletionCallback(JdbcResourceLocalTransactionCoordinatorImpl.java:169) ~[hibernate-core-6.4.4.Final.jar:6.4.4.Final]
	at org.hibernate.resource.transaction.backend.jdbc.internal.JdbcResourceLocalTransactionCoordinatorImpl$TransactionDriverControlImpl.commit(JdbcResourceLocalTransactionCoordinatorImpl.java:267) ~[hibernate-core-6.4.4.Final.jar:6.4.4.Final]
	at org.hibernate.engine.transaction.internal.TransactionImpl.commit(TransactionImpl.java:101) ~[hibernate-core-6.4.4.Final.jar:6.4.4.Final]
	at org.springframework.orm.jpa.JpaTransactionManager.doCommit(JpaTransactionManager.java:562) ~[spring-orm-6.1.6.jar:6.1.6]
	... 156 more
Caused by: java.sql.BatchUpdateException: Batch entry 0 insert into users (branch_id,created_at,email,failed_login_attempts,fcm_token,full_name,is_active,is_deleted,last_login_at,locked_until,password_hash,password_reset_expires_at,password_reset_token,phone,tenant_id,updated_at,id) values (('b487b4b2-a5d5-40c4-a092-997affc802cf'::uuid),('2026-04-02 16:44:15.652145+05:30'),('golepratik862000+1@gmail.com'),('0'::int4),(NULL),('Rohit Sharma'),('TRUE'::boolean),('FALSE'::boolean),(NULL),(NULL),('$2a$12$AKL7VNGFtkjxr4YVReUaeeWAQtON6rxVOcNP.t93cFFLHR7pgnOBS'),(NULL),(NULL),('9876543211'),('11054d8e-2aa8-445f-a876-9eac82a8bf5e'::uuid),('2026-04-02 16:44:15.652145+05:30'),('edad0552-ae90-4f7e-894f-9c8bf66d5b83'::uuid)) was aborted: ERROR: null value in column "role" of relation "users" violates not-null constraint
  Detail: Failing row contains (edad0552-ae90-4f7e-894f-9c8bf66d5b83, 2026-04-02 16:44:15.652145, f, 11054d8e-2aa8-445f-a876-9eac82a8bf5e, 2026-04-02 16:44:15.652145, golepratik862000+1@gmail.com, 0, null, Rohit Sharma, t, null, null, $2a$12$AKL7VNGFtkjxr4YVReUaeeWAQtON6rxVOcNP.t93cFFLHR7pgnOBS, null, null, 9876543211, null, b487b4b2-a5d5-40c4-a092-997affc802cf).  Call getNextException to see other errors in the batch.
	at org.postgresql.jdbc.BatchResultHandler.handleError(BatchResultHandler.java:165) ~[postgresql-42.6.2.jar:42.6.2]
	at org.postgresql.core.v3.QueryExecutorImpl.processResults(QueryExecutorImpl.java:2402) ~[postgresql-42.6.2.jar:42.6.2]
	at org.postgresql.core.v3.QueryExecutorImpl.execute(QueryExecutorImpl.java:574) ~[postgresql-42.6.2.jar:42.6.2]
	at org.postgresql.jdbc.PgStatement.internalExecuteBatch(PgStatement.java:896) ~[postgresql-42.6.2.jar:42.6.2]
	at org.postgresql.jdbc.PgStatement.executeBatch(PgStatement.java:919) ~[postgresql-42.6.2.jar:42.6.2]
	at org.postgresql.jdbc.PgPreparedStatement.executeBatch(PgPreparedStatement.java:1685) ~[postgresql-42.6.2.jar:42.6.2]
	at com.zaxxer.hikari.pool.ProxyStatement.executeBatch(ProxyStatement.java:127) ~[HikariCP-5.0.1.jar:?]
	at com.zaxxer.hikari.pool.HikariProxyPreparedStatement.executeBatch(HikariProxyPreparedStatement.java) ~[HikariCP-5.0.1.jar:?]
	at org.hibernate.engine.jdbc.batch.internal.BatchImpl.lambda$performExecution$2(BatchImpl.java:279) ~[hibernate-core-6.4.4.Final.jar:6.4.4.Final]
	at org.hibernate.engine.jdbc.mutation.internal.PreparedStatementGroupSingleTable.forEachStatement(PreparedStatementGroupSingleTable.java:59) ~[hibernate-core-6.4.4.Final.jar:6.4.4.Final]
	at org.hibernate.engine.jdbc.batch.internal.BatchImpl.performExecution(BatchImpl.java:264) ~[hibernate-core-6.4.4.Final.jar:6.4.4.Final]
	at org.hibernate.engine.jdbc.batch.internal.BatchImpl.execute(BatchImpl.java:242) ~[hibernate-core-6.4.4.Final.jar:6.4.4.Final]
	at org.hibernate.engine.jdbc.internal.JdbcCoordinatorImpl.getBatch(JdbcCoordinatorImpl.java:173) ~[hibernate-core-6.4.4.Final.jar:6.4.4.Final]
	at org.hibernate.engine.jdbc.mutation.internal.MutationExecutorSingleBatched.resolveBatch(MutationExecutorSingleBatched.java:47) ~[hibernate-core-6.4.4.Final.jar:6.4.4.Final]
	at org.hibernate.engine.jdbc.mutation.internal.MutationExecutorSingleBatched.performBatchedOperations(MutationExecutorSingleBatched.java:60) ~[hibernate-core-6.4.4.Final.jar:6.4.4.Final]
	at org.hibernate.engine.jdbc.mutation.internal.AbstractMutationExecutor.execute(AbstractMutationExecutor.java:54) ~[hibernate-core-6.4.4.Final.jar:6.4.4.Final]
	at org.hibernate.persister.entity.mutation.InsertCoordinator.doStaticInserts(InsertCoordinator.java:175) ~[hibernate-core-6.4.4.Final.jar:6.4.4.Final]
	at org.hibernate.persister.entity.mutation.InsertCoordinator.coordinateInsert(InsertCoordinator.java:113) ~[hibernate-core-6.4.4.Final.jar:6.4.4.Final]
	at org.hibernate.persister.entity.AbstractEntityPersister.insert(AbstractEntityPersister.java:2873) ~[hibernate-core-6.4.4.Final.jar:6.4.4.Final]
	at org.hibernate.action.internal.EntityInsertAction.execute(EntityInsertAction.java:104) ~[hibernate-core-6.4.4.Final.jar:6.4.4.Final]
	at org.hibernate.engine.spi.ActionQueue.executeActions(ActionQueue.java:632) ~[hibernate-core-6.4.4.Final.jar:6.4.4.Final]
	at org.hibernate.engine.spi.ActionQueue.executeActions(ActionQueue.java:499) ~[hibernate-core-6.4.4.Final.jar:6.4.4.Final]
	at org.hibernate.event.internal.AbstractFlushingEventListener.performExecutions(AbstractFlushingEventListener.java:363) ~[hibernate-core-6.4.4.Final.jar:6.4.4.Final]
	at org.hibernate.event.internal.DefaultFlushEventListener.onFlush(DefaultFlushEventListener.java:41) ~[hibernate-core-6.4.4.Final.jar:6.4.4.Final]
	at org.hibernate.event.service.internal.EventListenerGroupImpl.fireEventOnEachListener(EventListenerGroupImpl.java:127) ~[hibernate-core-6.4.4.Final.jar:6.4.4.Final]
	at org.hibernate.internal.SessionImpl.doFlush(SessionImpl.java:1403) ~[hibernate-core-6.4.4.Final.jar:6.4.4.Final]
	at org.hibernate.internal.SessionImpl.managedFlush(SessionImpl.java:484) ~[hibernate-core-6.4.4.Final.jar:6.4.4.Final]
	at org.hibernate.internal.SessionImpl.flushBeforeTransactionCompletion(SessionImpl.java:2319) ~[hibernate-core-6.4.4.Final.jar:6.4.4.Final]
	at org.hibernate.internal.SessionImpl.beforeTransactionCompletion(SessionImpl.java:1976) ~[hibernate-core-6.4.4.Final.jar:6.4.4.Final]
	at org.hibernate.engine.jdbc.internal.JdbcCoordinatorImpl.beforeTransactionCompletion(JdbcCoordinatorImpl.java:439) ~[hibernate-core-6.4.4.Final.jar:6.4.4.Final]
	at org.hibernate.resource.transaction.backend.jdbc.internal.JdbcResourceLocalTransactionCoordinatorImpl.beforeCompletionCallback(JdbcResourceLocalTransactionCoordinatorImpl.java:169) ~[hibernate-core-6.4.4.Final.jar:6.4.4.Final]
	at org.hibernate.resource.transaction.backend.jdbc.internal.JdbcResourceLocalTransactionCoordinatorImpl$TransactionDriverControlImpl.commit(JdbcResourceLocalTransactionCoordinatorImpl.java:267) ~[hibernate-core-6.4.4.Final.jar:6.4.4.Final]
	at org.hibernate.engine.transaction.internal.TransactionImpl.commit(TransactionImpl.java:101) ~[hibernate-core-6.4.4.Final.jar:6.4.4.Final]
	at org.springframework.orm.jpa.JpaTransactionManager.doCommit(JpaTransactionManager.java:562) ~[spring-orm-6.1.6.jar:6.1.6]
	... 156 more
Caused by: org.postgresql.util.PSQLException: ERROR: null value in column "role" of relation "users" violates not-null constraint
  Detail: Failing row contains (edad0552-ae90-4f7e-894f-9c8bf66d5b83, 2026-04-02 16:44:15.652145, f, 11054d8e-2aa8-445f-a876-9eac82a8bf5e, 2026-04-02 16:44:15.652145, golepratik862000+1@gmail.com, 0, null, Rohit Sharma, t, null, null, $2a$12$AKL7VNGFtkjxr4YVReUaeeWAQtON6rxVOcNP.t93cFFLHR7pgnOBS, null, null, 9876543211, null, b487b4b2-a5d5-40c4-a092-997affc802cf).
	at org.postgresql.core.v3.QueryExecutorImpl.receiveErrorResponse(QueryExecutorImpl.java:2713) ~[postgresql-42.6.2.jar:42.6.2]
	at org.postgresql.core.v3.QueryExecutorImpl.processResults(QueryExecutorImpl.java:2401) ~[postgresql-42.6.2.jar:42.6.2]
	at org.postgresql.core.v3.QueryExecutorImpl.execute(QueryExecutorImpl.java:574) ~[postgresql-42.6.2.jar:42.6.2]
	at org.postgresql.jdbc.PgStatement.internalExecuteBatch(PgStatement.java:896) ~[postgresql-42.6.2.jar:42.6.2]
	at org.postgresql.jdbc.PgStatement.executeBatch(PgStatement.java:919) ~[postgresql-42.6.2.jar:42.6.2]
	at org.postgresql.jdbc.PgPreparedStatement.executeBatch(PgPreparedStatement.java:1685) ~[postgresql-42.6.2.jar:42.6.2]
	at com.zaxxer.hikari.pool.ProxyStatement.executeBatch(ProxyStatement.java:127) ~[HikariCP-5.0.1.jar:?]
	at com.zaxxer.hikari.pool.HikariProxyPreparedStatement.executeBatch(HikariProxyPreparedStatement.java) ~[HikariCP-5.0.1.jar:?]
	at org.hibernate.engine.jdbc.batch.internal.BatchImpl.lambda$performExecution$2(BatchImpl.java:279) ~[hibernate-core-6.4.4.Final.jar:6.4.4.Final]
	at org.hibernate.engine.jdbc.mutation.internal.PreparedStatementGroupSingleTable.forEachStatement(PreparedStatementGroupSingleTable.java:59) ~[hibernate-core-6.4.4.Final.jar:6.4.4.Final]
	at org.hibernate.engine.jdbc.batch.internal.BatchImpl.performExecution(BatchImpl.java:264) ~[hibernate-core-6.4.4.Final.jar:6.4.4.Final]
	at org.hibernate.engine.jdbc.batch.internal.BatchImpl.execute(BatchImpl.java:242) ~[hibernate-core-6.4.4.Final.jar:6.4.4.Final]
	at org.hibernate.engine.jdbc.internal.JdbcCoordinatorImpl.getBatch(JdbcCoordinatorImpl.java:173) ~[hibernate-core-6.4.4.Final.jar:6.4.4.Final]
	at org.hibernate.engine.jdbc.mutation.internal.MutationExecutorSingleBatched.resolveBatch(MutationExecutorSingleBatched.java:47) ~[hibernate-core-6.4.4.Final.jar:6.4.4.Final]
	at org.hibernate.engine.jdbc.mutation.internal.MutationExecutorSingleBatched.performBatchedOperations(MutationExecutorSingleBatched.java:60) ~[hibernate-core-6.4.4.Final.jar:6.4.4.Final]
	at org.hibernate.engine.jdbc.mutation.internal.AbstractMutationExecutor.execute(AbstractMutationExecutor.java:54) ~[hibernate-core-6.4.4.Final.jar:6.4.4.Final]
	at org.hibernate.persister.entity.mutation.InsertCoordinator.doStaticInserts(InsertCoordinator.java:175) ~[hibernate-core-6.4.4.Final.jar:6.4.4.Final]
	at org.hibernate.persister.entity.mutation.InsertCoordinator.coordinateInsert(InsertCoordinator.java:113) ~[hibernate-core-6.4.4.Final.jar:6.4.4.Final]
	at org.hibernate.persister.entity.AbstractEntityPersister.insert(AbstractEntityPersister.java:2873) ~[hibernate-core-6.4.4.Final.jar:6.4.4.Final]
	at org.hibernate.action.internal.EntityInsertAction.execute(EntityInsertAction.java:104) ~[hibernate-core-6.4.4.Final.jar:6.4.4.Final]
	at org.hibernate.engine.spi.ActionQueue.executeActions(ActionQueue.java:632) ~[hibernate-core-6.4.4.Final.jar:6.4.4.Final]
	at org.hibernate.engine.spi.ActionQueue.executeActions(ActionQueue.java:499) ~[hibernate-core-6.4.4.Final.jar:6.4.4.Final]
	at org.hibernate.event.internal.AbstractFlushingEventListener.performExecutions(AbstractFlushingEventListener.java:363) ~[hibernate-core-6.4.4.Final.jar:6.4.4.Final]
	at org.hibernate.event.internal.DefaultFlushEventListener.onFlush(DefaultFlushEventListener.java:41) ~[hibernate-core-6.4.4.Final.jar:6.4.4.Final]
	at org.hibernate.event.service.internal.EventListenerGroupImpl.fireEventOnEachListener(EventListenerGroupImpl.java:127) ~[hibernate-core-6.4.4.Final.jar:6.4.4.Final]
	at org.hibernate.internal.SessionImpl.doFlush(SessionImpl.java:1403) ~[hibernate-core-6.4.4.Final.jar:6.4.4.Final]
	at org.hibernate.internal.SessionImpl.managedFlush(SessionImpl.java:484) ~[hibernate-core-6.4.4.Final.jar:6.4.4.Final]
	at org.hibernate.internal.SessionImpl.flushBeforeTransactionCompletion(SessionImpl.java:2319) ~[hibernate-core-6.4.4.Final.jar:6.4.4.Final]
	at org.hibernate.internal.SessionImpl.beforeTransactionCompletion(SessionImpl.java:1976) ~[hibernate-core-6.4.4.Final.jar:6.4.4.Final]
	at org.hibernate.engine.jdbc.internal.JdbcCoordinatorImpl.beforeTransactionCompletion(JdbcCoordinatorImpl.java:439) ~[hibernate-core-6.4.4.Final.jar:6.4.4.Final]
	at org.hibernate.resource.transaction.backend.jdbc.internal.JdbcResourceLocalTransactionCoordinatorImpl.beforeCompletionCallback(JdbcResourceLocalTransactionCoordinatorImpl.java:169) ~[hibernate-core-6.4.4.Final.jar:6.4.4.Final]
	at org.hibernate.resource.transaction.backend.jdbc.internal.JdbcResourceLocalTransactionCoordinatorImpl$TransactionDriverControlImpl.commit(JdbcResourceLocalTransactionCoordinatorImpl.java:267) ~[hibernate-core-6.4.4.Final.jar:6.4.4.Final]
	at org.hibernate.engine.transaction.internal.TransactionImpl.commit(TransactionImpl.java:101) ~[hibernate-core-6.4.4.Final.jar:6.4.4.Final]
	at org.springframework.orm.jpa.JpaTransactionManager.doCommit(JpaTransactionManager.java:562) ~[spring-orm-6.1.6.jar:6.1.6]
	... 156 more
[ERROR] 2026-04-02 16:54:33.787 [http-nio-8095-exec-1] UserManagementService - Teacher created but welcome email failed for email=golepratik862000+1@gmail.com
java.lang.IllegalStateException: Failed to load template: classpath:/templates/teacher/teacher-welcome.txt.html
	at com.classmanager.cms_backend.service.EmailTemplateService.loadTemplate(EmailTemplateService.java:43) ~[classes/:?]
	at com.classmanager.cms_backend.service.EmailTemplateService.render(EmailTemplateService.java:26) ~[classes/:?]
	at com.classmanager.cms_backend.service.UserManagementService.sendTeacherWelcomeEmail(UserManagementService.java:480) ~[classes/:?]
	at com.classmanager.cms_backend.service.UserManagementService.createTeacher(UserManagementService.java:169) ~[classes/:?]
	at java.base/jdk.internal.reflect.DirectMethodHandleAccessor.invoke(DirectMethodHandleAccessor.java:103) ~[?:?]
	at java.base/java.lang.reflect.Method.invoke(Method.java:580) ~[?:?]
	at org.springframework.aop.support.AopUtils.invokeJoinpointUsingReflection(AopUtils.java:354) ~[spring-aop-6.1.6.jar:6.1.6]
	at org.springframework.aop.framework.ReflectiveMethodInvocation.invokeJoinpoint(ReflectiveMethodInvocation.java:196) ~[spring-aop-6.1.6.jar:6.1.6]
	at org.springframework.aop.framework.ReflectiveMethodInvocation.proceed(ReflectiveMethodInvocation.java:163) ~[spring-aop-6.1.6.jar:6.1.6]
	at org.springframework.aop.framework.CglibAopProxy$CglibMethodInvocation.proceed(CglibAopProxy.java:768) ~[spring-aop-6.1.6.jar:6.1.6]
	at org.springframework.transaction.interceptor.TransactionInterceptor$1.proceedWithInvocation(TransactionInterceptor.java:123) ~[spring-tx-6.1.6.jar:6.1.6]
	at org.springframework.transaction.interceptor.TransactionAspectSupport.invokeWithinTransaction(TransactionAspectSupport.java:392) ~[spring-tx-6.1.6.jar:6.1.6]
	at org.springframework.transaction.interceptor.TransactionInterceptor.invoke(TransactionInterceptor.java:119) ~[spring-tx-6.1.6.jar:6.1.6]
	at org.springframework.aop.framework.ReflectiveMethodInvocation.proceed(ReflectiveMethodInvocation.java:184) ~[spring-aop-6.1.6.jar:6.1.6]
	at org.springframework.aop.framework.CglibAopProxy$CglibMethodInvocation.proceed(CglibAopProxy.java:768) ~[spring-aop-6.1.6.jar:6.1.6]
	at org.springframework.aop.framework.CglibAopProxy$DynamicAdvisedInterceptor.intercept(CglibAopProxy.java:720) ~[spring-aop-6.1.6.jar:6.1.6]
	at com.classmanager.cms_backend.service.UserManagementService$$SpringCGLIB$$0.createTeacher(<generated>) ~[classes/:?]
	at com.classmanager.cms_backend.controller.UserController.createTeacher(UserController.java:88) ~[classes/:?]
	at java.base/jdk.internal.reflect.DirectMethodHandleAccessor.invoke(DirectMethodHandleAccessor.java:103) ~[?:?]
	at java.base/java.lang.reflect.Method.invoke(Method.java:580) ~[?:?]
	at org.springframework.aop.support.AopUtils.invokeJoinpointUsingReflection(AopUtils.java:354) ~[spring-aop-6.1.6.jar:6.1.6]
	at org.springframework.aop.framework.ReflectiveMethodInvocation.invokeJoinpoint(ReflectiveMethodInvocation.java:196) ~[spring-aop-6.1.6.jar:6.1.6]
	at org.springframework.aop.framework.ReflectiveMethodInvocation.proceed(ReflectiveMethodInvocation.java:163) ~[spring-aop-6.1.6.jar:6.1.6]
	at org.springframework.aop.framework.CglibAopProxy$CglibMethodInvocation.proceed(CglibAopProxy.java:768) ~[spring-aop-6.1.6.jar:6.1.6]
	at org.springframework.security.authorization.method.AuthorizationManagerBeforeMethodInterceptor.invoke(AuthorizationManagerBeforeMethodInterceptor.java:198) ~[spring-security-core-6.2.4.jar:6.2.4]
	at org.springframework.aop.framework.ReflectiveMethodInvocation.proceed(ReflectiveMethodInvocation.java:184) ~[spring-aop-6.1.6.jar:6.1.6]
	at org.springframework.aop.framework.CglibAopProxy$CglibMethodInvocation.proceed(CglibAopProxy.java:768) ~[spring-aop-6.1.6.jar:6.1.6]
	at org.springframework.aop.framework.CglibAopProxy$DynamicAdvisedInterceptor.intercept(CglibAopProxy.java:720) ~[spring-aop-6.1.6.jar:6.1.6]
	at com.classmanager.cms_backend.controller.UserController$$SpringCGLIB$$0.createTeacher(<generated>) ~[classes/:?]
	at java.base/jdk.internal.reflect.DirectMethodHandleAccessor.invoke(DirectMethodHandleAccessor.java:103) ~[?:?]
	at java.base/java.lang.reflect.Method.invoke(Method.java:580) ~[?:?]
	at org.springframework.web.method.support.InvocableHandlerMethod.doInvoke(InvocableHandlerMethod.java:255) ~[spring-web-6.1.6.jar:6.1.6]
	at org.springframework.web.method.support.InvocableHandlerMethod.invokeForRequest(InvocableHandlerMethod.java:188) ~[spring-web-6.1.6.jar:6.1.6]
	at org.springframework.web.servlet.mvc.method.annotation.ServletInvocableHandlerMethod.invokeAndHandle(ServletInvocableHandlerMethod.java:118) ~[spring-webmvc-6.1.6.jar:6.1.6]
	at org.springframework.web.servlet.mvc.method.annotation.RequestMappingHandlerAdapter.invokeHandlerMethod(RequestMappingHandlerAdapter.java:926) ~[spring-webmvc-6.1.6.jar:6.1.6]
	at org.springframework.web.servlet.mvc.method.annotation.RequestMappingHandlerAdapter.handleInternal(RequestMappingHandlerAdapter.java:831) ~[spring-webmvc-6.1.6.jar:6.1.6]
	at org.springframework.web.servlet.mvc.method.AbstractHandlerMethodAdapter.handle(AbstractHandlerMethodAdapter.java:87) ~[spring-webmvc-6.1.6.jar:6.1.6]
	at org.springframework.web.servlet.DispatcherServlet.doDispatch(DispatcherServlet.java:1089) ~[spring-webmvc-6.1.6.jar:6.1.6]
	at org.springframework.web.servlet.DispatcherServlet.doService(DispatcherServlet.java:979) ~[spring-webmvc-6.1.6.jar:6.1.6]
	at org.springframework.web.servlet.FrameworkServlet.processRequest(FrameworkServlet.java:1014) ~[spring-webmvc-6.1.6.jar:6.1.6]
	at org.springframework.web.servlet.FrameworkServlet.doPost(FrameworkServlet.java:914) ~[spring-webmvc-6.1.6.jar:6.1.6]
	at jakarta.servlet.http.HttpServlet.service(HttpServlet.java:590) ~[tomcat-embed-core-10.1.20.jar:6.0]
	at org.springframework.web.servlet.FrameworkServlet.service(FrameworkServlet.java:885) ~[spring-webmvc-6.1.6.jar:6.1.6]
	at jakarta.servlet.http.HttpServlet.service(HttpServlet.java:658) ~[tomcat-embed-core-10.1.20.jar:6.0]
	at org.apache.catalina.core.ApplicationFilterChain.internalDoFilter(ApplicationFilterChain.java:206) ~[tomcat-embed-core-10.1.20.jar:10.1.20]
	at org.apache.catalina.core.ApplicationFilterChain.doFilter(ApplicationFilterChain.java:150) ~[tomcat-embed-core-10.1.20.jar:10.1.20]
	at org.apache.tomcat.websocket.server.WsFilter.doFilter(WsFilter.java:51) ~[tomcat-embed-websocket-10.1.20.jar:10.1.20]
	at org.apache.catalina.core.ApplicationFilterChain.internalDoFilter(ApplicationFilterChain.java:175) ~[tomcat-embed-core-10.1.20.jar:10.1.20]
	at org.apache.catalina.core.ApplicationFilterChain.doFilter(ApplicationFilterChain.java:150) ~[tomcat-embed-core-10.1.20.jar:10.1.20]
	at org.springframework.web.filter.OncePerRequestFilter.doFilter(OncePerRequestFilter.java:110) ~[spring-web-6.1.6.jar:6.1.6]
	at org.apache.catalina.core.ApplicationFilterChain.internalDoFilter(ApplicationFilterChain.java:175) ~[tomcat-embed-core-10.1.20.jar:10.1.20]
	at org.apache.catalina.core.ApplicationFilterChain.doFilter(ApplicationFilterChain.java:150) ~[tomcat-embed-core-10.1.20.jar:10.1.20]
	at org.springframework.web.filter.CompositeFilter$VirtualFilterChain.doFilter(CompositeFilter.java:108) ~[spring-web-6.1.6.jar:6.1.6]
	at org.springframework.security.web.FilterChainProxy.lambda$doFilterInternal$3(FilterChainProxy.java:231) ~[spring-security-web-6.2.4.jar:6.2.4]
	at org.springframework.security.web.ObservationFilterChainDecorator$FilterObservation$SimpleFilterObservation.lambda$wrap$1(ObservationFilterChainDecorator.java:479) ~[spring-security-web-6.2.4.jar:6.2.4]
	at org.springframework.security.web.ObservationFilterChainDecorator$AroundFilterObservation$SimpleAroundFilterObservation.lambda$wrap$1(ObservationFilterChainDecorator.java:340) ~[spring-security-web-6.2.4.jar:6.2.4]
	at org.springframework.security.web.ObservationFilterChainDecorator.lambda$wrapSecured$0(ObservationFilterChainDecorator.java:82) ~[spring-security-web-6.2.4.jar:6.2.4]
	at org.springframework.security.web.ObservationFilterChainDecorator$VirtualFilterChain.doFilter(ObservationFilterChainDecorator.java:128) ~[spring-security-web-6.2.4.jar:6.2.4]
	at org.springframework.security.web.access.intercept.AuthorizationFilter.doFilter(AuthorizationFilter.java:100) ~[spring-security-web-6.2.4.jar:6.2.4]
	at org.springframework.security.web.ObservationFilterChainDecorator$ObservationFilter.wrapFilter(ObservationFilterChainDecorator.java:240) ~[spring-security-web-6.2.4.jar:6.2.4]
	at org.springframework.security.web.ObservationFilterChainDecorator$ObservationFilter.doFilter(ObservationFilterChainDecorator.java:227) ~[spring-security-web-6.2.4.jar:6.2.4]
	at org.springframework.security.web.ObservationFilterChainDecorator$VirtualFilterChain.doFilter(ObservationFilterChainDecorator.java:137) ~[spring-security-web-6.2.4.jar:6.2.4]
	at org.springframework.security.web.access.ExceptionTranslationFilter.doFilter(ExceptionTranslationFilter.java:126) ~[spring-security-web-6.2.4.jar:6.2.4]
	at org.springframework.security.web.access.ExceptionTranslationFilter.doFilter(ExceptionTranslationFilter.java:120) ~[spring-security-web-6.2.4.jar:6.2.4]
	at org.springframework.security.web.ObservationFilterChainDecorator$ObservationFilter.wrapFilter(ObservationFilterChainDecorator.java:240) ~[spring-security-web-6.2.4.jar:6.2.4]
	at org.springframework.security.web.ObservationFilterChainDecorator$ObservationFilter.doFilter(ObservationFilterChainDecorator.java:227) ~[spring-security-web-6.2.4.jar:6.2.4]
	at org.springframework.security.web.ObservationFilterChainDecorator$VirtualFilterChain.doFilter(ObservationFilterChainDecorator.java:137) ~[spring-security-web-6.2.4.jar:6.2.4]
	at org.springframework.security.web.session.SessionManagementFilter.doFilter(SessionManagementFilter.java:131) ~[spring-security-web-6.2.4.jar:6.2.4]
	at org.springframework.security.web.session.SessionManagementFilter.doFilter(SessionManagementFilter.java:85) ~[spring-security-web-6.2.4.jar:6.2.4]
	at org.springframework.security.web.ObservationFilterChainDecorator$ObservationFilter.wrapFilter(ObservationFilterChainDecorator.java:240) ~[spring-security-web-6.2.4.jar:6.2.4]
	at org.springframework.security.web.ObservationFilterChainDecorator$ObservationFilter.doFilter(ObservationFilterChainDecorator.java:227) ~[spring-security-web-6.2.4.jar:6.2.4]
	at org.springframework.security.web.ObservationFilterChainDecorator$VirtualFilterChain.doFilter(ObservationFilterChainDecorator.java:137) ~[spring-security-web-6.2.4.jar:6.2.4]
	at org.springframework.security.web.authentication.AnonymousAuthenticationFilter.doFilter(AnonymousAuthenticationFilter.java:100) ~[spring-security-web-6.2.4.jar:6.2.4]
	at org.springframework.security.web.ObservationFilterChainDecorator$ObservationFilter.wrapFilter(ObservationFilterChainDecorator.java:240) ~[spring-security-web-6.2.4.jar:6.2.4]
	at org.springframework.security.web.ObservationFilterChainDecorator$ObservationFilter.doFilter(ObservationFilterChainDecorator.java:227) ~[spring-security-web-6.2.4.jar:6.2.4]
	at org.springframework.security.web.ObservationFilterChainDecorator$VirtualFilterChain.doFilter(ObservationFilterChainDecorator.java:137) ~[spring-security-web-6.2.4.jar:6.2.4]
	at org.springframework.security.web.servletapi.SecurityContextHolderAwareRequestFilter.doFilter(SecurityContextHolderAwareRequestFilter.java:179) ~[spring-security-web-6.2.4.jar:6.2.4]
	at org.springframework.security.web.ObservationFilterChainDecorator$ObservationFilter.wrapFilter(ObservationFilterChainDecorator.java:240) ~[spring-security-web-6.2.4.jar:6.2.4]
	at org.springframework.security.web.ObservationFilterChainDecorator$ObservationFilter.doFilter(ObservationFilterChainDecorator.java:227) ~[spring-security-web-6.2.4.jar:6.2.4]
	at org.springframework.security.web.ObservationFilterChainDecorator$VirtualFilterChain.doFilter(ObservationFilterChainDecorator.java:137) ~[spring-security-web-6.2.4.jar:6.2.4]
	at org.springframework.security.web.savedrequest.RequestCacheAwareFilter.doFilter(RequestCacheAwareFilter.java:63) ~[spring-security-web-6.2.4.jar:6.2.4]
	at org.springframework.security.web.ObservationFilterChainDecorator$ObservationFilter.wrapFilter(ObservationFilterChainDecorator.java:240) ~[spring-security-web-6.2.4.jar:6.2.4]
	at org.springframework.security.web.ObservationFilterChainDecorator$ObservationFilter.doFilter(ObservationFilterChainDecorator.java:227) ~[spring-security-web-6.2.4.jar:6.2.4]
	at org.springframework.security.web.ObservationFilterChainDecorator$VirtualFilterChain.doFilter(ObservationFilterChainDecorator.java:137) ~[spring-security-web-6.2.4.jar:6.2.4]
	at com.classmanager.cms_backend.security.jwt.JwtAuthenticationFilter.doFilterInternal(JwtAuthenticationFilter.java:47) ~[classes/:?]
	at org.springframework.web.filter.OncePerRequestFilter.doFilter(OncePerRequestFilter.java:116) ~[spring-web-6.1.6.jar:6.1.6]
	at org.springframework.security.web.ObservationFilterChainDecorator$ObservationFilter.wrapFilter(ObservationFilterChainDecorator.java:240) ~[spring-security-web-6.2.4.jar:6.2.4]
	at org.springframework.security.web.ObservationFilterChainDecorator$ObservationFilter.doFilter(ObservationFilterChainDecorator.java:227) ~[spring-security-web-6.2.4.jar:6.2.4]
	at org.springframework.security.web.ObservationFilterChainDecorator$VirtualFilterChain.doFilter(ObservationFilterChainDecorator.java:137) ~[spring-security-web-6.2.4.jar:6.2.4]
	at org.springframework.security.web.authentication.logout.LogoutFilter.doFilter(LogoutFilter.java:107) ~[spring-security-web-6.2.4.jar:6.2.4]
	at org.springframework.security.web.authentication.logout.LogoutFilter.doFilter(LogoutFilter.java:93) ~[spring-security-web-6.2.4.jar:6.2.4]
	at org.springframework.security.web.ObservationFilterChainDecorator$ObservationFilter.wrapFilter(ObservationFilterChainDecorator.java:240) ~[spring-security-web-6.2.4.jar:6.2.4]
	at org.springframework.security.web.ObservationFilterChainDecorator$ObservationFilter.doFilter(ObservationFilterChainDecorator.java:227) ~[spring-security-web-6.2.4.jar:6.2.4]
	at org.springframework.security.web.ObservationFilterChainDecorator$VirtualFilterChain.doFilter(ObservationFilterChainDecorator.java:137) ~[spring-security-web-6.2.4.jar:6.2.4]
	at org.springframework.web.filter.CorsFilter.doFilterInternal(CorsFilter.java:91) ~[spring-web-6.1.6.jar:6.1.6]
	at org.springframework.web.filter.OncePerRequestFilter.doFilter(OncePerRequestFilter.java:116) ~[spring-web-6.1.6.jar:6.1.6]
	at org.springframework.security.web.ObservationFilterChainDecorator$ObservationFilter.wrapFilter(ObservationFilterChainDecorator.java:240) ~[spring-security-web-6.2.4.jar:6.2.4]
	at org.springframework.security.web.ObservationFilterChainDecorator$ObservationFilter.doFilter(ObservationFilterChainDecorator.java:227) ~[spring-security-web-6.2.4.jar:6.2.4]
	at org.springframework.security.web.ObservationFilterChainDecorator$VirtualFilterChain.doFilter(ObservationFilterChainDecorator.java:137) ~[spring-security-web-6.2.4.jar:6.2.4]
	at org.springframework.security.web.header.HeaderWriterFilter.doHeadersAfter(HeaderWriterFilter.java:90) ~[spring-security-web-6.2.4.jar:6.2.4]
	at org.springframework.security.web.header.HeaderWriterFilter.doFilterInternal(HeaderWriterFilter.java:75) ~[spring-security-web-6.2.4.jar:6.2.4]
	at org.springframework.web.filter.OncePerRequestFilter.doFilter(OncePerRequestFilter.java:116) ~[spring-web-6.1.6.jar:6.1.6]
	at org.springframework.security.web.ObservationFilterChainDecorator$ObservationFilter.wrapFilter(ObservationFilterChainDecorator.java:240) ~[spring-security-web-6.2.4.jar:6.2.4]
	at org.springframework.security.web.ObservationFilterChainDecorator$ObservationFilter.doFilter(ObservationFilterChainDecorator.java:227) ~[spring-security-web-6.2.4.jar:6.2.4]
	at org.springframework.security.web.ObservationFilterChainDecorator$VirtualFilterChain.doFilter(ObservationFilterChainDecorator.java:137) ~[spring-security-web-6.2.4.jar:6.2.4]
	at org.springframework.security.web.context.SecurityContextHolderFilter.doFilter(SecurityContextHolderFilter.java:82) ~[spring-security-web-6.2.4.jar:6.2.4]
	at org.springframework.security.web.context.SecurityContextHolderFilter.doFilter(SecurityContextHolderFilter.java:69) ~[spring-security-web-6.2.4.jar:6.2.4]
	at org.springframework.security.web.ObservationFilterChainDecorator$ObservationFilter.wrapFilter(ObservationFilterChainDecorator.java:240) ~[spring-security-web-6.2.4.jar:6.2.4]
	at org.springframework.security.web.ObservationFilterChainDecorator$ObservationFilter.doFilter(ObservationFilterChainDecorator.java:227) ~[spring-security-web-6.2.4.jar:6.2.4]
	at org.springframework.security.web.ObservationFilterChainDecorator$VirtualFilterChain.doFilter(ObservationFilterChainDecorator.java:137) ~[spring-security-web-6.2.4.jar:6.2.4]
	at org.springframework.security.web.context.request.async.WebAsyncManagerIntegrationFilter.doFilterInternal(WebAsyncManagerIntegrationFilter.java:62) ~[spring-security-web-6.2.4.jar:6.2.4]
	at org.springframework.web.filter.OncePerRequestFilter.doFilter(OncePerRequestFilter.java:116) ~[spring-web-6.1.6.jar:6.1.6]
	at org.springframework.security.web.ObservationFilterChainDecorator$ObservationFilter.wrapFilter(ObservationFilterChainDecorator.java:240) ~[spring-security-web-6.2.4.jar:6.2.4]
	at org.springframework.security.web.ObservationFilterChainDecorator$ObservationFilter.doFilter(ObservationFilterChainDecorator.java:227) ~[spring-security-web-6.2.4.jar:6.2.4]
	at org.springframework.security.web.ObservationFilterChainDecorator$VirtualFilterChain.doFilter(ObservationFilterChainDecorator.java:137) ~[spring-security-web-6.2.4.jar:6.2.4]
	at org.springframework.security.web.session.DisableEncodeUrlFilter.doFilterInternal(DisableEncodeUrlFilter.java:42) ~[spring-security-web-6.2.4.jar:6.2.4]
	at org.springframework.web.filter.OncePerRequestFilter.doFilter(OncePerRequestFilter.java:116) ~[spring-web-6.1.6.jar:6.1.6]
	at org.springframework.security.web.ObservationFilterChainDecorator$ObservationFilter.wrapFilter(ObservationFilterChainDecorator.java:240) ~[spring-security-web-6.2.4.jar:6.2.4]
	at org.springframework.security.web.ObservationFilterChainDecorator$AroundFilterObservation$SimpleAroundFilterObservation.lambda$wrap$0(ObservationFilterChainDecorator.java:323) ~[spring-security-web-6.2.4.jar:6.2.4]
	at org.springframework.security.web.ObservationFilterChainDecorator$ObservationFilter.doFilter(ObservationFilterChainDecorator.java:224) ~[spring-security-web-6.2.4.jar:6.2.4]
	at org.springframework.security.web.ObservationFilterChainDecorator$VirtualFilterChain.doFilter(ObservationFilterChainDecorator.java:137) ~[spring-security-web-6.2.4.jar:6.2.4]
	at org.springframework.security.web.FilterChainProxy.doFilterInternal(FilterChainProxy.java:233) ~[spring-security-web-6.2.4.jar:6.2.4]
	at org.springframework.security.web.FilterChainProxy.doFilter(FilterChainProxy.java:191) ~[spring-security-web-6.2.4.jar:6.2.4]
	at org.springframework.web.filter.CompositeFilter$VirtualFilterChain.doFilter(CompositeFilter.java:113) ~[spring-web-6.1.6.jar:6.1.6]
	at org.springframework.web.servlet.handler.HandlerMappingIntrospector.lambda$createCacheFilter$3(HandlerMappingIntrospector.java:195) ~[spring-webmvc-6.1.6.jar:6.1.6]
	at org.springframework.web.filter.CompositeFilter$VirtualFilterChain.doFilter(CompositeFilter.java:113) ~[spring-web-6.1.6.jar:6.1.6]
	at org.springframework.web.filter.CompositeFilter.doFilter(CompositeFilter.java:74) ~[spring-web-6.1.6.jar:6.1.6]
	at org.springframework.security.config.annotation.web.configuration.WebMvcSecurityConfiguration$CompositeFilterChainProxy.doFilter(WebMvcSecurityConfiguration.java:230) ~[spring-security-config-6.2.4.jar:6.2.4]
	at org.springframework.web.filter.DelegatingFilterProxy.invokeDelegate(DelegatingFilterProxy.java:352) ~[spring-web-6.1.6.jar:6.1.6]
	at org.springframework.web.filter.DelegatingFilterProxy.doFilter(DelegatingFilterProxy.java:268) ~[spring-web-6.1.6.jar:6.1.6]
	at org.apache.catalina.core.ApplicationFilterChain.internalDoFilter(ApplicationFilterChain.java:175) ~[tomcat-embed-core-10.1.20.jar:10.1.20]
	at org.apache.catalina.core.ApplicationFilterChain.doFilter(ApplicationFilterChain.java:150) ~[tomcat-embed-core-10.1.20.jar:10.1.20]
	at org.springframework.web.filter.RequestContextFilter.doFilterInternal(RequestContextFilter.java:100) ~[spring-web-6.1.6.jar:6.1.6]
	at org.springframework.web.filter.OncePerRequestFilter.doFilter(OncePerRequestFilter.java:116) ~[spring-web-6.1.6.jar:6.1.6]
	at org.apache.catalina.core.ApplicationFilterChain.internalDoFilter(ApplicationFilterChain.java:175) ~[tomcat-embed-core-10.1.20.jar:10.1.20]
	at org.apache.catalina.core.ApplicationFilterChain.doFilter(ApplicationFilterChain.java:150) ~[tomcat-embed-core-10.1.20.jar:10.1.20]
	at org.springframework.web.filter.FormContentFilter.doFilterInternal(FormContentFilter.java:93) ~[spring-web-6.1.6.jar:6.1.6]
	at org.springframework.web.filter.OncePerRequestFilter.doFilter(OncePerRequestFilter.java:116) ~[spring-web-6.1.6.jar:6.1.6]
	at org.apache.catalina.core.ApplicationFilterChain.internalDoFilter(ApplicationFilterChain.java:175) ~[tomcat-embed-core-10.1.20.jar:10.1.20]
	at org.apache.catalina.core.ApplicationFilterChain.doFilter(ApplicationFilterChain.java:150) ~[tomcat-embed-core-10.1.20.jar:10.1.20]
	at org.springframework.web.filter.ServerHttpObservationFilter.doFilterInternal(ServerHttpObservationFilter.java:109) ~[spring-web-6.1.6.jar:6.1.6]
	at org.springframework.web.filter.OncePerRequestFilter.doFilter(OncePerRequestFilter.java:116) ~[spring-web-6.1.6.jar:6.1.6]
	at org.apache.catalina.core.ApplicationFilterChain.internalDoFilter(ApplicationFilterChain.java:175) ~[tomcat-embed-core-10.1.20.jar:10.1.20]
	at org.apache.catalina.core.ApplicationFilterChain.doFilter(ApplicationFilterChain.java:150) ~[tomcat-embed-core-10.1.20.jar:10.1.20]
	at org.springframework.web.filter.CharacterEncodingFilter.doFilterInternal(CharacterEncodingFilter.java:201) ~[spring-web-6.1.6.jar:6.1.6]
	at org.springframework.web.filter.OncePerRequestFilter.doFilter(OncePerRequestFilter.java:116) ~[spring-web-6.1.6.jar:6.1.6]
	at org.apache.catalina.core.ApplicationFilterChain.internalDoFilter(ApplicationFilterChain.java:175) ~[tomcat-embed-core-10.1.20.jar:10.1.20]
	at org.apache.catalina.core.ApplicationFilterChain.doFilter(ApplicationFilterChain.java:150) ~[tomcat-embed-core-10.1.20.jar:10.1.20]
	at org.apache.catalina.core.StandardWrapperValve.invoke(StandardWrapperValve.java:167) ~[tomcat-embed-core-10.1.20.jar:10.1.20]
	at org.apache.catalina.core.StandardContextValve.invoke(StandardContextValve.java:90) ~[tomcat-embed-core-10.1.20.jar:10.1.20]
	at org.apache.catalina.authenticator.AuthenticatorBase.invoke(AuthenticatorBase.java:482) ~[tomcat-embed-core-10.1.20.jar:10.1.20]
	at org.apache.catalina.core.StandardHostValve.invoke(StandardHostValve.java:115) ~[tomcat-embed-core-10.1.20.jar:10.1.20]
	at org.apache.catalina.valves.ErrorReportValve.invoke(ErrorReportValve.java:93) ~[tomcat-embed-core-10.1.20.jar:10.1.20]
	at org.apache.catalina.core.StandardEngineValve.invoke(StandardEngineValve.java:74) ~[tomcat-embed-core-10.1.20.jar:10.1.20]
	at org.apache.catalina.connector.CoyoteAdapter.service(CoyoteAdapter.java:344) ~[tomcat-embed-core-10.1.20.jar:10.1.20]
	at org.apache.coyote.http11.Http11Processor.service(Http11Processor.java:391) ~[tomcat-embed-core-10.1.20.jar:10.1.20]
	at org.apache.coyote.AbstractProcessorLight.process(AbstractProcessorLight.java:63) ~[tomcat-embed-core-10.1.20.jar:10.1.20]
	at org.apache.coyote.AbstractProtocol$ConnectionHandler.process(AbstractProtocol.java:896) ~[tomcat-embed-core-10.1.20.jar:10.1.20]
	at org.apache.tomcat.util.net.NioEndpoint$SocketProcessor.doRun(NioEndpoint.java:1736) ~[tomcat-embed-core-10.1.20.jar:10.1.20]
	at org.apache.tomcat.util.net.SocketProcessorBase.run(SocketProcessorBase.java:52) ~[tomcat-embed-core-10.1.20.jar:10.1.20]
	at org.apache.tomcat.util.threads.ThreadPoolExecutor.runWorker(ThreadPoolExecutor.java:1191) ~[tomcat-embed-core-10.1.20.jar:10.1.20]
	at org.apache.tomcat.util.threads.ThreadPoolExecutor$Worker.run(ThreadPoolExecutor.java:659) ~[tomcat-embed-core-10.1.20.jar:10.1.20]
	at org.apache.tomcat.util.threads.TaskThread$WrappingRunnable.run(TaskThread.java:63) ~[tomcat-embed-core-10.1.20.jar:10.1.20]
	at java.base/java.lang.Thread.run(Thread.java:1583) [?:?]
Caused by: java.io.FileNotFoundException: class path resource [templates/teacher/teacher-welcome.txt.html] cannot be opened because it does not exist
	at org.springframework.core.io.ClassPathResource.getInputStream(ClassPathResource.java:215) ~[spring-core-6.1.6.jar:6.1.6]
	at com.classmanager.cms_backend.service.EmailTemplateService.loadTemplate(EmailTemplateService.java:40) ~[classes/:?]
	... 163 more
[ERROR] 2026-04-02 16:54:33.903 [http-nio-8095-exec-1] batch - HHH100501: Exception executing batch [java.sql.BatchUpdateException: Batch entry 0 insert into users (branch_id,created_at,email,failed_login_attempts,fcm_token,full_name,is_active,is_deleted,last_login_at,locked_until,password_hash,password_reset_expires_at,password_reset_token,phone,tenant_id,updated_at,id) values (('b487b4b2-a5d5-40c4-a092-997affc802cf'::uuid),('2026-04-02 16:54:33.838318+05:30'),('golepratik862000+1@gmail.com'),('0'::int4),(NULL),('Rohit Sharma'),('TRUE'::boolean),('FALSE'::boolean),(NULL),(NULL),('$2a$12$JBlyX81wl/t/j9LGZqcYfeFqiSLc3sEA9Us74.gWm6EOdtQ7ooZa6'),(NULL),(NULL),('9876543211'),('11054d8e-2aa8-445f-a876-9eac82a8bf5e'::uuid),('2026-04-02 16:54:33.838318+05:30'),('0a8c586d-8ae5-4323-bd89-48fa34916adc'::uuid)) was aborted: ERROR: null value in column "role" of relation "users" violates not-null constraint
  Detail: Failing row contains (0a8c586d-8ae5-4323-bd89-48fa34916adc, 2026-04-02 16:54:33.838318, f, 11054d8e-2aa8-445f-a876-9eac82a8bf5e, 2026-04-02 16:54:33.838318, golepratik862000+1@gmail.com, 0, null, Rohit Sharma, t, null, null, $2a$12$JBlyX81wl/t/j9LGZqcYfeFqiSLc3sEA9Us74.gWm6EOdtQ7ooZa6, null, null, 9876543211, null, b487b4b2-a5d5-40c4-a092-997affc802cf).  Call getNextException to see other errors in the batch.], SQL: insert into users (branch_id,created_at,email,failed_login_attempts,fcm_token,full_name,is_active,is_deleted,last_login_at,locked_until,password_hash,password_reset_expires_at,password_reset_token,phone,tenant_id,updated_at,id) values (?,?,?,?,?,?,?,?,?,?,?,?,?,?,?,?,?)
[ERROR] 2026-04-02 16:54:33.904 [http-nio-8095-exec-1] SqlExceptionHelper - Batch entry 0 insert into users (branch_id,created_at,email,failed_login_attempts,fcm_token,full_name,is_active,is_deleted,last_login_at,locked_until,password_hash,password_reset_expires_at,password_reset_token,phone,tenant_id,updated_at,id) values (('b487b4b2-a5d5-40c4-a092-997affc802cf'::uuid),('2026-04-02 16:54:33.838318+05:30'),('golepratik862000+1@gmail.com'),('0'::int4),(NULL),('Rohit Sharma'),('TRUE'::boolean),('FALSE'::boolean),(NULL),(NULL),('$2a$12$JBlyX81wl/t/j9LGZqcYfeFqiSLc3sEA9Us74.gWm6EOdtQ7ooZa6'),(NULL),(NULL),('9876543211'),('11054d8e-2aa8-445f-a876-9eac82a8bf5e'::uuid),('2026-04-02 16:54:33.838318+05:30'),('0a8c586d-8ae5-4323-bd89-48fa34916adc'::uuid)) was aborted: ERROR: null value in column "role" of relation "users" violates not-null constraint
  Detail: Failing row contains (0a8c586d-8ae5-4323-bd89-48fa34916adc, 2026-04-02 16:54:33.838318, f, 11054d8e-2aa8-445f-a876-9eac82a8bf5e, 2026-04-02 16:54:33.838318, golepratik862000+1@gmail.com, 0, null, Rohit Sharma, t, null, null, $2a$12$JBlyX81wl/t/j9LGZqcYfeFqiSLc3sEA9Us74.gWm6EOdtQ7ooZa6, null, null, 9876543211, null, b487b4b2-a5d5-40c4-a092-997affc802cf).  Call getNextException to see other errors in the batch.
[ERROR] 2026-04-02 16:54:33.904 [http-nio-8095-exec-1] SqlExceptionHelper - ERROR: null value in column "role" of relation "users" violates not-null constraint
  Detail: Failing row contains (0a8c586d-8ae5-4323-bd89-48fa34916adc, 2026-04-02 16:54:33.838318, f, 11054d8e-2aa8-445f-a876-9eac82a8bf5e, 2026-04-02 16:54:33.838318, golepratik862000+1@gmail.com, 0, null, Rohit Sharma, t, null, null, $2a$12$JBlyX81wl/t/j9LGZqcYfeFqiSLc3sEA9Us74.gWm6EOdtQ7ooZa6, null, null, 9876543211, null, b487b4b2-a5d5-40c4-a092-997affc802cf).
[ERROR] 2026-04-02 16:54:33.936 [http-nio-8095-exec-1] GlobalExceptionHandler - Unexpected error: could not execute batch [Batch entry 0 insert into users (branch_id,created_at,email,failed_login_attempts,fcm_token,full_name,is_active,is_deleted,last_login_at,locked_until,password_hash,password_reset_expires_at,password_reset_token,phone,tenant_id,updated_at,id) values (('b487b4b2-a5d5-40c4-a092-997affc802cf'::uuid),('2026-04-02 16:54:33.838318+05:30'),('golepratik862000+1@gmail.com'),('0'::int4),(NULL),('Rohit Sharma'),('TRUE'::boolean),('FALSE'::boolean),(NULL),(NULL),('$2a$12$JBlyX81wl/t/j9LGZqcYfeFqiSLc3sEA9Us74.gWm6EOdtQ7ooZa6'),(NULL),(NULL),('9876543211'),('11054d8e-2aa8-445f-a876-9eac82a8bf5e'::uuid),('2026-04-02 16:54:33.838318+05:30'),('0a8c586d-8ae5-4323-bd89-48fa34916adc'::uuid)) was aborted: ERROR: null value in column "role" of relation "users" violates not-null constraint
  Detail: Failing row contains (0a8c586d-8ae5-4323-bd89-48fa34916adc, 2026-04-02 16:54:33.838318, f, 11054d8e-2aa8-445f-a876-9eac82a8bf5e, 2026-04-02 16:54:33.838318, golepratik862000+1@gmail.com, 0, null, Rohit Sharma, t, null, null, $2a$12$JBlyX81wl/t/j9LGZqcYfeFqiSLc3sEA9Us74.gWm6EOdtQ7ooZa6, null, null, 9876543211, null, b487b4b2-a5d5-40c4-a092-997affc802cf).  Call getNextException to see other errors in the batch.] [insert into users (branch_id,created_at,email,failed_login_attempts,fcm_token,full_name,is_active,is_deleted,last_login_at,locked_until,password_hash,password_reset_expires_at,password_reset_token,phone,tenant_id,updated_at,id) values (?,?,?,?,?,?,?,?,?,?,?,?,?,?,?,?,?)]; SQL [insert into users (branch_id,created_at,email,failed_login_attempts,fcm_token,full_name,is_active,is_deleted,last_login_at,locked_until,password_hash,password_reset_expires_at,password_reset_token,phone,tenant_id,updated_at,id) values (?,?,?,?,?,?,?,?,?,?,?,?,?,?,?,?,?)]; constraint [role" of relation "users]
org.springframework.dao.DataIntegrityViolationException: could not execute batch [Batch entry 0 insert into users (branch_id,created_at,email,failed_login_attempts,fcm_token,full_name,is_active,is_deleted,last_login_at,locked_until,password_hash,password_reset_expires_at,password_reset_token,phone,tenant_id,updated_at,id) values (('b487b4b2-a5d5-40c4-a092-997affc802cf'::uuid),('2026-04-02 16:54:33.838318+05:30'),('golepratik862000+1@gmail.com'),('0'::int4),(NULL),('Rohit Sharma'),('TRUE'::boolean),('FALSE'::boolean),(NULL),(NULL),('$2a$12$JBlyX81wl/t/j9LGZqcYfeFqiSLc3sEA9Us74.gWm6EOdtQ7ooZa6'),(NULL),(NULL),('9876543211'),('11054d8e-2aa8-445f-a876-9eac82a8bf5e'::uuid),('2026-04-02 16:54:33.838318+05:30'),('0a8c586d-8ae5-4323-bd89-48fa34916adc'::uuid)) was aborted: ERROR: null value in column "role" of relation "users" violates not-null constraint
  Detail: Failing row contains (0a8c586d-8ae5-4323-bd89-48fa34916adc, 2026-04-02 16:54:33.838318, f, 11054d8e-2aa8-445f-a876-9eac82a8bf5e, 2026-04-02 16:54:33.838318, golepratik862000+1@gmail.com, 0, null, Rohit Sharma, t, null, null, $2a$12$JBlyX81wl/t/j9LGZqcYfeFqiSLc3sEA9Us74.gWm6EOdtQ7ooZa6, null, null, 9876543211, null, b487b4b2-a5d5-40c4-a092-997affc802cf).  Call getNextException to see other errors in the batch.] [insert into users (branch_id,created_at,email,failed_login_attempts,fcm_token,full_name,is_active,is_deleted,last_login_at,locked_until,password_hash,password_reset_expires_at,password_reset_token,phone,tenant_id,updated_at,id) values (?,?,?,?,?,?,?,?,?,?,?,?,?,?,?,?,?)]; SQL [insert into users (branch_id,created_at,email,failed_login_attempts,fcm_token,full_name,is_active,is_deleted,last_login_at,locked_until,password_hash,password_reset_expires_at,password_reset_token,phone,tenant_id,updated_at,id) values (?,?,?,?,?,?,?,?,?,?,?,?,?,?,?,?,?)]; constraint [role" of relation "users]
	at org.springframework.orm.jpa.vendor.HibernateJpaDialect.convertHibernateAccessException(HibernateJpaDialect.java:290) ~[spring-orm-6.1.6.jar:6.1.6]
	at org.springframework.orm.jpa.vendor.HibernateJpaDialect.translateExceptionIfPossible(HibernateJpaDialect.java:241) ~[spring-orm-6.1.6.jar:6.1.6]
	at org.springframework.orm.jpa.JpaTransactionManager.doCommit(JpaTransactionManager.java:566) ~[spring-orm-6.1.6.jar:6.1.6]
	at org.springframework.transaction.support.AbstractPlatformTransactionManager.processCommit(AbstractPlatformTransactionManager.java:794) ~[spring-tx-6.1.6.jar:6.1.6]
	at org.springframework.transaction.support.AbstractPlatformTransactionManager.commit(AbstractPlatformTransactionManager.java:757) ~[spring-tx-6.1.6.jar:6.1.6]
	at org.springframework.transaction.interceptor.TransactionAspectSupport.commitTransactionAfterReturning(TransactionAspectSupport.java:676) ~[spring-tx-6.1.6.jar:6.1.6]
	at org.springframework.transaction.interceptor.TransactionAspectSupport.invokeWithinTransaction(TransactionAspectSupport.java:426) ~[spring-tx-6.1.6.jar:6.1.6]
	at org.springframework.transaction.interceptor.TransactionInterceptor.invoke(TransactionInterceptor.java:119) ~[spring-tx-6.1.6.jar:6.1.6]
	at org.springframework.aop.framework.ReflectiveMethodInvocation.proceed(ReflectiveMethodInvocation.java:184) ~[spring-aop-6.1.6.jar:6.1.6]
	at org.springframework.aop.framework.CglibAopProxy$CglibMethodInvocation.proceed(CglibAopProxy.java:768) ~[spring-aop-6.1.6.jar:6.1.6]
	at org.springframework.aop.framework.CglibAopProxy$DynamicAdvisedInterceptor.intercept(CglibAopProxy.java:720) ~[spring-aop-6.1.6.jar:6.1.6]
	at com.classmanager.cms_backend.service.UserManagementService$$SpringCGLIB$$0.createTeacher(<generated>) ~[classes/:?]
	at com.classmanager.cms_backend.controller.UserController.createTeacher(UserController.java:88) ~[classes/:?]
	at java.base/jdk.internal.reflect.DirectMethodHandleAccessor.invoke(DirectMethodHandleAccessor.java:103) ~[?:?]
	at java.base/java.lang.reflect.Method.invoke(Method.java:580) ~[?:?]
	at org.springframework.aop.support.AopUtils.invokeJoinpointUsingReflection(AopUtils.java:354) ~[spring-aop-6.1.6.jar:6.1.6]
	at org.springframework.aop.framework.ReflectiveMethodInvocation.invokeJoinpoint(ReflectiveMethodInvocation.java:196) ~[spring-aop-6.1.6.jar:6.1.6]
	at org.springframework.aop.framework.ReflectiveMethodInvocation.proceed(ReflectiveMethodInvocation.java:163) ~[spring-aop-6.1.6.jar:6.1.6]
	at org.springframework.aop.framework.CglibAopProxy$CglibMethodInvocation.proceed(CglibAopProxy.java:768) ~[spring-aop-6.1.6.jar:6.1.6]
	at org.springframework.security.authorization.method.AuthorizationManagerBeforeMethodInterceptor.invoke(AuthorizationManagerBeforeMethodInterceptor.java:198) ~[spring-security-core-6.2.4.jar:6.2.4]
	at org.springframework.aop.framework.ReflectiveMethodInvocation.proceed(ReflectiveMethodInvocation.java:184) ~[spring-aop-6.1.6.jar:6.1.6]
	at org.springframework.aop.framework.CglibAopProxy$CglibMethodInvocation.proceed(CglibAopProxy.java:768) ~[spring-aop-6.1.6.jar:6.1.6]
	at org.springframework.aop.framework.CglibAopProxy$DynamicAdvisedInterceptor.intercept(CglibAopProxy.java:720) ~[spring-aop-6.1.6.jar:6.1.6]
	at com.classmanager.cms_backend.controller.UserController$$SpringCGLIB$$0.createTeacher(<generated>) ~[classes/:?]
	at java.base/jdk.internal.reflect.DirectMethodHandleAccessor.invoke(DirectMethodHandleAccessor.java:103) ~[?:?]
	at java.base/java.lang.reflect.Method.invoke(Method.java:580) ~[?:?]
	at org.springframework.web.method.support.InvocableHandlerMethod.doInvoke(InvocableHandlerMethod.java:255) ~[spring-web-6.1.6.jar:6.1.6]
	at org.springframework.web.method.support.InvocableHandlerMethod.invokeForRequest(InvocableHandlerMethod.java:188) ~[spring-web-6.1.6.jar:6.1.6]
	at org.springframework.web.servlet.mvc.method.annotation.ServletInvocableHandlerMethod.invokeAndHandle(ServletInvocableHandlerMethod.java:118) ~[spring-webmvc-6.1.6.jar:6.1.6]
	at org.springframework.web.servlet.mvc.method.annotation.RequestMappingHandlerAdapter.invokeHandlerMethod(RequestMappingHandlerAdapter.java:926) ~[spring-webmvc-6.1.6.jar:6.1.6]
	at org.springframework.web.servlet.mvc.method.annotation.RequestMappingHandlerAdapter.handleInternal(RequestMappingHandlerAdapter.java:831) ~[spring-webmvc-6.1.6.jar:6.1.6]
	at org.springframework.web.servlet.mvc.method.AbstractHandlerMethodAdapter.handle(AbstractHandlerMethodAdapter.java:87) ~[spring-webmvc-6.1.6.jar:6.1.6]
	at org.springframework.web.servlet.DispatcherServlet.doDispatch(DispatcherServlet.java:1089) ~[spring-webmvc-6.1.6.jar:6.1.6]
	at org.springframework.web.servlet.DispatcherServlet.doService(DispatcherServlet.java:979) ~[spring-webmvc-6.1.6.jar:6.1.6]
	at org.springframework.web.servlet.FrameworkServlet.processRequest(FrameworkServlet.java:1014) ~[spring-webmvc-6.1.6.jar:6.1.6]
	at org.springframework.web.servlet.FrameworkServlet.doPost(FrameworkServlet.java:914) ~[spring-webmvc-6.1.6.jar:6.1.6]
	at jakarta.servlet.http.HttpServlet.service(HttpServlet.java:590) ~[tomcat-embed-core-10.1.20.jar:6.0]
	at org.springframework.web.servlet.FrameworkServlet.service(FrameworkServlet.java:885) ~[spring-webmvc-6.1.6.jar:6.1.6]
	at jakarta.servlet.http.HttpServlet.service(HttpServlet.java:658) ~[tomcat-embed-core-10.1.20.jar:6.0]
	at org.apache.catalina.core.ApplicationFilterChain.internalDoFilter(ApplicationFilterChain.java:206) ~[tomcat-embed-core-10.1.20.jar:10.1.20]
	at org.apache.catalina.core.ApplicationFilterChain.doFilter(ApplicationFilterChain.java:150) ~[tomcat-embed-core-10.1.20.jar:10.1.20]
	at org.apache.tomcat.websocket.server.WsFilter.doFilter(WsFilter.java:51) ~[tomcat-embed-websocket-10.1.20.jar:10.1.20]
	at org.apache.catalina.core.ApplicationFilterChain.internalDoFilter(ApplicationFilterChain.java:175) ~[tomcat-embed-core-10.1.20.jar:10.1.20]
	at org.apache.catalina.core.ApplicationFilterChain.doFilter(ApplicationFilterChain.java:150) ~[tomcat-embed-core-10.1.20.jar:10.1.20]
	at org.springframework.web.filter.OncePerRequestFilter.doFilter(OncePerRequestFilter.java:110) ~[spring-web-6.1.6.jar:6.1.6]
	at org.apache.catalina.core.ApplicationFilterChain.internalDoFilter(ApplicationFilterChain.java:175) ~[tomcat-embed-core-10.1.20.jar:10.1.20]
	at org.apache.catalina.core.ApplicationFilterChain.doFilter(ApplicationFilterChain.java:150) ~[tomcat-embed-core-10.1.20.jar:10.1.20]
	at org.springframework.web.filter.CompositeFilter$VirtualFilterChain.doFilter(CompositeFilter.java:108) ~[spring-web-6.1.6.jar:6.1.6]
	at org.springframework.security.web.FilterChainProxy.lambda$doFilterInternal$3(FilterChainProxy.java:231) ~[spring-security-web-6.2.4.jar:6.2.4]
	at org.springframework.security.web.ObservationFilterChainDecorator$FilterObservation$SimpleFilterObservation.lambda$wrap$1(ObservationFilterChainDecorator.java:479) ~[spring-security-web-6.2.4.jar:6.2.4]
	at org.springframework.security.web.ObservationFilterChainDecorator$AroundFilterObservation$SimpleAroundFilterObservation.lambda$wrap$1(ObservationFilterChainDecorator.java:340) ~[spring-security-web-6.2.4.jar:6.2.4]
	at org.springframework.security.web.ObservationFilterChainDecorator.lambda$wrapSecured$0(ObservationFilterChainDecorator.java:82) ~[spring-security-web-6.2.4.jar:6.2.4]
	at org.springframework.security.web.ObservationFilterChainDecorator$VirtualFilterChain.doFilter(ObservationFilterChainDecorator.java:128) ~[spring-security-web-6.2.4.jar:6.2.4]
	at org.springframework.security.web.access.intercept.AuthorizationFilter.doFilter(AuthorizationFilter.java:100) ~[spring-security-web-6.2.4.jar:6.2.4]
	at org.springframework.security.web.ObservationFilterChainDecorator$ObservationFilter.wrapFilter(ObservationFilterChainDecorator.java:240) ~[spring-security-web-6.2.4.jar:6.2.4]
	at org.springframework.security.web.ObservationFilterChainDecorator$ObservationFilter.doFilter(ObservationFilterChainDecorator.java:227) ~[spring-security-web-6.2.4.jar:6.2.4]
	at org.springframework.security.web.ObservationFilterChainDecorator$VirtualFilterChain.doFilter(ObservationFilterChainDecorator.java:137) ~[spring-security-web-6.2.4.jar:6.2.4]
	at org.springframework.security.web.access.ExceptionTranslationFilter.doFilter(ExceptionTranslationFilter.java:126) ~[spring-security-web-6.2.4.jar:6.2.4]
	at org.springframework.security.web.access.ExceptionTranslationFilter.doFilter(ExceptionTranslationFilter.java:120) ~[spring-security-web-6.2.4.jar:6.2.4]
	at org.springframework.security.web.ObservationFilterChainDecorator$ObservationFilter.wrapFilter(ObservationFilterChainDecorator.java:240) ~[spring-security-web-6.2.4.jar:6.2.4]
	at org.springframework.security.web.ObservationFilterChainDecorator$ObservationFilter.doFilter(ObservationFilterChainDecorator.java:227) ~[spring-security-web-6.2.4.jar:6.2.4]
	at org.springframework.security.web.ObservationFilterChainDecorator$VirtualFilterChain.doFilter(ObservationFilterChainDecorator.java:137) ~[spring-security-web-6.2.4.jar:6.2.4]
	at org.springframework.security.web.session.SessionManagementFilter.doFilter(SessionManagementFilter.java:131) ~[spring-security-web-6.2.4.jar:6.2.4]
	at org.springframework.security.web.session.SessionManagementFilter.doFilter(SessionManagementFilter.java:85) ~[spring-security-web-6.2.4.jar:6.2.4]
	at org.springframework.security.web.ObservationFilterChainDecorator$ObservationFilter.wrapFilter(ObservationFilterChainDecorator.java:240) ~[spring-security-web-6.2.4.jar:6.2.4]
	at org.springframework.security.web.ObservationFilterChainDecorator$ObservationFilter.doFilter(ObservationFilterChainDecorator.java:227) ~[spring-security-web-6.2.4.jar:6.2.4]
	at org.springframework.security.web.ObservationFilterChainDecorator$VirtualFilterChain.doFilter(ObservationFilterChainDecorator.java:137) ~[spring-security-web-6.2.4.jar:6.2.4]
	at org.springframework.security.web.authentication.AnonymousAuthenticationFilter.doFilter(AnonymousAuthenticationFilter.java:100) ~[spring-security-web-6.2.4.jar:6.2.4]
	at org.springframework.security.web.ObservationFilterChainDecorator$ObservationFilter.wrapFilter(ObservationFilterChainDecorator.java:240) ~[spring-security-web-6.2.4.jar:6.2.4]
	at org.springframework.security.web.ObservationFilterChainDecorator$ObservationFilter.doFilter(ObservationFilterChainDecorator.java:227) ~[spring-security-web-6.2.4.jar:6.2.4]
	at org.springframework.security.web.ObservationFilterChainDecorator$VirtualFilterChain.doFilter(ObservationFilterChainDecorator.java:137) ~[spring-security-web-6.2.4.jar:6.2.4]
	at org.springframework.security.web.servletapi.SecurityContextHolderAwareRequestFilter.doFilter(SecurityContextHolderAwareRequestFilter.java:179) ~[spring-security-web-6.2.4.jar:6.2.4]
	at org.springframework.security.web.ObservationFilterChainDecorator$ObservationFilter.wrapFilter(ObservationFilterChainDecorator.java:240) ~[spring-security-web-6.2.4.jar:6.2.4]
	at org.springframework.security.web.ObservationFilterChainDecorator$ObservationFilter.doFilter(ObservationFilterChainDecorator.java:227) ~[spring-security-web-6.2.4.jar:6.2.4]
	at org.springframework.security.web.ObservationFilterChainDecorator$VirtualFilterChain.doFilter(ObservationFilterChainDecorator.java:137) ~[spring-security-web-6.2.4.jar:6.2.4]
	at org.springframework.security.web.savedrequest.RequestCacheAwareFilter.doFilter(RequestCacheAwareFilter.java:63) ~[spring-security-web-6.2.4.jar:6.2.4]
	at org.springframework.security.web.ObservationFilterChainDecorator$ObservationFilter.wrapFilter(ObservationFilterChainDecorator.java:240) ~[spring-security-web-6.2.4.jar:6.2.4]
	at org.springframework.security.web.ObservationFilterChainDecorator$ObservationFilter.doFilter(ObservationFilterChainDecorator.java:227) ~[spring-security-web-6.2.4.jar:6.2.4]
	at org.springframework.security.web.ObservationFilterChainDecorator$VirtualFilterChain.doFilter(ObservationFilterChainDecorator.java:137) ~[spring-security-web-6.2.4.jar:6.2.4]
	at com.classmanager.cms_backend.security.jwt.JwtAuthenticationFilter.doFilterInternal(JwtAuthenticationFilter.java:47) ~[classes/:?]
	at org.springframework.web.filter.OncePerRequestFilter.doFilter(OncePerRequestFilter.java:116) ~[spring-web-6.1.6.jar:6.1.6]
	at org.springframework.security.web.ObservationFilterChainDecorator$ObservationFilter.wrapFilter(ObservationFilterChainDecorator.java:240) ~[spring-security-web-6.2.4.jar:6.2.4]
	at org.springframework.security.web.ObservationFilterChainDecorator$ObservationFilter.doFilter(ObservationFilterChainDecorator.java:227) ~[spring-security-web-6.2.4.jar:6.2.4]
	at org.springframework.security.web.ObservationFilterChainDecorator$VirtualFilterChain.doFilter(ObservationFilterChainDecorator.java:137) ~[spring-security-web-6.2.4.jar:6.2.4]
	at org.springframework.security.web.authentication.logout.LogoutFilter.doFilter(LogoutFilter.java:107) ~[spring-security-web-6.2.4.jar:6.2.4]
	at org.springframework.security.web.authentication.logout.LogoutFilter.doFilter(LogoutFilter.java:93) ~[spring-security-web-6.2.4.jar:6.2.4]
	at org.springframework.security.web.ObservationFilterChainDecorator$ObservationFilter.wrapFilter(ObservationFilterChainDecorator.java:240) ~[spring-security-web-6.2.4.jar:6.2.4]
	at org.springframework.security.web.ObservationFilterChainDecorator$ObservationFilter.doFilter(ObservationFilterChainDecorator.java:227) ~[spring-security-web-6.2.4.jar:6.2.4]
	at org.springframework.security.web.ObservationFilterChainDecorator$VirtualFilterChain.doFilter(ObservationFilterChainDecorator.java:137) ~[spring-security-web-6.2.4.jar:6.2.4]
	at org.springframework.web.filter.CorsFilter.doFilterInternal(CorsFilter.java:91) ~[spring-web-6.1.6.jar:6.1.6]
	at org.springframework.web.filter.OncePerRequestFilter.doFilter(OncePerRequestFilter.java:116) ~[spring-web-6.1.6.jar:6.1.6]
	at org.springframework.security.web.ObservationFilterChainDecorator$ObservationFilter.wrapFilter(ObservationFilterChainDecorator.java:240) ~[spring-security-web-6.2.4.jar:6.2.4]
	at org.springframework.security.web.ObservationFilterChainDecorator$ObservationFilter.doFilter(ObservationFilterChainDecorator.java:227) ~[spring-security-web-6.2.4.jar:6.2.4]
	at org.springframework.security.web.ObservationFilterChainDecorator$VirtualFilterChain.doFilter(ObservationFilterChainDecorator.java:137) ~[spring-security-web-6.2.4.jar:6.2.4]
	at org.springframework.security.web.header.HeaderWriterFilter.doHeadersAfter(HeaderWriterFilter.java:90) ~[spring-security-web-6.2.4.jar:6.2.4]
	at org.springframework.security.web.header.HeaderWriterFilter.doFilterInternal(HeaderWriterFilter.java:75) ~[spring-security-web-6.2.4.jar:6.2.4]
	at org.springframework.web.filter.OncePerRequestFilter.doFilter(OncePerRequestFilter.java:116) ~[spring-web-6.1.6.jar:6.1.6]
	at org.springframework.security.web.ObservationFilterChainDecorator$ObservationFilter.wrapFilter(ObservationFilterChainDecorator.java:240) ~[spring-security-web-6.2.4.jar:6.2.4]
	at org.springframework.security.web.ObservationFilterChainDecorator$ObservationFilter.doFilter(ObservationFilterChainDecorator.java:227) ~[spring-security-web-6.2.4.jar:6.2.4]
	at org.springframework.security.web.ObservationFilterChainDecorator$VirtualFilterChain.doFilter(ObservationFilterChainDecorator.java:137) ~[spring-security-web-6.2.4.jar:6.2.4]
	at org.springframework.security.web.context.SecurityContextHolderFilter.doFilter(SecurityContextHolderFilter.java:82) ~[spring-security-web-6.2.4.jar:6.2.4]
	at org.springframework.security.web.context.SecurityContextHolderFilter.doFilter(SecurityContextHolderFilter.java:69) ~[spring-security-web-6.2.4.jar:6.2.4]
	at org.springframework.security.web.ObservationFilterChainDecorator$ObservationFilter.wrapFilter(ObservationFilterChainDecorator.java:240) ~[spring-security-web-6.2.4.jar:6.2.4]
	at org.springframework.security.web.ObservationFilterChainDecorator$ObservationFilter.doFilter(ObservationFilterChainDecorator.java:227) ~[spring-security-web-6.2.4.jar:6.2.4]
	at org.springframework.security.web.ObservationFilterChainDecorator$VirtualFilterChain.doFilter(ObservationFilterChainDecorator.java:137) ~[spring-security-web-6.2.4.jar:6.2.4]
	at org.springframework.security.web.context.request.async.WebAsyncManagerIntegrationFilter.doFilterInternal(WebAsyncManagerIntegrationFilter.java:62) ~[spring-security-web-6.2.4.jar:6.2.4]
	at org.springframework.web.filter.OncePerRequestFilter.doFilter(OncePerRequestFilter.java:116) ~[spring-web-6.1.6.jar:6.1.6]
	at org.springframework.security.web.ObservationFilterChainDecorator$ObservationFilter.wrapFilter(ObservationFilterChainDecorator.java:240) ~[spring-security-web-6.2.4.jar:6.2.4]
	at org.springframework.security.web.ObservationFilterChainDecorator$ObservationFilter.doFilter(ObservationFilterChainDecorator.java:227) ~[spring-security-web-6.2.4.jar:6.2.4]
	at org.springframework.security.web.ObservationFilterChainDecorator$VirtualFilterChain.doFilter(ObservationFilterChainDecorator.java:137) ~[spring-security-web-6.2.4.jar:6.2.4]
	at org.springframework.security.web.session.DisableEncodeUrlFilter.doFilterInternal(DisableEncodeUrlFilter.java:42) ~[spring-security-web-6.2.4.jar:6.2.4]
	at org.springframework.web.filter.OncePerRequestFilter.doFilter(OncePerRequestFilter.java:116) ~[spring-web-6.1.6.jar:6.1.6]
	at org.springframework.security.web.ObservationFilterChainDecorator$ObservationFilter.wrapFilter(ObservationFilterChainDecorator.java:240) ~[spring-security-web-6.2.4.jar:6.2.4]
	at org.springframework.security.web.ObservationFilterChainDecorator$AroundFilterObservation$SimpleAroundFilterObservation.lambda$wrap$0(ObservationFilterChainDecorator.java:323) ~[spring-security-web-6.2.4.jar:6.2.4]
	at org.springframework.security.web.ObservationFilterChainDecorator$ObservationFilter.doFilter(ObservationFilterChainDecorator.java:224) ~[spring-security-web-6.2.4.jar:6.2.4]
	at org.springframework.security.web.ObservationFilterChainDecorator$VirtualFilterChain.doFilter(ObservationFilterChainDecorator.java:137) ~[spring-security-web-6.2.4.jar:6.2.4]
	at org.springframework.security.web.FilterChainProxy.doFilterInternal(FilterChainProxy.java:233) ~[spring-security-web-6.2.4.jar:6.2.4]
	at org.springframework.security.web.FilterChainProxy.doFilter(FilterChainProxy.java:191) ~[spring-security-web-6.2.4.jar:6.2.4]
	at org.springframework.web.filter.CompositeFilter$VirtualFilterChain.doFilter(CompositeFilter.java:113) ~[spring-web-6.1.6.jar:6.1.6]
	at org.springframework.web.servlet.handler.HandlerMappingIntrospector.lambda$createCacheFilter$3(HandlerMappingIntrospector.java:195) ~[spring-webmvc-6.1.6.jar:6.1.6]
	at org.springframework.web.filter.CompositeFilter$VirtualFilterChain.doFilter(CompositeFilter.java:113) ~[spring-web-6.1.6.jar:6.1.6]
	at org.springframework.web.filter.CompositeFilter.doFilter(CompositeFilter.java:74) ~[spring-web-6.1.6.jar:6.1.6]
	at org.springframework.security.config.annotation.web.configuration.WebMvcSecurityConfiguration$CompositeFilterChainProxy.doFilter(WebMvcSecurityConfiguration.java:230) ~[spring-security-config-6.2.4.jar:6.2.4]
	at org.springframework.web.filter.DelegatingFilterProxy.invokeDelegate(DelegatingFilterProxy.java:352) ~[spring-web-6.1.6.jar:6.1.6]
	at org.springframework.web.filter.DelegatingFilterProxy.doFilter(DelegatingFilterProxy.java:268) ~[spring-web-6.1.6.jar:6.1.6]
	at org.apache.catalina.core.ApplicationFilterChain.internalDoFilter(ApplicationFilterChain.java:175) ~[tomcat-embed-core-10.1.20.jar:10.1.20]
	at org.apache.catalina.core.ApplicationFilterChain.doFilter(ApplicationFilterChain.java:150) ~[tomcat-embed-core-10.1.20.jar:10.1.20]
	at org.springframework.web.filter.RequestContextFilter.doFilterInternal(RequestContextFilter.java:100) ~[spring-web-6.1.6.jar:6.1.6]
	at org.springframework.web.filter.OncePerRequestFilter.doFilter(OncePerRequestFilter.java:116) ~[spring-web-6.1.6.jar:6.1.6]
	at org.apache.catalina.core.ApplicationFilterChain.internalDoFilter(ApplicationFilterChain.java:175) ~[tomcat-embed-core-10.1.20.jar:10.1.20]
	at org.apache.catalina.core.ApplicationFilterChain.doFilter(ApplicationFilterChain.java:150) ~[tomcat-embed-core-10.1.20.jar:10.1.20]
	at org.springframework.web.filter.FormContentFilter.doFilterInternal(FormContentFilter.java:93) ~[spring-web-6.1.6.jar:6.1.6]
	at org.springframework.web.filter.OncePerRequestFilter.doFilter(OncePerRequestFilter.java:116) ~[spring-web-6.1.6.jar:6.1.6]
	at org.apache.catalina.core.ApplicationFilterChain.internalDoFilter(ApplicationFilterChain.java:175) ~[tomcat-embed-core-10.1.20.jar:10.1.20]
	at org.apache.catalina.core.ApplicationFilterChain.doFilter(ApplicationFilterChain.java:150) ~[tomcat-embed-core-10.1.20.jar:10.1.20]
	at org.springframework.web.filter.ServerHttpObservationFilter.doFilterInternal(ServerHttpObservationFilter.java:109) ~[spring-web-6.1.6.jar:6.1.6]
	at org.springframework.web.filter.OncePerRequestFilter.doFilter(OncePerRequestFilter.java:116) ~[spring-web-6.1.6.jar:6.1.6]
	at org.apache.catalina.core.ApplicationFilterChain.internalDoFilter(ApplicationFilterChain.java:175) ~[tomcat-embed-core-10.1.20.jar:10.1.20]
	at org.apache.catalina.core.ApplicationFilterChain.doFilter(ApplicationFilterChain.java:150) ~[tomcat-embed-core-10.1.20.jar:10.1.20]
	at org.springframework.web.filter.CharacterEncodingFilter.doFilterInternal(CharacterEncodingFilter.java:201) ~[spring-web-6.1.6.jar:6.1.6]
	at org.springframework.web.filter.OncePerRequestFilter.doFilter(OncePerRequestFilter.java:116) ~[spring-web-6.1.6.jar:6.1.6]
	at org.apache.catalina.core.ApplicationFilterChain.internalDoFilter(ApplicationFilterChain.java:175) ~[tomcat-embed-core-10.1.20.jar:10.1.20]
	at org.apache.catalina.core.ApplicationFilterChain.doFilter(ApplicationFilterChain.java:150) ~[tomcat-embed-core-10.1.20.jar:10.1.20]
	at org.apache.catalina.core.StandardWrapperValve.invoke(StandardWrapperValve.java:167) ~[tomcat-embed-core-10.1.20.jar:10.1.20]
	at org.apache.catalina.core.StandardContextValve.invoke(StandardContextValve.java:90) ~[tomcat-embed-core-10.1.20.jar:10.1.20]
	at org.apache.catalina.authenticator.AuthenticatorBase.invoke(AuthenticatorBase.java:482) ~[tomcat-embed-core-10.1.20.jar:10.1.20]
	at org.apache.catalina.core.StandardHostValve.invoke(StandardHostValve.java:115) ~[tomcat-embed-core-10.1.20.jar:10.1.20]
	at org.apache.catalina.valves.ErrorReportValve.invoke(ErrorReportValve.java:93) ~[tomcat-embed-core-10.1.20.jar:10.1.20]
	at org.apache.catalina.core.StandardEngineValve.invoke(StandardEngineValve.java:74) ~[tomcat-embed-core-10.1.20.jar:10.1.20]
	at org.apache.catalina.connector.CoyoteAdapter.service(CoyoteAdapter.java:344) ~[tomcat-embed-core-10.1.20.jar:10.1.20]
	at org.apache.coyote.http11.Http11Processor.service(Http11Processor.java:391) ~[tomcat-embed-core-10.1.20.jar:10.1.20]
	at org.apache.coyote.AbstractProcessorLight.process(AbstractProcessorLight.java:63) ~[tomcat-embed-core-10.1.20.jar:10.1.20]
	at org.apache.coyote.AbstractProtocol$ConnectionHandler.process(AbstractProtocol.java:896) ~[tomcat-embed-core-10.1.20.jar:10.1.20]
	at org.apache.tomcat.util.net.NioEndpoint$SocketProcessor.doRun(NioEndpoint.java:1736) ~[tomcat-embed-core-10.1.20.jar:10.1.20]
	at org.apache.tomcat.util.net.SocketProcessorBase.run(SocketProcessorBase.java:52) ~[tomcat-embed-core-10.1.20.jar:10.1.20]
	at org.apache.tomcat.util.threads.ThreadPoolExecutor.runWorker(ThreadPoolExecutor.java:1191) ~[tomcat-embed-core-10.1.20.jar:10.1.20]
	at org.apache.tomcat.util.threads.ThreadPoolExecutor$Worker.run(ThreadPoolExecutor.java:659) ~[tomcat-embed-core-10.1.20.jar:10.1.20]
	at org.apache.tomcat.util.threads.TaskThread$WrappingRunnable.run(TaskThread.java:63) ~[tomcat-embed-core-10.1.20.jar:10.1.20]
	at java.base/java.lang.Thread.run(Thread.java:1583) [?:?]
Caused by: org.hibernate.exception.ConstraintViolationException: could not execute batch [Batch entry 0 insert into users (branch_id,created_at,email,failed_login_attempts,fcm_token,full_name,is_active,is_deleted,last_login_at,locked_until,password_hash,password_reset_expires_at,password_reset_token,phone,tenant_id,updated_at,id) values (('b487b4b2-a5d5-40c4-a092-997affc802cf'::uuid),('2026-04-02 16:54:33.838318+05:30'),('golepratik862000+1@gmail.com'),('0'::int4),(NULL),('Rohit Sharma'),('TRUE'::boolean),('FALSE'::boolean),(NULL),(NULL),('$2a$12$JBlyX81wl/t/j9LGZqcYfeFqiSLc3sEA9Us74.gWm6EOdtQ7ooZa6'),(NULL),(NULL),('9876543211'),('11054d8e-2aa8-445f-a876-9eac82a8bf5e'::uuid),('2026-04-02 16:54:33.838318+05:30'),('0a8c586d-8ae5-4323-bd89-48fa34916adc'::uuid)) was aborted: ERROR: null value in column "role" of relation "users" violates not-null constraint
  Detail: Failing row contains (0a8c586d-8ae5-4323-bd89-48fa34916adc, 2026-04-02 16:54:33.838318, f, 11054d8e-2aa8-445f-a876-9eac82a8bf5e, 2026-04-02 16:54:33.838318, golepratik862000+1@gmail.com, 0, null, Rohit Sharma, t, null, null, $2a$12$JBlyX81wl/t/j9LGZqcYfeFqiSLc3sEA9Us74.gWm6EOdtQ7ooZa6, null, null, 9876543211, null, b487b4b2-a5d5-40c4-a092-997affc802cf).  Call getNextException to see other errors in the batch.] [insert into users (branch_id,created_at,email,failed_login_attempts,fcm_token,full_name,is_active,is_deleted,last_login_at,locked_until,password_hash,password_reset_expires_at,password_reset_token,phone,tenant_id,updated_at,id) values (?,?,?,?,?,?,?,?,?,?,?,?,?,?,?,?,?)]
	at org.hibernate.exception.internal.SQLStateConversionDelegate.convert(SQLStateConversionDelegate.java:97) ~[hibernate-core-6.4.4.Final.jar:6.4.4.Final]
	at org.hibernate.exception.internal.StandardSQLExceptionConverter.convert(StandardSQLExceptionConverter.java:58) ~[hibernate-core-6.4.4.Final.jar:6.4.4.Final]
	at org.hibernate.engine.jdbc.spi.SqlExceptionHelper.convert(SqlExceptionHelper.java:108) ~[hibernate-core-6.4.4.Final.jar:6.4.4.Final]
	at org.hibernate.engine.jdbc.batch.internal.BatchImpl.lambda$performExecution$2(BatchImpl.java:294) ~[hibernate-core-6.4.4.Final.jar:6.4.4.Final]
	at org.hibernate.engine.jdbc.mutation.internal.PreparedStatementGroupSingleTable.forEachStatement(PreparedStatementGroupSingleTable.java:59) ~[hibernate-core-6.4.4.Final.jar:6.4.4.Final]
	at org.hibernate.engine.jdbc.batch.internal.BatchImpl.performExecution(BatchImpl.java:264) ~[hibernate-core-6.4.4.Final.jar:6.4.4.Final]
	at org.hibernate.engine.jdbc.batch.internal.BatchImpl.execute(BatchImpl.java:242) ~[hibernate-core-6.4.4.Final.jar:6.4.4.Final]
	at org.hibernate.engine.jdbc.internal.JdbcCoordinatorImpl.getBatch(JdbcCoordinatorImpl.java:173) ~[hibernate-core-6.4.4.Final.jar:6.4.4.Final]
	at org.hibernate.engine.jdbc.mutation.internal.MutationExecutorSingleBatched.resolveBatch(MutationExecutorSingleBatched.java:47) ~[hibernate-core-6.4.4.Final.jar:6.4.4.Final]
	at org.hibernate.engine.jdbc.mutation.internal.MutationExecutorSingleBatched.performBatchedOperations(MutationExecutorSingleBatched.java:60) ~[hibernate-core-6.4.4.Final.jar:6.4.4.Final]
	at org.hibernate.engine.jdbc.mutation.internal.AbstractMutationExecutor.execute(AbstractMutationExecutor.java:54) ~[hibernate-core-6.4.4.Final.jar:6.4.4.Final]
	at org.hibernate.persister.entity.mutation.InsertCoordinator.doStaticInserts(InsertCoordinator.java:175) ~[hibernate-core-6.4.4.Final.jar:6.4.4.Final]
	at org.hibernate.persister.entity.mutation.InsertCoordinator.coordinateInsert(InsertCoordinator.java:113) ~[hibernate-core-6.4.4.Final.jar:6.4.4.Final]
	at org.hibernate.persister.entity.AbstractEntityPersister.insert(AbstractEntityPersister.java:2873) ~[hibernate-core-6.4.4.Final.jar:6.4.4.Final]
	at org.hibernate.action.internal.EntityInsertAction.execute(EntityInsertAction.java:104) ~[hibernate-core-6.4.4.Final.jar:6.4.4.Final]
	at org.hibernate.engine.spi.ActionQueue.executeActions(ActionQueue.java:632) ~[hibernate-core-6.4.4.Final.jar:6.4.4.Final]
	at org.hibernate.engine.spi.ActionQueue.executeActions(ActionQueue.java:499) ~[hibernate-core-6.4.4.Final.jar:6.4.4.Final]
	at org.hibernate.event.internal.AbstractFlushingEventListener.performExecutions(AbstractFlushingEventListener.java:363) ~[hibernate-core-6.4.4.Final.jar:6.4.4.Final]
	at org.hibernate.event.internal.DefaultFlushEventListener.onFlush(DefaultFlushEventListener.java:41) ~[hibernate-core-6.4.4.Final.jar:6.4.4.Final]
	at org.hibernate.event.service.internal.EventListenerGroupImpl.fireEventOnEachListener(EventListenerGroupImpl.java:127) ~[hibernate-core-6.4.4.Final.jar:6.4.4.Final]
	at org.hibernate.internal.SessionImpl.doFlush(SessionImpl.java:1403) ~[hibernate-core-6.4.4.Final.jar:6.4.4.Final]
	at org.hibernate.internal.SessionImpl.managedFlush(SessionImpl.java:484) ~[hibernate-core-6.4.4.Final.jar:6.4.4.Final]
	at org.hibernate.internal.SessionImpl.flushBeforeTransactionCompletion(SessionImpl.java:2319) ~[hibernate-core-6.4.4.Final.jar:6.4.4.Final]
	at org.hibernate.internal.SessionImpl.beforeTransactionCompletion(SessionImpl.java:1976) ~[hibernate-core-6.4.4.Final.jar:6.4.4.Final]
	at org.hibernate.engine.jdbc.internal.JdbcCoordinatorImpl.beforeTransactionCompletion(JdbcCoordinatorImpl.java:439) ~[hibernate-core-6.4.4.Final.jar:6.4.4.Final]
	at org.hibernate.resource.transaction.backend.jdbc.internal.JdbcResourceLocalTransactionCoordinatorImpl.beforeCompletionCallback(JdbcResourceLocalTransactionCoordinatorImpl.java:169) ~[hibernate-core-6.4.4.Final.jar:6.4.4.Final]
	at org.hibernate.resource.transaction.backend.jdbc.internal.JdbcResourceLocalTransactionCoordinatorImpl$TransactionDriverControlImpl.commit(JdbcResourceLocalTransactionCoordinatorImpl.java:267) ~[hibernate-core-6.4.4.Final.jar:6.4.4.Final]
	at org.hibernate.engine.transaction.internal.TransactionImpl.commit(TransactionImpl.java:101) ~[hibernate-core-6.4.4.Final.jar:6.4.4.Final]
	at org.springframework.orm.jpa.JpaTransactionManager.doCommit(JpaTransactionManager.java:562) ~[spring-orm-6.1.6.jar:6.1.6]
	... 156 more
Caused by: java.sql.BatchUpdateException: Batch entry 0 insert into users (branch_id,created_at,email,failed_login_attempts,fcm_token,full_name,is_active,is_deleted,last_login_at,locked_until,password_hash,password_reset_expires_at,password_reset_token,phone,tenant_id,updated_at,id) values (('b487b4b2-a5d5-40c4-a092-997affc802cf'::uuid),('2026-04-02 16:54:33.838318+05:30'),('golepratik862000+1@gmail.com'),('0'::int4),(NULL),('Rohit Sharma'),('TRUE'::boolean),('FALSE'::boolean),(NULL),(NULL),('$2a$12$JBlyX81wl/t/j9LGZqcYfeFqiSLc3sEA9Us74.gWm6EOdtQ7ooZa6'),(NULL),(NULL),('9876543211'),('11054d8e-2aa8-445f-a876-9eac82a8bf5e'::uuid),('2026-04-02 16:54:33.838318+05:30'),('0a8c586d-8ae5-4323-bd89-48fa34916adc'::uuid)) was aborted: ERROR: null value in column "role" of relation "users" violates not-null constraint
  Detail: Failing row contains (0a8c586d-8ae5-4323-bd89-48fa34916adc, 2026-04-02 16:54:33.838318, f, 11054d8e-2aa8-445f-a876-9eac82a8bf5e, 2026-04-02 16:54:33.838318, golepratik862000+1@gmail.com, 0, null, Rohit Sharma, t, null, null, $2a$12$JBlyX81wl/t/j9LGZqcYfeFqiSLc3sEA9Us74.gWm6EOdtQ7ooZa6, null, null, 9876543211, null, b487b4b2-a5d5-40c4-a092-997affc802cf).  Call getNextException to see other errors in the batch.
	at org.postgresql.jdbc.BatchResultHandler.handleError(BatchResultHandler.java:165) ~[postgresql-42.6.2.jar:42.6.2]
	at org.postgresql.core.v3.QueryExecutorImpl.processResults(QueryExecutorImpl.java:2402) ~[postgresql-42.6.2.jar:42.6.2]
	at org.postgresql.core.v3.QueryExecutorImpl.execute(QueryExecutorImpl.java:574) ~[postgresql-42.6.2.jar:42.6.2]
	at org.postgresql.jdbc.PgStatement.internalExecuteBatch(PgStatement.java:896) ~[postgresql-42.6.2.jar:42.6.2]
	at org.postgresql.jdbc.PgStatement.executeBatch(PgStatement.java:919) ~[postgresql-42.6.2.jar:42.6.2]
	at org.postgresql.jdbc.PgPreparedStatement.executeBatch(PgPreparedStatement.java:1685) ~[postgresql-42.6.2.jar:42.6.2]
	at com.zaxxer.hikari.pool.ProxyStatement.executeBatch(ProxyStatement.java:127) ~[HikariCP-5.0.1.jar:?]
	at com.zaxxer.hikari.pool.HikariProxyPreparedStatement.executeBatch(HikariProxyPreparedStatement.java) ~[HikariCP-5.0.1.jar:?]
	at org.hibernate.engine.jdbc.batch.internal.BatchImpl.lambda$performExecution$2(BatchImpl.java:279) ~[hibernate-core-6.4.4.Final.jar:6.4.4.Final]
	at org.hibernate.engine.jdbc.mutation.internal.PreparedStatementGroupSingleTable.forEachStatement(PreparedStatementGroupSingleTable.java:59) ~[hibernate-core-6.4.4.Final.jar:6.4.4.Final]
	at org.hibernate.engine.jdbc.batch.internal.BatchImpl.performExecution(BatchImpl.java:264) ~[hibernate-core-6.4.4.Final.jar:6.4.4.Final]
	at org.hibernate.engine.jdbc.batch.internal.BatchImpl.execute(BatchImpl.java:242) ~[hibernate-core-6.4.4.Final.jar:6.4.4.Final]
	at org.hibernate.engine.jdbc.internal.JdbcCoordinatorImpl.getBatch(JdbcCoordinatorImpl.java:173) ~[hibernate-core-6.4.4.Final.jar:6.4.4.Final]
	at org.hibernate.engine.jdbc.mutation.internal.MutationExecutorSingleBatched.resolveBatch(MutationExecutorSingleBatched.java:47) ~[hibernate-core-6.4.4.Final.jar:6.4.4.Final]
	at org.hibernate.engine.jdbc.mutation.internal.MutationExecutorSingleBatched.performBatchedOperations(MutationExecutorSingleBatched.java:60) ~[hibernate-core-6.4.4.Final.jar:6.4.4.Final]
	at org.hibernate.engine.jdbc.mutation.internal.AbstractMutationExecutor.execute(AbstractMutationExecutor.java:54) ~[hibernate-core-6.4.4.Final.jar:6.4.4.Final]
	at org.hibernate.persister.entity.mutation.InsertCoordinator.doStaticInserts(InsertCoordinator.java:175) ~[hibernate-core-6.4.4.Final.jar:6.4.4.Final]
	at org.hibernate.persister.entity.mutation.InsertCoordinator.coordinateInsert(InsertCoordinator.java:113) ~[hibernate-core-6.4.4.Final.jar:6.4.4.Final]
	at org.hibernate.persister.entity.AbstractEntityPersister.insert(AbstractEntityPersister.java:2873) ~[hibernate-core-6.4.4.Final.jar:6.4.4.Final]
	at org.hibernate.action.internal.EntityInsertAction.execute(EntityInsertAction.java:104) ~[hibernate-core-6.4.4.Final.jar:6.4.4.Final]
	at org.hibernate.engine.spi.ActionQueue.executeActions(ActionQueue.java:632) ~[hibernate-core-6.4.4.Final.jar:6.4.4.Final]
	at org.hibernate.engine.spi.ActionQueue.executeActions(ActionQueue.java:499) ~[hibernate-core-6.4.4.Final.jar:6.4.4.Final]
	at org.hibernate.event.internal.AbstractFlushingEventListener.performExecutions(AbstractFlushingEventListener.java:363) ~[hibernate-core-6.4.4.Final.jar:6.4.4.Final]
	at org.hibernate.event.internal.DefaultFlushEventListener.onFlush(DefaultFlushEventListener.java:41) ~[hibernate-core-6.4.4.Final.jar:6.4.4.Final]
	at org.hibernate.event.service.internal.EventListenerGroupImpl.fireEventOnEachListener(EventListenerGroupImpl.java:127) ~[hibernate-core-6.4.4.Final.jar:6.4.4.Final]
	at org.hibernate.internal.SessionImpl.doFlush(SessionImpl.java:1403) ~[hibernate-core-6.4.4.Final.jar:6.4.4.Final]
	at org.hibernate.internal.SessionImpl.managedFlush(SessionImpl.java:484) ~[hibernate-core-6.4.4.Final.jar:6.4.4.Final]
	at org.hibernate.internal.SessionImpl.flushBeforeTransactionCompletion(SessionImpl.java:2319) ~[hibernate-core-6.4.4.Final.jar:6.4.4.Final]
	at org.hibernate.internal.SessionImpl.beforeTransactionCompletion(SessionImpl.java:1976) ~[hibernate-core-6.4.4.Final.jar:6.4.4.Final]
	at org.hibernate.engine.jdbc.internal.JdbcCoordinatorImpl.beforeTransactionCompletion(JdbcCoordinatorImpl.java:439) ~[hibernate-core-6.4.4.Final.jar:6.4.4.Final]
	at org.hibernate.resource.transaction.backend.jdbc.internal.JdbcResourceLocalTransactionCoordinatorImpl.beforeCompletionCallback(JdbcResourceLocalTransactionCoordinatorImpl.java:169) ~[hibernate-core-6.4.4.Final.jar:6.4.4.Final]
	at org.hibernate.resource.transaction.backend.jdbc.internal.JdbcResourceLocalTransactionCoordinatorImpl$TransactionDriverControlImpl.commit(JdbcResourceLocalTransactionCoordinatorImpl.java:267) ~[hibernate-core-6.4.4.Final.jar:6.4.4.Final]
	at org.hibernate.engine.transaction.internal.TransactionImpl.commit(TransactionImpl.java:101) ~[hibernate-core-6.4.4.Final.jar:6.4.4.Final]
	at org.springframework.orm.jpa.JpaTransactionManager.doCommit(JpaTransactionManager.java:562) ~[spring-orm-6.1.6.jar:6.1.6]
	... 156 more
Caused by: org.postgresql.util.PSQLException: ERROR: null value in column "role" of relation "users" violates not-null constraint
  Detail: Failing row contains (0a8c586d-8ae5-4323-bd89-48fa34916adc, 2026-04-02 16:54:33.838318, f, 11054d8e-2aa8-445f-a876-9eac82a8bf5e, 2026-04-02 16:54:33.838318, golepratik862000+1@gmail.com, 0, null, Rohit Sharma, t, null, null, $2a$12$JBlyX81wl/t/j9LGZqcYfeFqiSLc3sEA9Us74.gWm6EOdtQ7ooZa6, null, null, 9876543211, null, b487b4b2-a5d5-40c4-a092-997affc802cf).
	at org.postgresql.core.v3.QueryExecutorImpl.receiveErrorResponse(QueryExecutorImpl.java:2713) ~[postgresql-42.6.2.jar:42.6.2]
	at org.postgresql.core.v3.QueryExecutorImpl.processResults(QueryExecutorImpl.java:2401) ~[postgresql-42.6.2.jar:42.6.2]
	at org.postgresql.core.v3.QueryExecutorImpl.execute(QueryExecutorImpl.java:574) ~[postgresql-42.6.2.jar:42.6.2]
	at org.postgresql.jdbc.PgStatement.internalExecuteBatch(PgStatement.java:896) ~[postgresql-42.6.2.jar:42.6.2]
	at org.postgresql.jdbc.PgStatement.executeBatch(PgStatement.java:919) ~[postgresql-42.6.2.jar:42.6.2]
	at org.postgresql.jdbc.PgPreparedStatement.executeBatch(PgPreparedStatement.java:1685) ~[postgresql-42.6.2.jar:42.6.2]
	at com.zaxxer.hikari.pool.ProxyStatement.executeBatch(ProxyStatement.java:127) ~[HikariCP-5.0.1.jar:?]
	at com.zaxxer.hikari.pool.HikariProxyPreparedStatement.executeBatch(HikariProxyPreparedStatement.java) ~[HikariCP-5.0.1.jar:?]
	at org.hibernate.engine.jdbc.batch.internal.BatchImpl.lambda$performExecution$2(BatchImpl.java:279) ~[hibernate-core-6.4.4.Final.jar:6.4.4.Final]
	at org.hibernate.engine.jdbc.mutation.internal.PreparedStatementGroupSingleTable.forEachStatement(PreparedStatementGroupSingleTable.java:59) ~[hibernate-core-6.4.4.Final.jar:6.4.4.Final]
	at org.hibernate.engine.jdbc.batch.internal.BatchImpl.performExecution(BatchImpl.java:264) ~[hibernate-core-6.4.4.Final.jar:6.4.4.Final]
	at org.hibernate.engine.jdbc.batch.internal.BatchImpl.execute(BatchImpl.java:242) ~[hibernate-core-6.4.4.Final.jar:6.4.4.Final]
	at org.hibernate.engine.jdbc.internal.JdbcCoordinatorImpl.getBatch(JdbcCoordinatorImpl.java:173) ~[hibernate-core-6.4.4.Final.jar:6.4.4.Final]
	at org.hibernate.engine.jdbc.mutation.internal.MutationExecutorSingleBatched.resolveBatch(MutationExecutorSingleBatched.java:47) ~[hibernate-core-6.4.4.Final.jar:6.4.4.Final]
	at org.hibernate.engine.jdbc.mutation.internal.MutationExecutorSingleBatched.performBatchedOperations(MutationExecutorSingleBatched.java:60) ~[hibernate-core-6.4.4.Final.jar:6.4.4.Final]
	at org.hibernate.engine.jdbc.mutation.internal.AbstractMutationExecutor.execute(AbstractMutationExecutor.java:54) ~[hibernate-core-6.4.4.Final.jar:6.4.4.Final]
	at org.hibernate.persister.entity.mutation.InsertCoordinator.doStaticInserts(InsertCoordinator.java:175) ~[hibernate-core-6.4.4.Final.jar:6.4.4.Final]
	at org.hibernate.persister.entity.mutation.InsertCoordinator.coordinateInsert(InsertCoordinator.java:113) ~[hibernate-core-6.4.4.Final.jar:6.4.4.Final]
	at org.hibernate.persister.entity.AbstractEntityPersister.insert(AbstractEntityPersister.java:2873) ~[hibernate-core-6.4.4.Final.jar:6.4.4.Final]
	at org.hibernate.action.internal.EntityInsertAction.execute(EntityInsertAction.java:104) ~[hibernate-core-6.4.4.Final.jar:6.4.4.Final]
	at org.hibernate.engine.spi.ActionQueue.executeActions(ActionQueue.java:632) ~[hibernate-core-6.4.4.Final.jar:6.4.4.Final]
	at org.hibernate.engine.spi.ActionQueue.executeActions(ActionQueue.java:499) ~[hibernate-core-6.4.4.Final.jar:6.4.4.Final]
	at org.hibernate.event.internal.AbstractFlushingEventListener.performExecutions(AbstractFlushingEventListener.java:363) ~[hibernate-core-6.4.4.Final.jar:6.4.4.Final]
	at org.hibernate.event.internal.DefaultFlushEventListener.onFlush(DefaultFlushEventListener.java:41) ~[hibernate-core-6.4.4.Final.jar:6.4.4.Final]
	at org.hibernate.event.service.internal.EventListenerGroupImpl.fireEventOnEachListener(EventListenerGroupImpl.java:127) ~[hibernate-core-6.4.4.Final.jar:6.4.4.Final]
	at org.hibernate.internal.SessionImpl.doFlush(SessionImpl.java:1403) ~[hibernate-core-6.4.4.Final.jar:6.4.4.Final]
	at org.hibernate.internal.SessionImpl.managedFlush(SessionImpl.java:484) ~[hibernate-core-6.4.4.Final.jar:6.4.4.Final]
	at org.hibernate.internal.SessionImpl.flushBeforeTransactionCompletion(SessionImpl.java:2319) ~[hibernate-core-6.4.4.Final.jar:6.4.4.Final]
	at org.hibernate.internal.SessionImpl.beforeTransactionCompletion(SessionImpl.java:1976) ~[hibernate-core-6.4.4.Final.jar:6.4.4.Final]
	at org.hibernate.engine.jdbc.internal.JdbcCoordinatorImpl.beforeTransactionCompletion(JdbcCoordinatorImpl.java:439) ~[hibernate-core-6.4.4.Final.jar:6.4.4.Final]
	at org.hibernate.resource.transaction.backend.jdbc.internal.JdbcResourceLocalTransactionCoordinatorImpl.beforeCompletionCallback(JdbcResourceLocalTransactionCoordinatorImpl.java:169) ~[hibernate-core-6.4.4.Final.jar:6.4.4.Final]
	at org.hibernate.resource.transaction.backend.jdbc.internal.JdbcResourceLocalTransactionCoordinatorImpl$TransactionDriverControlImpl.commit(JdbcResourceLocalTransactionCoordinatorImpl.java:267) ~[hibernate-core-6.4.4.Final.jar:6.4.4.Final]
	at org.hibernate.engine.transaction.internal.TransactionImpl.commit(TransactionImpl.java:101) ~[hibernate-core-6.4.4.Final.jar:6.4.4.Final]
	at org.springframework.orm.jpa.JpaTransactionManager.doCommit(JpaTransactionManager.java:562) ~[spring-orm-6.1.6.jar:6.1.6]
	... 156 more
[ERROR] 2026-04-02 16:57:36.892 [http-nio-8095-exec-3] SesEmailService - Failed to send SES HTML email to golepratik862000+1@gmail.com
software.amazon.awssdk.services.ses.model.SesException: User `arn:aws:iam::785823254452:user/TEMP_USER' is not authorized to perform `ses:SendEmail' on resource `arn:aws:ses:ap-south-1:785823254452:identity/golepratik862000@gmail.com' (Service: Ses, Status Code: 403, Request ID: 48ec7be1-6481-4f96-a437-1fdcd599bdb5)
	at software.amazon.awssdk.core.internal.http.CombinedResponseHandler.handleErrorResponse(CombinedResponseHandler.java:125) ~[sdk-core-2.25.26.jar:?]
	at software.amazon.awssdk.core.internal.http.CombinedResponseHandler.handleResponse(CombinedResponseHandler.java:82) ~[sdk-core-2.25.26.jar:?]
	at software.amazon.awssdk.core.internal.http.CombinedResponseHandler.handle(CombinedResponseHandler.java:60) ~[sdk-core-2.25.26.jar:?]
	at software.amazon.awssdk.core.internal.http.CombinedResponseHandler.handle(CombinedResponseHandler.java:41) ~[sdk-core-2.25.26.jar:?]
	at software.amazon.awssdk.core.internal.http.pipeline.stages.HandleResponseStage.execute(HandleResponseStage.java:50) ~[sdk-core-2.25.26.jar:?]
	at software.amazon.awssdk.core.internal.http.pipeline.stages.HandleResponseStage.execute(HandleResponseStage.java:38) ~[sdk-core-2.25.26.jar:?]
	at software.amazon.awssdk.core.internal.http.pipeline.RequestPipelineBuilder$ComposingRequestPipelineStage.execute(RequestPipelineBuilder.java:206) ~[sdk-core-2.25.26.jar:?]
	at software.amazon.awssdk.core.internal.http.pipeline.stages.ApiCallAttemptTimeoutTrackingStage.execute(ApiCallAttemptTimeoutTrackingStage.java:72) ~[sdk-core-2.25.26.jar:?]
	at software.amazon.awssdk.core.internal.http.pipeline.stages.ApiCallAttemptTimeoutTrackingStage.execute(ApiCallAttemptTimeoutTrackingStage.java:42) ~[sdk-core-2.25.26.jar:?]
	at software.amazon.awssdk.core.internal.http.pipeline.stages.TimeoutExceptionHandlingStage.execute(TimeoutExceptionHandlingStage.java:78) ~[sdk-core-2.25.26.jar:?]
	at software.amazon.awssdk.core.internal.http.pipeline.stages.TimeoutExceptionHandlingStage.execute(TimeoutExceptionHandlingStage.java:40) ~[sdk-core-2.25.26.jar:?]
	at software.amazon.awssdk.core.internal.http.pipeline.stages.ApiCallAttemptMetricCollectionStage.execute(ApiCallAttemptMetricCollectionStage.java:55) ~[sdk-core-2.25.26.jar:?]
	at software.amazon.awssdk.core.internal.http.pipeline.stages.ApiCallAttemptMetricCollectionStage.execute(ApiCallAttemptMetricCollectionStage.java:39) ~[sdk-core-2.25.26.jar:?]
	at software.amazon.awssdk.core.internal.http.pipeline.stages.RetryableStage.execute(RetryableStage.java:81) ~[sdk-core-2.25.26.jar:?]
	at software.amazon.awssdk.core.internal.http.pipeline.stages.RetryableStage.execute(RetryableStage.java:36) ~[sdk-core-2.25.26.jar:?]
	at software.amazon.awssdk.core.internal.http.pipeline.RequestPipelineBuilder$ComposingRequestPipelineStage.execute(RequestPipelineBuilder.java:206) ~[sdk-core-2.25.26.jar:?]
	at software.amazon.awssdk.core.internal.http.StreamManagingStage.execute(StreamManagingStage.java:56) ~[sdk-core-2.25.26.jar:?]
	at software.amazon.awssdk.core.internal.http.StreamManagingStage.execute(StreamManagingStage.java:36) ~[sdk-core-2.25.26.jar:?]
	at software.amazon.awssdk.core.internal.http.pipeline.stages.ApiCallTimeoutTrackingStage.executeWithTimer(ApiCallTimeoutTrackingStage.java:80) ~[sdk-core-2.25.26.jar:?]
	at software.amazon.awssdk.core.internal.http.pipeline.stages.ApiCallTimeoutTrackingStage.execute(ApiCallTimeoutTrackingStage.java:60) ~[sdk-core-2.25.26.jar:?]
	at software.amazon.awssdk.core.internal.http.pipeline.stages.ApiCallTimeoutTrackingStage.execute(ApiCallTimeoutTrackingStage.java:42) ~[sdk-core-2.25.26.jar:?]
	at software.amazon.awssdk.core.internal.http.pipeline.stages.ApiCallMetricCollectionStage.execute(ApiCallMetricCollectionStage.java:50) ~[sdk-core-2.25.26.jar:?]
	at software.amazon.awssdk.core.internal.http.pipeline.stages.ApiCallMetricCollectionStage.execute(ApiCallMetricCollectionStage.java:32) ~[sdk-core-2.25.26.jar:?]
	at software.amazon.awssdk.core.internal.http.pipeline.RequestPipelineBuilder$ComposingRequestPipelineStage.execute(RequestPipelineBuilder.java:206) ~[sdk-core-2.25.26.jar:?]
	at software.amazon.awssdk.core.internal.http.pipeline.RequestPipelineBuilder$ComposingRequestPipelineStage.execute(RequestPipelineBuilder.java:206) ~[sdk-core-2.25.26.jar:?]
	at software.amazon.awssdk.core.internal.http.pipeline.stages.ExecutionFailureExceptionReportingStage.execute(ExecutionFailureExceptionReportingStage.java:37) ~[sdk-core-2.25.26.jar:?]
	at software.amazon.awssdk.core.internal.http.pipeline.stages.ExecutionFailureExceptionReportingStage.execute(ExecutionFailureExceptionReportingStage.java:26) ~[sdk-core-2.25.26.jar:?]
	at software.amazon.awssdk.core.internal.http.AmazonSyncHttpClient$RequestExecutionBuilderImpl.execute(AmazonSyncHttpClient.java:224) ~[sdk-core-2.25.26.jar:?]
	at software.amazon.awssdk.core.internal.handler.BaseSyncClientHandler.invoke(BaseSyncClientHandler.java:103) ~[sdk-core-2.25.26.jar:?]
	at software.amazon.awssdk.core.internal.handler.BaseSyncClientHandler.doExecute(BaseSyncClientHandler.java:173) ~[sdk-core-2.25.26.jar:?]
	at software.amazon.awssdk.core.internal.handler.BaseSyncClientHandler.lambda$execute$1(BaseSyncClientHandler.java:80) ~[sdk-core-2.25.26.jar:?]
	at software.amazon.awssdk.core.internal.handler.BaseSyncClientHandler.measureApiCallSuccess(BaseSyncClientHandler.java:182) ~[sdk-core-2.25.26.jar:?]
	at software.amazon.awssdk.core.internal.handler.BaseSyncClientHandler.execute(BaseSyncClientHandler.java:74) ~[sdk-core-2.25.26.jar:?]
	at software.amazon.awssdk.core.client.handler.SdkSyncClientHandler.execute(SdkSyncClientHandler.java:45) ~[sdk-core-2.25.26.jar:?]
	at software.amazon.awssdk.awscore.client.handler.AwsSyncClientHandler.execute(AwsSyncClientHandler.java:53) ~[aws-core-2.25.26.jar:?]
	at software.amazon.awssdk.services.ses.DefaultSesClient.sendEmail(DefaultSesClient.java:3512) ~[ses-2.25.26.jar:?]
	at com.classmanager.cms_backend.service.SesEmailService.sendHtml(SesEmailService.java:69) ~[classes/:?]
	at com.classmanager.cms_backend.service.UserManagementService.sendTeacherWelcomeEmail(UserManagementService.java:483) ~[classes/:?]
	at com.classmanager.cms_backend.service.UserManagementService.createTeacher(UserManagementService.java:169) ~[classes/:?]
	at java.base/jdk.internal.reflect.DirectMethodHandleAccessor.invoke(DirectMethodHandleAccessor.java:103) ~[?:?]
	at java.base/java.lang.reflect.Method.invoke(Method.java:580) ~[?:?]
	at org.springframework.aop.support.AopUtils.invokeJoinpointUsingReflection(AopUtils.java:354) ~[spring-aop-6.1.6.jar:6.1.6]
	at org.springframework.aop.framework.ReflectiveMethodInvocation.invokeJoinpoint(ReflectiveMethodInvocation.java:196) ~[spring-aop-6.1.6.jar:6.1.6]
	at org.springframework.aop.framework.ReflectiveMethodInvocation.proceed(ReflectiveMethodInvocation.java:163) ~[spring-aop-6.1.6.jar:6.1.6]
	at org.springframework.aop.framework.CglibAopProxy$CglibMethodInvocation.proceed(CglibAopProxy.java:768) ~[spring-aop-6.1.6.jar:6.1.6]
	at org.springframework.transaction.interceptor.TransactionInterceptor$1.proceedWithInvocation(TransactionInterceptor.java:123) ~[spring-tx-6.1.6.jar:6.1.6]
	at org.springframework.transaction.interceptor.TransactionAspectSupport.invokeWithinTransaction(TransactionAspectSupport.java:392) ~[spring-tx-6.1.6.jar:6.1.6]
	at org.springframework.transaction.interceptor.TransactionInterceptor.invoke(TransactionInterceptor.java:119) ~[spring-tx-6.1.6.jar:6.1.6]
	at org.springframework.aop.framework.ReflectiveMethodInvocation.proceed(ReflectiveMethodInvocation.java:184) ~[spring-aop-6.1.6.jar:6.1.6]
	at org.springframework.aop.framework.CglibAopProxy$CglibMethodInvocation.proceed(CglibAopProxy.java:768) ~[spring-aop-6.1.6.jar:6.1.6]
	at org.springframework.aop.framework.CglibAopProxy$DynamicAdvisedInterceptor.intercept(CglibAopProxy.java:720) ~[spring-aop-6.1.6.jar:6.1.6]
	at com.classmanager.cms_backend.service.UserManagementService$$SpringCGLIB$$0.createTeacher(<generated>) ~[classes/:?]
	at com.classmanager.cms_backend.controller.UserController.createTeacher(UserController.java:88) ~[classes/:?]
	at java.base/jdk.internal.reflect.DirectMethodHandleAccessor.invoke(DirectMethodHandleAccessor.java:103) ~[?:?]
	at java.base/java.lang.reflect.Method.invoke(Method.java:580) ~[?:?]
	at org.springframework.aop.support.AopUtils.invokeJoinpointUsingReflection(AopUtils.java:354) ~[spring-aop-6.1.6.jar:6.1.6]
	at org.springframework.aop.framework.ReflectiveMethodInvocation.invokeJoinpoint(ReflectiveMethodInvocation.java:196) ~[spring-aop-6.1.6.jar:6.1.6]
	at org.springframework.aop.framework.ReflectiveMethodInvocation.proceed(ReflectiveMethodInvocation.java:163) ~[spring-aop-6.1.6.jar:6.1.6]
	at org.springframework.aop.framework.CglibAopProxy$CglibMethodInvocation.proceed(CglibAopProxy.java:768) ~[spring-aop-6.1.6.jar:6.1.6]
	at org.springframework.security.authorization.method.AuthorizationManagerBeforeMethodInterceptor.invoke(AuthorizationManagerBeforeMethodInterceptor.java:198) ~[spring-security-core-6.2.4.jar:6.2.4]
	at org.springframework.aop.framework.ReflectiveMethodInvocation.proceed(ReflectiveMethodInvocation.java:184) ~[spring-aop-6.1.6.jar:6.1.6]
	at org.springframework.aop.framework.CglibAopProxy$CglibMethodInvocation.proceed(CglibAopProxy.java:768) ~[spring-aop-6.1.6.jar:6.1.6]
	at org.springframework.aop.framework.CglibAopProxy$DynamicAdvisedInterceptor.intercept(CglibAopProxy.java:720) ~[spring-aop-6.1.6.jar:6.1.6]
	at com.classmanager.cms_backend.controller.UserController$$SpringCGLIB$$0.createTeacher(<generated>) ~[classes/:?]
	at java.base/jdk.internal.reflect.DirectMethodHandleAccessor.invoke(DirectMethodHandleAccessor.java:103) ~[?:?]
	at java.base/java.lang.reflect.Method.invoke(Method.java:580) ~[?:?]
	at org.springframework.web.method.support.InvocableHandlerMethod.doInvoke(InvocableHandlerMethod.java:255) ~[spring-web-6.1.6.jar:6.1.6]
	at org.springframework.web.method.support.InvocableHandlerMethod.invokeForRequest(InvocableHandlerMethod.java:188) ~[spring-web-6.1.6.jar:6.1.6]
	at org.springframework.web.servlet.mvc.method.annotation.ServletInvocableHandlerMethod.invokeAndHandle(ServletInvocableHandlerMethod.java:118) ~[spring-webmvc-6.1.6.jar:6.1.6]
	at org.springframework.web.servlet.mvc.method.annotation.RequestMappingHandlerAdapter.invokeHandlerMethod(RequestMappingHandlerAdapter.java:926) ~[spring-webmvc-6.1.6.jar:6.1.6]
	at org.springframework.web.servlet.mvc.method.annotation.RequestMappingHandlerAdapter.handleInternal(RequestMappingHandlerAdapter.java:831) ~[spring-webmvc-6.1.6.jar:6.1.6]
	at org.springframework.web.servlet.mvc.method.AbstractHandlerMethodAdapter.handle(AbstractHandlerMethodAdapter.java:87) ~[spring-webmvc-6.1.6.jar:6.1.6]
	at org.springframework.web.servlet.DispatcherServlet.doDispatch(DispatcherServlet.java:1089) ~[spring-webmvc-6.1.6.jar:6.1.6]
	at org.springframework.web.servlet.DispatcherServlet.doService(DispatcherServlet.java:979) ~[spring-webmvc-6.1.6.jar:6.1.6]
	at org.springframework.web.servlet.FrameworkServlet.processRequest(FrameworkServlet.java:1014) ~[spring-webmvc-6.1.6.jar:6.1.6]
	at org.springframework.web.servlet.FrameworkServlet.doPost(FrameworkServlet.java:914) ~[spring-webmvc-6.1.6.jar:6.1.6]
	at jakarta.servlet.http.HttpServlet.service(HttpServlet.java:590) ~[tomcat-embed-core-10.1.20.jar:6.0]
	at org.springframework.web.servlet.FrameworkServlet.service(FrameworkServlet.java:885) ~[spring-webmvc-6.1.6.jar:6.1.6]
	at jakarta.servlet.http.HttpServlet.service(HttpServlet.java:658) ~[tomcat-embed-core-10.1.20.jar:6.0]
	at org.apache.catalina.core.ApplicationFilterChain.internalDoFilter(ApplicationFilterChain.java:206) ~[tomcat-embed-core-10.1.20.jar:10.1.20]
	at org.apache.catalina.core.ApplicationFilterChain.doFilter(ApplicationFilterChain.java:150) ~[tomcat-embed-core-10.1.20.jar:10.1.20]
	at org.apache.tomcat.websocket.server.WsFilter.doFilter(WsFilter.java:51) ~[tomcat-embed-websocket-10.1.20.jar:10.1.20]
	at org.apache.catalina.core.ApplicationFilterChain.internalDoFilter(ApplicationFilterChain.java:175) ~[tomcat-embed-core-10.1.20.jar:10.1.20]
	at org.apache.catalina.core.ApplicationFilterChain.doFilter(ApplicationFilterChain.java:150) ~[tomcat-embed-core-10.1.20.jar:10.1.20]
	at org.springframework.web.filter.OncePerRequestFilter.doFilter(OncePerRequestFilter.java:110) ~[spring-web-6.1.6.jar:6.1.6]
	at org.apache.catalina.core.ApplicationFilterChain.internalDoFilter(ApplicationFilterChain.java:175) ~[tomcat-embed-core-10.1.20.jar:10.1.20]
	at org.apache.catalina.core.ApplicationFilterChain.doFilter(ApplicationFilterChain.java:150) ~[tomcat-embed-core-10.1.20.jar:10.1.20]
	at org.springframework.web.filter.CompositeFilter$VirtualFilterChain.doFilter(CompositeFilter.java:108) ~[spring-web-6.1.6.jar:6.1.6]
	at org.springframework.security.web.FilterChainProxy.lambda$doFilterInternal$3(FilterChainProxy.java:231) ~[spring-security-web-6.2.4.jar:6.2.4]
	at org.springframework.security.web.ObservationFilterChainDecorator$FilterObservation$SimpleFilterObservation.lambda$wrap$1(ObservationFilterChainDecorator.java:479) ~[spring-security-web-6.2.4.jar:6.2.4]
	at org.springframework.security.web.ObservationFilterChainDecorator$AroundFilterObservation$SimpleAroundFilterObservation.lambda$wrap$1(ObservationFilterChainDecorator.java:340) ~[spring-security-web-6.2.4.jar:6.2.4]
	at org.springframework.security.web.ObservationFilterChainDecorator.lambda$wrapSecured$0(ObservationFilterChainDecorator.java:82) ~[spring-security-web-6.2.4.jar:6.2.4]
	at org.springframework.security.web.ObservationFilterChainDecorator$VirtualFilterChain.doFilter(ObservationFilterChainDecorator.java:128) ~[spring-security-web-6.2.4.jar:6.2.4]
	at org.springframework.security.web.access.intercept.AuthorizationFilter.doFilter(AuthorizationFilter.java:100) ~[spring-security-web-6.2.4.jar:6.2.4]
	at org.springframework.security.web.ObservationFilterChainDecorator$ObservationFilter.wrapFilter(ObservationFilterChainDecorator.java:240) ~[spring-security-web-6.2.4.jar:6.2.4]
	at org.springframework.security.web.ObservationFilterChainDecorator$ObservationFilter.doFilter(ObservationFilterChainDecorator.java:227) ~[spring-security-web-6.2.4.jar:6.2.4]
	at org.springframework.security.web.ObservationFilterChainDecorator$VirtualFilterChain.doFilter(ObservationFilterChainDecorator.java:137) ~[spring-security-web-6.2.4.jar:6.2.4]
	at org.springframework.security.web.access.ExceptionTranslationFilter.doFilter(ExceptionTranslationFilter.java:126) ~[spring-security-web-6.2.4.jar:6.2.4]
	at org.springframework.security.web.access.ExceptionTranslationFilter.doFilter(ExceptionTranslationFilter.java:120) ~[spring-security-web-6.2.4.jar:6.2.4]
	at org.springframework.security.web.ObservationFilterChainDecorator$ObservationFilter.wrapFilter(ObservationFilterChainDecorator.java:240) ~[spring-security-web-6.2.4.jar:6.2.4]
	at org.springframework.security.web.ObservationFilterChainDecorator$ObservationFilter.doFilter(ObservationFilterChainDecorator.java:227) ~[spring-security-web-6.2.4.jar:6.2.4]
	at org.springframework.security.web.ObservationFilterChainDecorator$VirtualFilterChain.doFilter(ObservationFilterChainDecorator.java:137) ~[spring-security-web-6.2.4.jar:6.2.4]
	at org.springframework.security.web.session.SessionManagementFilter.doFilter(SessionManagementFilter.java:131) ~[spring-security-web-6.2.4.jar:6.2.4]
	at org.springframework.security.web.session.SessionManagementFilter.doFilter(SessionManagementFilter.java:85) ~[spring-security-web-6.2.4.jar:6.2.4]
	at org.springframework.security.web.ObservationFilterChainDecorator$ObservationFilter.wrapFilter(ObservationFilterChainDecorator.java:240) ~[spring-security-web-6.2.4.jar:6.2.4]
	at org.springframework.security.web.ObservationFilterChainDecorator$ObservationFilter.doFilter(ObservationFilterChainDecorator.java:227) ~[spring-security-web-6.2.4.jar:6.2.4]
	at org.springframework.security.web.ObservationFilterChainDecorator$VirtualFilterChain.doFilter(ObservationFilterChainDecorator.java:137) ~[spring-security-web-6.2.4.jar:6.2.4]
	at org.springframework.security.web.authentication.AnonymousAuthenticationFilter.doFilter(AnonymousAuthenticationFilter.java:100) ~[spring-security-web-6.2.4.jar:6.2.4]
	at org.springframework.security.web.ObservationFilterChainDecorator$ObservationFilter.wrapFilter(ObservationFilterChainDecorator.java:240) ~[spring-security-web-6.2.4.jar:6.2.4]
	at org.springframework.security.web.ObservationFilterChainDecorator$ObservationFilter.doFilter(ObservationFilterChainDecorator.java:227) ~[spring-security-web-6.2.4.jar:6.2.4]
	at org.springframework.security.web.ObservationFilterChainDecorator$VirtualFilterChain.doFilter(ObservationFilterChainDecorator.java:137) ~[spring-security-web-6.2.4.jar:6.2.4]
	at org.springframework.security.web.servletapi.SecurityContextHolderAwareRequestFilter.doFilter(SecurityContextHolderAwareRequestFilter.java:179) ~[spring-security-web-6.2.4.jar:6.2.4]
	at org.springframework.security.web.ObservationFilterChainDecorator$ObservationFilter.wrapFilter(ObservationFilterChainDecorator.java:240) ~[spring-security-web-6.2.4.jar:6.2.4]
	at org.springframework.security.web.ObservationFilterChainDecorator$ObservationFilter.doFilter(ObservationFilterChainDecorator.java:227) ~[spring-security-web-6.2.4.jar:6.2.4]
	at org.springframework.security.web.ObservationFilterChainDecorator$VirtualFilterChain.doFilter(ObservationFilterChainDecorator.java:137) ~[spring-security-web-6.2.4.jar:6.2.4]
	at org.springframework.security.web.savedrequest.RequestCacheAwareFilter.doFilter(RequestCacheAwareFilter.java:63) ~[spring-security-web-6.2.4.jar:6.2.4]
	at org.springframework.security.web.ObservationFilterChainDecorator$ObservationFilter.wrapFilter(ObservationFilterChainDecorator.java:240) ~[spring-security-web-6.2.4.jar:6.2.4]
	at org.springframework.security.web.ObservationFilterChainDecorator$ObservationFilter.doFilter(ObservationFilterChainDecorator.java:227) ~[spring-security-web-6.2.4.jar:6.2.4]
	at org.springframework.security.web.ObservationFilterChainDecorator$VirtualFilterChain.doFilter(ObservationFilterChainDecorator.java:137) ~[spring-security-web-6.2.4.jar:6.2.4]
	at com.classmanager.cms_backend.security.jwt.JwtAuthenticationFilter.doFilterInternal(JwtAuthenticationFilter.java:47) ~[classes/:?]
	at org.springframework.web.filter.OncePerRequestFilter.doFilter(OncePerRequestFilter.java:116) ~[spring-web-6.1.6.jar:6.1.6]
	at org.springframework.security.web.ObservationFilterChainDecorator$ObservationFilter.wrapFilter(ObservationFilterChainDecorator.java:240) ~[spring-security-web-6.2.4.jar:6.2.4]
	at org.springframework.security.web.ObservationFilterChainDecorator$ObservationFilter.doFilter(ObservationFilterChainDecorator.java:227) ~[spring-security-web-6.2.4.jar:6.2.4]
	at org.springframework.security.web.ObservationFilterChainDecorator$VirtualFilterChain.doFilter(ObservationFilterChainDecorator.java:137) ~[spring-security-web-6.2.4.jar:6.2.4]
	at org.springframework.security.web.authentication.logout.LogoutFilter.doFilter(LogoutFilter.java:107) ~[spring-security-web-6.2.4.jar:6.2.4]
	at org.springframework.security.web.authentication.logout.LogoutFilter.doFilter(LogoutFilter.java:93) ~[spring-security-web-6.2.4.jar:6.2.4]
	at org.springframework.security.web.ObservationFilterChainDecorator$ObservationFilter.wrapFilter(ObservationFilterChainDecorator.java:240) ~[spring-security-web-6.2.4.jar:6.2.4]
	at org.springframework.security.web.ObservationFilterChainDecorator$ObservationFilter.doFilter(ObservationFilterChainDecorator.java:227) ~[spring-security-web-6.2.4.jar:6.2.4]
	at org.springframework.security.web.ObservationFilterChainDecorator$VirtualFilterChain.doFilter(ObservationFilterChainDecorator.java:137) ~[spring-security-web-6.2.4.jar:6.2.4]
	at org.springframework.web.filter.CorsFilter.doFilterInternal(CorsFilter.java:91) ~[spring-web-6.1.6.jar:6.1.6]
	at org.springframework.web.filter.OncePerRequestFilter.doFilter(OncePerRequestFilter.java:116) ~[spring-web-6.1.6.jar:6.1.6]
	at org.springframework.security.web.ObservationFilterChainDecorator$ObservationFilter.wrapFilter(ObservationFilterChainDecorator.java:240) ~[spring-security-web-6.2.4.jar:6.2.4]
	at org.springframework.security.web.ObservationFilterChainDecorator$ObservationFilter.doFilter(ObservationFilterChainDecorator.java:227) ~[spring-security-web-6.2.4.jar:6.2.4]
	at org.springframework.security.web.ObservationFilterChainDecorator$VirtualFilterChain.doFilter(ObservationFilterChainDecorator.java:137) ~[spring-security-web-6.2.4.jar:6.2.4]
	at org.springframework.security.web.header.HeaderWriterFilter.doHeadersAfter(HeaderWriterFilter.java:90) ~[spring-security-web-6.2.4.jar:6.2.4]
	at org.springframework.security.web.header.HeaderWriterFilter.doFilterInternal(HeaderWriterFilter.java:75) ~[spring-security-web-6.2.4.jar:6.2.4]
	at org.springframework.web.filter.OncePerRequestFilter.doFilter(OncePerRequestFilter.java:116) ~[spring-web-6.1.6.jar:6.1.6]
	at org.springframework.security.web.ObservationFilterChainDecorator$ObservationFilter.wrapFilter(ObservationFilterChainDecorator.java:240) ~[spring-security-web-6.2.4.jar:6.2.4]
	at org.springframework.security.web.ObservationFilterChainDecorator$ObservationFilter.doFilter(ObservationFilterChainDecorator.java:227) ~[spring-security-web-6.2.4.jar:6.2.4]
	at org.springframework.security.web.ObservationFilterChainDecorator$VirtualFilterChain.doFilter(ObservationFilterChainDecorator.java:137) ~[spring-security-web-6.2.4.jar:6.2.4]
	at org.springframework.security.web.context.SecurityContextHolderFilter.doFilter(SecurityContextHolderFilter.java:82) ~[spring-security-web-6.2.4.jar:6.2.4]
	at org.springframework.security.web.context.SecurityContextHolderFilter.doFilter(SecurityContextHolderFilter.java:69) ~[spring-security-web-6.2.4.jar:6.2.4]
	at org.springframework.security.web.ObservationFilterChainDecorator$ObservationFilter.wrapFilter(ObservationFilterChainDecorator.java:240) ~[spring-security-web-6.2.4.jar:6.2.4]
	at org.springframework.security.web.ObservationFilterChainDecorator$ObservationFilter.doFilter(ObservationFilterChainDecorator.java:227) ~[spring-security-web-6.2.4.jar:6.2.4]
	at org.springframework.security.web.ObservationFilterChainDecorator$VirtualFilterChain.doFilter(ObservationFilterChainDecorator.java:137) ~[spring-security-web-6.2.4.jar:6.2.4]
	at org.springframework.security.web.context.request.async.WebAsyncManagerIntegrationFilter.doFilterInternal(WebAsyncManagerIntegrationFilter.java:62) ~[spring-security-web-6.2.4.jar:6.2.4]
	at org.springframework.web.filter.OncePerRequestFilter.doFilter(OncePerRequestFilter.java:116) ~[spring-web-6.1.6.jar:6.1.6]
	at org.springframework.security.web.ObservationFilterChainDecorator$ObservationFilter.wrapFilter(ObservationFilterChainDecorator.java:240) ~[spring-security-web-6.2.4.jar:6.2.4]
	at org.springframework.security.web.ObservationFilterChainDecorator$ObservationFilter.doFilter(ObservationFilterChainDecorator.java:227) ~[spring-security-web-6.2.4.jar:6.2.4]
	at org.springframework.security.web.ObservationFilterChainDecorator$VirtualFilterChain.doFilter(ObservationFilterChainDecorator.java:137) ~[spring-security-web-6.2.4.jar:6.2.4]
	at org.springframework.security.web.session.DisableEncodeUrlFilter.doFilterInternal(DisableEncodeUrlFilter.java:42) ~[spring-security-web-6.2.4.jar:6.2.4]
	at org.springframework.web.filter.OncePerRequestFilter.doFilter(OncePerRequestFilter.java:116) ~[spring-web-6.1.6.jar:6.1.6]
	at org.springframework.security.web.ObservationFilterChainDecorator$ObservationFilter.wrapFilter(ObservationFilterChainDecorator.java:240) ~[spring-security-web-6.2.4.jar:6.2.4]
	at org.springframework.security.web.ObservationFilterChainDecorator$AroundFilterObservation$SimpleAroundFilterObservation.lambda$wrap$0(ObservationFilterChainDecorator.java:323) ~[spring-security-web-6.2.4.jar:6.2.4]
	at org.springframework.security.web.ObservationFilterChainDecorator$ObservationFilter.doFilter(ObservationFilterChainDecorator.java:224) ~[spring-security-web-6.2.4.jar:6.2.4]
	at org.springframework.security.web.ObservationFilterChainDecorator$VirtualFilterChain.doFilter(ObservationFilterChainDecorator.java:137) ~[spring-security-web-6.2.4.jar:6.2.4]
	at org.springframework.security.web.FilterChainProxy.doFilterInternal(FilterChainProxy.java:233) ~[spring-security-web-6.2.4.jar:6.2.4]
	at org.springframework.security.web.FilterChainProxy.doFilter(FilterChainProxy.java:191) ~[spring-security-web-6.2.4.jar:6.2.4]
	at org.springframework.web.filter.CompositeFilter$VirtualFilterChain.doFilter(CompositeFilter.java:113) ~[spring-web-6.1.6.jar:6.1.6]
	at org.springframework.web.servlet.handler.HandlerMappingIntrospector.lambda$createCacheFilter$3(HandlerMappingIntrospector.java:195) ~[spring-webmvc-6.1.6.jar:6.1.6]
	at org.springframework.web.filter.CompositeFilter$VirtualFilterChain.doFilter(CompositeFilter.java:113) ~[spring-web-6.1.6.jar:6.1.6]
	at org.springframework.web.filter.CompositeFilter.doFilter(CompositeFilter.java:74) ~[spring-web-6.1.6.jar:6.1.6]
	at org.springframework.security.config.annotation.web.configuration.WebMvcSecurityConfiguration$CompositeFilterChainProxy.doFilter(WebMvcSecurityConfiguration.java:230) ~[spring-security-config-6.2.4.jar:6.2.4]
	at org.springframework.web.filter.DelegatingFilterProxy.invokeDelegate(DelegatingFilterProxy.java:352) ~[spring-web-6.1.6.jar:6.1.6]
	at org.springframework.web.filter.DelegatingFilterProxy.doFilter(DelegatingFilterProxy.java:268) ~[spring-web-6.1.6.jar:6.1.6]
	at org.apache.catalina.core.ApplicationFilterChain.internalDoFilter(ApplicationFilterChain.java:175) ~[tomcat-embed-core-10.1.20.jar:10.1.20]
	at org.apache.catalina.core.ApplicationFilterChain.doFilter(ApplicationFilterChain.java:150) ~[tomcat-embed-core-10.1.20.jar:10.1.20]
	at org.springframework.web.filter.RequestContextFilter.doFilterInternal(RequestContextFilter.java:100) ~[spring-web-6.1.6.jar:6.1.6]
	at org.springframework.web.filter.OncePerRequestFilter.doFilter(OncePerRequestFilter.java:116) ~[spring-web-6.1.6.jar:6.1.6]
	at org.apache.catalina.core.ApplicationFilterChain.internalDoFilter(ApplicationFilterChain.java:175) ~[tomcat-embed-core-10.1.20.jar:10.1.20]
	at org.apache.catalina.core.ApplicationFilterChain.doFilter(ApplicationFilterChain.java:150) ~[tomcat-embed-core-10.1.20.jar:10.1.20]
	at org.springframework.web.filter.FormContentFilter.doFilterInternal(FormContentFilter.java:93) ~[spring-web-6.1.6.jar:6.1.6]
	at org.springframework.web.filter.OncePerRequestFilter.doFilter(OncePerRequestFilter.java:116) ~[spring-web-6.1.6.jar:6.1.6]
	at org.apache.catalina.core.ApplicationFilterChain.internalDoFilter(ApplicationFilterChain.java:175) ~[tomcat-embed-core-10.1.20.jar:10.1.20]
	at org.apache.catalina.core.ApplicationFilterChain.doFilter(ApplicationFilterChain.java:150) ~[tomcat-embed-core-10.1.20.jar:10.1.20]
	at org.springframework.web.filter.ServerHttpObservationFilter.doFilterInternal(ServerHttpObservationFilter.java:109) ~[spring-web-6.1.6.jar:6.1.6]
	at org.springframework.web.filter.OncePerRequestFilter.doFilter(OncePerRequestFilter.java:116) ~[spring-web-6.1.6.jar:6.1.6]
	at org.apache.catalina.core.ApplicationFilterChain.internalDoFilter(ApplicationFilterChain.java:175) ~[tomcat-embed-core-10.1.20.jar:10.1.20]
	at org.apache.catalina.core.ApplicationFilterChain.doFilter(ApplicationFilterChain.java:150) ~[tomcat-embed-core-10.1.20.jar:10.1.20]
	at org.springframework.web.filter.CharacterEncodingFilter.doFilterInternal(CharacterEncodingFilter.java:201) ~[spring-web-6.1.6.jar:6.1.6]
	at org.springframework.web.filter.OncePerRequestFilter.doFilter(OncePerRequestFilter.java:116) ~[spring-web-6.1.6.jar:6.1.6]
	at org.apache.catalina.core.ApplicationFilterChain.internalDoFilter(ApplicationFilterChain.java:175) ~[tomcat-embed-core-10.1.20.jar:10.1.20]
	at org.apache.catalina.core.ApplicationFilterChain.doFilter(ApplicationFilterChain.java:150) ~[tomcat-embed-core-10.1.20.jar:10.1.20]
	at org.apache.catalina.core.StandardWrapperValve.invoke(StandardWrapperValve.java:167) ~[tomcat-embed-core-10.1.20.jar:10.1.20]
	at org.apache.catalina.core.StandardContextValve.invoke(StandardContextValve.java:90) ~[tomcat-embed-core-10.1.20.jar:10.1.20]
	at org.apache.catalina.authenticator.AuthenticatorBase.invoke(AuthenticatorBase.java:482) ~[tomcat-embed-core-10.1.20.jar:10.1.20]
	at org.apache.catalina.core.StandardHostValve.invoke(StandardHostValve.java:115) ~[tomcat-embed-core-10.1.20.jar:10.1.20]
	at org.apache.catalina.valves.ErrorReportValve.invoke(ErrorReportValve.java:93) ~[tomcat-embed-core-10.1.20.jar:10.1.20]
	at org.apache.catalina.core.StandardEngineValve.invoke(StandardEngineValve.java:74) ~[tomcat-embed-core-10.1.20.jar:10.1.20]
	at org.apache.catalina.connector.CoyoteAdapter.service(CoyoteAdapter.java:344) ~[tomcat-embed-core-10.1.20.jar:10.1.20]
	at org.apache.coyote.http11.Http11Processor.service(Http11Processor.java:391) ~[tomcat-embed-core-10.1.20.jar:10.1.20]
	at org.apache.coyote.AbstractProcessorLight.process(AbstractProcessorLight.java:63) ~[tomcat-embed-core-10.1.20.jar:10.1.20]
	at org.apache.coyote.AbstractProtocol$ConnectionHandler.process(AbstractProtocol.java:896) ~[tomcat-embed-core-10.1.20.jar:10.1.20]
	at org.apache.tomcat.util.net.NioEndpoint$SocketProcessor.doRun(NioEndpoint.java:1736) ~[tomcat-embed-core-10.1.20.jar:10.1.20]
	at org.apache.tomcat.util.net.SocketProcessorBase.run(SocketProcessorBase.java:52) ~[tomcat-embed-core-10.1.20.jar:10.1.20]
	at org.apache.tomcat.util.threads.ThreadPoolExecutor.runWorker(ThreadPoolExecutor.java:1191) ~[tomcat-embed-core-10.1.20.jar:10.1.20]
	at org.apache.tomcat.util.threads.ThreadPoolExecutor$Worker.run(ThreadPoolExecutor.java:659) ~[tomcat-embed-core-10.1.20.jar:10.1.20]
	at org.apache.tomcat.util.threads.TaskThread$WrappingRunnable.run(TaskThread.java:63) ~[tomcat-embed-core-10.1.20.jar:10.1.20]
	at java.base/java.lang.Thread.run(Thread.java:1583) [?:?]
[ERROR] 2026-04-02 16:57:36.937 [http-nio-8095-exec-3] batch - HHH100501: Exception executing batch [java.sql.BatchUpdateException: Batch entry 0 insert into users (branch_id,created_at,email,failed_login_attempts,fcm_token,full_name,is_active,is_deleted,last_login_at,locked_until,password_hash,password_reset_expires_at,password_reset_token,phone,tenant_id,updated_at,id) values (('b487b4b2-a5d5-40c4-a092-997affc802cf'::uuid),('2026-04-02 16:57:36.919546+05:30'),('golepratik862000+1@gmail.com'),('0'::int4),(NULL),('Rohit Sharma'),('TRUE'::boolean),('FALSE'::boolean),(NULL),(NULL),('$2a$12$V0hRMziCQo9tyw1d1h5jHeOMSwOKqZCavdD7y2mea12qbGLZq3Gq.'),(NULL),(NULL),('9876543211'),('11054d8e-2aa8-445f-a876-9eac82a8bf5e'::uuid),('2026-04-02 16:57:36.919546+05:30'),('bff06599-b34f-46ea-82f5-2b0a4b403798'::uuid)) was aborted: ERROR: null value in column "role" of relation "users" violates not-null constraint
  Detail: Failing row contains (bff06599-b34f-46ea-82f5-2b0a4b403798, 2026-04-02 16:57:36.919546, f, 11054d8e-2aa8-445f-a876-9eac82a8bf5e, 2026-04-02 16:57:36.919546, golepratik862000+1@gmail.com, 0, null, Rohit Sharma, t, null, null, $2a$12$V0hRMziCQo9tyw1d1h5jHeOMSwOKqZCavdD7y2mea12qbGLZq3Gq., null, null, 9876543211, null, b487b4b2-a5d5-40c4-a092-997affc802cf).  Call getNextException to see other errors in the batch.], SQL: insert into users (branch_id,created_at,email,failed_login_attempts,fcm_token,full_name,is_active,is_deleted,last_login_at,locked_until,password_hash,password_reset_expires_at,password_reset_token,phone,tenant_id,updated_at,id) values (?,?,?,?,?,?,?,?,?,?,?,?,?,?,?,?,?)
[ERROR] 2026-04-02 16:57:36.940 [http-nio-8095-exec-3] SqlExceptionHelper - Batch entry 0 insert into users (branch_id,created_at,email,failed_login_attempts,fcm_token,full_name,is_active,is_deleted,last_login_at,locked_until,password_hash,password_reset_expires_at,password_reset_token,phone,tenant_id,updated_at,id) values (('b487b4b2-a5d5-40c4-a092-997affc802cf'::uuid),('2026-04-02 16:57:36.919546+05:30'),('golepratik862000+1@gmail.com'),('0'::int4),(NULL),('Rohit Sharma'),('TRUE'::boolean),('FALSE'::boolean),(NULL),(NULL),('$2a$12$V0hRMziCQo9tyw1d1h5jHeOMSwOKqZCavdD7y2mea12qbGLZq3Gq.'),(NULL),(NULL),('9876543211'),('11054d8e-2aa8-445f-a876-9eac82a8bf5e'::uuid),('2026-04-02 16:57:36.919546+05:30'),('bff06599-b34f-46ea-82f5-2b0a4b403798'::uuid)) was aborted: ERROR: null value in column "role" of relation "users" violates not-null constraint
  Detail: Failing row contains (bff06599-b34f-46ea-82f5-2b0a4b403798, 2026-04-02 16:57:36.919546, f, 11054d8e-2aa8-445f-a876-9eac82a8bf5e, 2026-04-02 16:57:36.919546, golepratik862000+1@gmail.com, 0, null, Rohit Sharma, t, null, null, $2a$12$V0hRMziCQo9tyw1d1h5jHeOMSwOKqZCavdD7y2mea12qbGLZq3Gq., null, null, 9876543211, null, b487b4b2-a5d5-40c4-a092-997affc802cf).  Call getNextException to see other errors in the batch.
[ERROR] 2026-04-02 16:57:36.940 [http-nio-8095-exec-3] SqlExceptionHelper - ERROR: null value in column "role" of relation "users" violates not-null constraint
  Detail: Failing row contains (bff06599-b34f-46ea-82f5-2b0a4b403798, 2026-04-02 16:57:36.919546, f, 11054d8e-2aa8-445f-a876-9eac82a8bf5e, 2026-04-02 16:57:36.919546, golepratik862000+1@gmail.com, 0, null, Rohit Sharma, t, null, null, $2a$12$V0hRMziCQo9tyw1d1h5jHeOMSwOKqZCavdD7y2mea12qbGLZq3Gq., null, null, 9876543211, null, b487b4b2-a5d5-40c4-a092-997affc802cf).
[ERROR] 2026-04-02 16:57:36.956 [http-nio-8095-exec-3] GlobalExceptionHandler - Unexpected error: could not execute batch [Batch entry 0 insert into users (branch_id,created_at,email,failed_login_attempts,fcm_token,full_name,is_active,is_deleted,last_login_at,locked_until,password_hash,password_reset_expires_at,password_reset_token,phone,tenant_id,updated_at,id) values (('b487b4b2-a5d5-40c4-a092-997affc802cf'::uuid),('2026-04-02 16:57:36.919546+05:30'),('golepratik862000+1@gmail.com'),('0'::int4),(NULL),('Rohit Sharma'),('TRUE'::boolean),('FALSE'::boolean),(NULL),(NULL),('$2a$12$V0hRMziCQo9tyw1d1h5jHeOMSwOKqZCavdD7y2mea12qbGLZq3Gq.'),(NULL),(NULL),('9876543211'),('11054d8e-2aa8-445f-a876-9eac82a8bf5e'::uuid),('2026-04-02 16:57:36.919546+05:30'),('bff06599-b34f-46ea-82f5-2b0a4b403798'::uuid)) was aborted: ERROR: null value in column "role" of relation "users" violates not-null constraint
  Detail: Failing row contains (bff06599-b34f-46ea-82f5-2b0a4b403798, 2026-04-02 16:57:36.919546, f, 11054d8e-2aa8-445f-a876-9eac82a8bf5e, 2026-04-02 16:57:36.919546, golepratik862000+1@gmail.com, 0, null, Rohit Sharma, t, null, null, $2a$12$V0hRMziCQo9tyw1d1h5jHeOMSwOKqZCavdD7y2mea12qbGLZq3Gq., null, null, 9876543211, null, b487b4b2-a5d5-40c4-a092-997affc802cf).  Call getNextException to see other errors in the batch.] [insert into users (branch_id,created_at,email,failed_login_attempts,fcm_token,full_name,is_active,is_deleted,last_login_at,locked_until,password_hash,password_reset_expires_at,password_reset_token,phone,tenant_id,updated_at,id) values (?,?,?,?,?,?,?,?,?,?,?,?,?,?,?,?,?)]; SQL [insert into users (branch_id,created_at,email,failed_login_attempts,fcm_token,full_name,is_active,is_deleted,last_login_at,locked_until,password_hash,password_reset_expires_at,password_reset_token,phone,tenant_id,updated_at,id) values (?,?,?,?,?,?,?,?,?,?,?,?,?,?,?,?,?)]; constraint [role" of relation "users]
org.springframework.dao.DataIntegrityViolationException: could not execute batch [Batch entry 0 insert into users (branch_id,created_at,email,failed_login_attempts,fcm_token,full_name,is_active,is_deleted,last_login_at,locked_until,password_hash,password_reset_expires_at,password_reset_token,phone,tenant_id,updated_at,id) values (('b487b4b2-a5d5-40c4-a092-997affc802cf'::uuid),('2026-04-02 16:57:36.919546+05:30'),('golepratik862000+1@gmail.com'),('0'::int4),(NULL),('Rohit Sharma'),('TRUE'::boolean),('FALSE'::boolean),(NULL),(NULL),('$2a$12$V0hRMziCQo9tyw1d1h5jHeOMSwOKqZCavdD7y2mea12qbGLZq3Gq.'),(NULL),(NULL),('9876543211'),('11054d8e-2aa8-445f-a876-9eac82a8bf5e'::uuid),('2026-04-02 16:57:36.919546+05:30'),('bff06599-b34f-46ea-82f5-2b0a4b403798'::uuid)) was aborted: ERROR: null value in column "role" of relation "users" violates not-null constraint
  Detail: Failing row contains (bff06599-b34f-46ea-82f5-2b0a4b403798, 2026-04-02 16:57:36.919546, f, 11054d8e-2aa8-445f-a876-9eac82a8bf5e, 2026-04-02 16:57:36.919546, golepratik862000+1@gmail.com, 0, null, Rohit Sharma, t, null, null, $2a$12$V0hRMziCQo9tyw1d1h5jHeOMSwOKqZCavdD7y2mea12qbGLZq3Gq., null, null, 9876543211, null, b487b4b2-a5d5-40c4-a092-997affc802cf).  Call getNextException to see other errors in the batch.] [insert into users (branch_id,created_at,email,failed_login_attempts,fcm_token,full_name,is_active,is_deleted,last_login_at,locked_until,password_hash,password_reset_expires_at,password_reset_token,phone,tenant_id,updated_at,id) values (?,?,?,?,?,?,?,?,?,?,?,?,?,?,?,?,?)]; SQL [insert into users (branch_id,created_at,email,failed_login_attempts,fcm_token,full_name,is_active,is_deleted,last_login_at,locked_until,password_hash,password_reset_expires_at,password_reset_token,phone,tenant_id,updated_at,id) values (?,?,?,?,?,?,?,?,?,?,?,?,?,?,?,?,?)]; constraint [role" of relation "users]
	at org.springframework.orm.jpa.vendor.HibernateJpaDialect.convertHibernateAccessException(HibernateJpaDialect.java:290) ~[spring-orm-6.1.6.jar:6.1.6]
	at org.springframework.orm.jpa.vendor.HibernateJpaDialect.translateExceptionIfPossible(HibernateJpaDialect.java:241) ~[spring-orm-6.1.6.jar:6.1.6]
	at org.springframework.orm.jpa.JpaTransactionManager.doCommit(JpaTransactionManager.java:566) ~[spring-orm-6.1.6.jar:6.1.6]
	at org.springframework.transaction.support.AbstractPlatformTransactionManager.processCommit(AbstractPlatformTransactionManager.java:794) ~[spring-tx-6.1.6.jar:6.1.6]
	at org.springframework.transaction.support.AbstractPlatformTransactionManager.commit(AbstractPlatformTransactionManager.java:757) ~[spring-tx-6.1.6.jar:6.1.6]
	at org.springframework.transaction.interceptor.TransactionAspectSupport.commitTransactionAfterReturning(TransactionAspectSupport.java:676) ~[spring-tx-6.1.6.jar:6.1.6]
	at org.springframework.transaction.interceptor.TransactionAspectSupport.invokeWithinTransaction(TransactionAspectSupport.java:426) ~[spring-tx-6.1.6.jar:6.1.6]
	at org.springframework.transaction.interceptor.TransactionInterceptor.invoke(TransactionInterceptor.java:119) ~[spring-tx-6.1.6.jar:6.1.6]
	at org.springframework.aop.framework.ReflectiveMethodInvocation.proceed(ReflectiveMethodInvocation.java:184) ~[spring-aop-6.1.6.jar:6.1.6]
	at org.springframework.aop.framework.CglibAopProxy$CglibMethodInvocation.proceed(CglibAopProxy.java:768) ~[spring-aop-6.1.6.jar:6.1.6]
	at org.springframework.aop.framework.CglibAopProxy$DynamicAdvisedInterceptor.intercept(CglibAopProxy.java:720) ~[spring-aop-6.1.6.jar:6.1.6]
	at com.classmanager.cms_backend.service.UserManagementService$$SpringCGLIB$$0.createTeacher(<generated>) ~[classes/:?]
	at com.classmanager.cms_backend.controller.UserController.createTeacher(UserController.java:88) ~[classes/:?]
	at java.base/jdk.internal.reflect.DirectMethodHandleAccessor.invoke(DirectMethodHandleAccessor.java:103) ~[?:?]
	at java.base/java.lang.reflect.Method.invoke(Method.java:580) ~[?:?]
	at org.springframework.aop.support.AopUtils.invokeJoinpointUsingReflection(AopUtils.java:354) ~[spring-aop-6.1.6.jar:6.1.6]
	at org.springframework.aop.framework.ReflectiveMethodInvocation.invokeJoinpoint(ReflectiveMethodInvocation.java:196) ~[spring-aop-6.1.6.jar:6.1.6]
	at org.springframework.aop.framework.ReflectiveMethodInvocation.proceed(ReflectiveMethodInvocation.java:163) ~[spring-aop-6.1.6.jar:6.1.6]
	at org.springframework.aop.framework.CglibAopProxy$CglibMethodInvocation.proceed(CglibAopProxy.java:768) ~[spring-aop-6.1.6.jar:6.1.6]
	at org.springframework.security.authorization.method.AuthorizationManagerBeforeMethodInterceptor.invoke(AuthorizationManagerBeforeMethodInterceptor.java:198) ~[spring-security-core-6.2.4.jar:6.2.4]
	at org.springframework.aop.framework.ReflectiveMethodInvocation.proceed(ReflectiveMethodInvocation.java:184) ~[spring-aop-6.1.6.jar:6.1.6]
	at org.springframework.aop.framework.CglibAopProxy$CglibMethodInvocation.proceed(CglibAopProxy.java:768) ~[spring-aop-6.1.6.jar:6.1.6]
	at org.springframework.aop.framework.CglibAopProxy$DynamicAdvisedInterceptor.intercept(CglibAopProxy.java:720) ~[spring-aop-6.1.6.jar:6.1.6]
	at com.classmanager.cms_backend.controller.UserController$$SpringCGLIB$$0.createTeacher(<generated>) ~[classes/:?]
	at java.base/jdk.internal.reflect.DirectMethodHandleAccessor.invoke(DirectMethodHandleAccessor.java:103) ~[?:?]
	at java.base/java.lang.reflect.Method.invoke(Method.java:580) ~[?:?]
	at org.springframework.web.method.support.InvocableHandlerMethod.doInvoke(InvocableHandlerMethod.java:255) ~[spring-web-6.1.6.jar:6.1.6]
	at org.springframework.web.method.support.InvocableHandlerMethod.invokeForRequest(InvocableHandlerMethod.java:188) ~[spring-web-6.1.6.jar:6.1.6]
	at org.springframework.web.servlet.mvc.method.annotation.ServletInvocableHandlerMethod.invokeAndHandle(ServletInvocableHandlerMethod.java:118) ~[spring-webmvc-6.1.6.jar:6.1.6]
	at org.springframework.web.servlet.mvc.method.annotation.RequestMappingHandlerAdapter.invokeHandlerMethod(RequestMappingHandlerAdapter.java:926) ~[spring-webmvc-6.1.6.jar:6.1.6]
	at org.springframework.web.servlet.mvc.method.annotation.RequestMappingHandlerAdapter.handleInternal(RequestMappingHandlerAdapter.java:831) ~[spring-webmvc-6.1.6.jar:6.1.6]
	at org.springframework.web.servlet.mvc.method.AbstractHandlerMethodAdapter.handle(AbstractHandlerMethodAdapter.java:87) ~[spring-webmvc-6.1.6.jar:6.1.6]
	at org.springframework.web.servlet.DispatcherServlet.doDispatch(DispatcherServlet.java:1089) ~[spring-webmvc-6.1.6.jar:6.1.6]
	at org.springframework.web.servlet.DispatcherServlet.doService(DispatcherServlet.java:979) ~[spring-webmvc-6.1.6.jar:6.1.6]
	at org.springframework.web.servlet.FrameworkServlet.processRequest(FrameworkServlet.java:1014) ~[spring-webmvc-6.1.6.jar:6.1.6]
	at org.springframework.web.servlet.FrameworkServlet.doPost(FrameworkServlet.java:914) ~[spring-webmvc-6.1.6.jar:6.1.6]
	at jakarta.servlet.http.HttpServlet.service(HttpServlet.java:590) ~[tomcat-embed-core-10.1.20.jar:6.0]
	at org.springframework.web.servlet.FrameworkServlet.service(FrameworkServlet.java:885) ~[spring-webmvc-6.1.6.jar:6.1.6]
	at jakarta.servlet.http.HttpServlet.service(HttpServlet.java:658) ~[tomcat-embed-core-10.1.20.jar:6.0]
	at org.apache.catalina.core.ApplicationFilterChain.internalDoFilter(ApplicationFilterChain.java:206) ~[tomcat-embed-core-10.1.20.jar:10.1.20]
	at org.apache.catalina.core.ApplicationFilterChain.doFilter(ApplicationFilterChain.java:150) ~[tomcat-embed-core-10.1.20.jar:10.1.20]
	at org.apache.tomcat.websocket.server.WsFilter.doFilter(WsFilter.java:51) ~[tomcat-embed-websocket-10.1.20.jar:10.1.20]
	at org.apache.catalina.core.ApplicationFilterChain.internalDoFilter(ApplicationFilterChain.java:175) ~[tomcat-embed-core-10.1.20.jar:10.1.20]
	at org.apache.catalina.core.ApplicationFilterChain.doFilter(ApplicationFilterChain.java:150) ~[tomcat-embed-core-10.1.20.jar:10.1.20]
	at org.springframework.web.filter.OncePerRequestFilter.doFilter(OncePerRequestFilter.java:110) ~[spring-web-6.1.6.jar:6.1.6]
	at org.apache.catalina.core.ApplicationFilterChain.internalDoFilter(ApplicationFilterChain.java:175) ~[tomcat-embed-core-10.1.20.jar:10.1.20]
	at org.apache.catalina.core.ApplicationFilterChain.doFilter(ApplicationFilterChain.java:150) ~[tomcat-embed-core-10.1.20.jar:10.1.20]
	at org.springframework.web.filter.CompositeFilter$VirtualFilterChain.doFilter(CompositeFilter.java:108) ~[spring-web-6.1.6.jar:6.1.6]
	at org.springframework.security.web.FilterChainProxy.lambda$doFilterInternal$3(FilterChainProxy.java:231) ~[spring-security-web-6.2.4.jar:6.2.4]
	at org.springframework.security.web.ObservationFilterChainDecorator$FilterObservation$SimpleFilterObservation.lambda$wrap$1(ObservationFilterChainDecorator.java:479) ~[spring-security-web-6.2.4.jar:6.2.4]
	at org.springframework.security.web.ObservationFilterChainDecorator$AroundFilterObservation$SimpleAroundFilterObservation.lambda$wrap$1(ObservationFilterChainDecorator.java:340) ~[spring-security-web-6.2.4.jar:6.2.4]
	at org.springframework.security.web.ObservationFilterChainDecorator.lambda$wrapSecured$0(ObservationFilterChainDecorator.java:82) ~[spring-security-web-6.2.4.jar:6.2.4]
	at org.springframework.security.web.ObservationFilterChainDecorator$VirtualFilterChain.doFilter(ObservationFilterChainDecorator.java:128) ~[spring-security-web-6.2.4.jar:6.2.4]
	at org.springframework.security.web.access.intercept.AuthorizationFilter.doFilter(AuthorizationFilter.java:100) ~[spring-security-web-6.2.4.jar:6.2.4]
	at org.springframework.security.web.ObservationFilterChainDecorator$ObservationFilter.wrapFilter(ObservationFilterChainDecorator.java:240) ~[spring-security-web-6.2.4.jar:6.2.4]
	at org.springframework.security.web.ObservationFilterChainDecorator$ObservationFilter.doFilter(ObservationFilterChainDecorator.java:227) ~[spring-security-web-6.2.4.jar:6.2.4]
	at org.springframework.security.web.ObservationFilterChainDecorator$VirtualFilterChain.doFilter(ObservationFilterChainDecorator.java:137) ~[spring-security-web-6.2.4.jar:6.2.4]
	at org.springframework.security.web.access.ExceptionTranslationFilter.doFilter(ExceptionTranslationFilter.java:126) ~[spring-security-web-6.2.4.jar:6.2.4]
	at org.springframework.security.web.access.ExceptionTranslationFilter.doFilter(ExceptionTranslationFilter.java:120) ~[spring-security-web-6.2.4.jar:6.2.4]
	at org.springframework.security.web.ObservationFilterChainDecorator$ObservationFilter.wrapFilter(ObservationFilterChainDecorator.java:240) ~[spring-security-web-6.2.4.jar:6.2.4]
	at org.springframework.security.web.ObservationFilterChainDecorator$ObservationFilter.doFilter(ObservationFilterChainDecorator.java:227) ~[spring-security-web-6.2.4.jar:6.2.4]
	at org.springframework.security.web.ObservationFilterChainDecorator$VirtualFilterChain.doFilter(ObservationFilterChainDecorator.java:137) ~[spring-security-web-6.2.4.jar:6.2.4]
	at org.springframework.security.web.session.SessionManagementFilter.doFilter(SessionManagementFilter.java:131) ~[spring-security-web-6.2.4.jar:6.2.4]
	at org.springframework.security.web.session.SessionManagementFilter.doFilter(SessionManagementFilter.java:85) ~[spring-security-web-6.2.4.jar:6.2.4]
	at org.springframework.security.web.ObservationFilterChainDecorator$ObservationFilter.wrapFilter(ObservationFilterChainDecorator.java:240) ~[spring-security-web-6.2.4.jar:6.2.4]
	at org.springframework.security.web.ObservationFilterChainDecorator$ObservationFilter.doFilter(ObservationFilterChainDecorator.java:227) ~[spring-security-web-6.2.4.jar:6.2.4]
	at org.springframework.security.web.ObservationFilterChainDecorator$VirtualFilterChain.doFilter(ObservationFilterChainDecorator.java:137) ~[spring-security-web-6.2.4.jar:6.2.4]
	at org.springframework.security.web.authentication.AnonymousAuthenticationFilter.doFilter(AnonymousAuthenticationFilter.java:100) ~[spring-security-web-6.2.4.jar:6.2.4]
	at org.springframework.security.web.ObservationFilterChainDecorator$ObservationFilter.wrapFilter(ObservationFilterChainDecorator.java:240) ~[spring-security-web-6.2.4.jar:6.2.4]
	at org.springframework.security.web.ObservationFilterChainDecorator$ObservationFilter.doFilter(ObservationFilterChainDecorator.java:227) ~[spring-security-web-6.2.4.jar:6.2.4]
	at org.springframework.security.web.ObservationFilterChainDecorator$VirtualFilterChain.doFilter(ObservationFilterChainDecorator.java:137) ~[spring-security-web-6.2.4.jar:6.2.4]
	at org.springframework.security.web.servletapi.SecurityContextHolderAwareRequestFilter.doFilter(SecurityContextHolderAwareRequestFilter.java:179) ~[spring-security-web-6.2.4.jar:6.2.4]
	at org.springframework.security.web.ObservationFilterChainDecorator$ObservationFilter.wrapFilter(ObservationFilterChainDecorator.java:240) ~[spring-security-web-6.2.4.jar:6.2.4]
	at org.springframework.security.web.ObservationFilterChainDecorator$ObservationFilter.doFilter(ObservationFilterChainDecorator.java:227) ~[spring-security-web-6.2.4.jar:6.2.4]
	at org.springframework.security.web.ObservationFilterChainDecorator$VirtualFilterChain.doFilter(ObservationFilterChainDecorator.java:137) ~[spring-security-web-6.2.4.jar:6.2.4]
	at org.springframework.security.web.savedrequest.RequestCacheAwareFilter.doFilter(RequestCacheAwareFilter.java:63) ~[spring-security-web-6.2.4.jar:6.2.4]
	at org.springframework.security.web.ObservationFilterChainDecorator$ObservationFilter.wrapFilter(ObservationFilterChainDecorator.java:240) ~[spring-security-web-6.2.4.jar:6.2.4]
	at org.springframework.security.web.ObservationFilterChainDecorator$ObservationFilter.doFilter(ObservationFilterChainDecorator.java:227) ~[spring-security-web-6.2.4.jar:6.2.4]
	at org.springframework.security.web.ObservationFilterChainDecorator$VirtualFilterChain.doFilter(ObservationFilterChainDecorator.java:137) ~[spring-security-web-6.2.4.jar:6.2.4]
	at com.classmanager.cms_backend.security.jwt.JwtAuthenticationFilter.doFilterInternal(JwtAuthenticationFilter.java:47) ~[classes/:?]
	at org.springframework.web.filter.OncePerRequestFilter.doFilter(OncePerRequestFilter.java:116) ~[spring-web-6.1.6.jar:6.1.6]
	at org.springframework.security.web.ObservationFilterChainDecorator$ObservationFilter.wrapFilter(ObservationFilterChainDecorator.java:240) ~[spring-security-web-6.2.4.jar:6.2.4]
	at org.springframework.security.web.ObservationFilterChainDecorator$ObservationFilter.doFilter(ObservationFilterChainDecorator.java:227) ~[spring-security-web-6.2.4.jar:6.2.4]
	at org.springframework.security.web.ObservationFilterChainDecorator$VirtualFilterChain.doFilter(ObservationFilterChainDecorator.java:137) ~[spring-security-web-6.2.4.jar:6.2.4]
	at org.springframework.security.web.authentication.logout.LogoutFilter.doFilter(LogoutFilter.java:107) ~[spring-security-web-6.2.4.jar:6.2.4]
	at org.springframework.security.web.authentication.logout.LogoutFilter.doFilter(LogoutFilter.java:93) ~[spring-security-web-6.2.4.jar:6.2.4]
	at org.springframework.security.web.ObservationFilterChainDecorator$ObservationFilter.wrapFilter(ObservationFilterChainDecorator.java:240) ~[spring-security-web-6.2.4.jar:6.2.4]
	at org.springframework.security.web.ObservationFilterChainDecorator$ObservationFilter.doFilter(ObservationFilterChainDecorator.java:227) ~[spring-security-web-6.2.4.jar:6.2.4]
	at org.springframework.security.web.ObservationFilterChainDecorator$VirtualFilterChain.doFilter(ObservationFilterChainDecorator.java:137) ~[spring-security-web-6.2.4.jar:6.2.4]
	at org.springframework.web.filter.CorsFilter.doFilterInternal(CorsFilter.java:91) ~[spring-web-6.1.6.jar:6.1.6]
	at org.springframework.web.filter.OncePerRequestFilter.doFilter(OncePerRequestFilter.java:116) ~[spring-web-6.1.6.jar:6.1.6]
	at org.springframework.security.web.ObservationFilterChainDecorator$ObservationFilter.wrapFilter(ObservationFilterChainDecorator.java:240) ~[spring-security-web-6.2.4.jar:6.2.4]
	at org.springframework.security.web.ObservationFilterChainDecorator$ObservationFilter.doFilter(ObservationFilterChainDecorator.java:227) ~[spring-security-web-6.2.4.jar:6.2.4]
	at org.springframework.security.web.ObservationFilterChainDecorator$VirtualFilterChain.doFilter(ObservationFilterChainDecorator.java:137) ~[spring-security-web-6.2.4.jar:6.2.4]
	at org.springframework.security.web.header.HeaderWriterFilter.doHeadersAfter(HeaderWriterFilter.java:90) ~[spring-security-web-6.2.4.jar:6.2.4]
	at org.springframework.security.web.header.HeaderWriterFilter.doFilterInternal(HeaderWriterFilter.java:75) ~[spring-security-web-6.2.4.jar:6.2.4]
	at org.springframework.web.filter.OncePerRequestFilter.doFilter(OncePerRequestFilter.java:116) ~[spring-web-6.1.6.jar:6.1.6]
	at org.springframework.security.web.ObservationFilterChainDecorator$ObservationFilter.wrapFilter(ObservationFilterChainDecorator.java:240) ~[spring-security-web-6.2.4.jar:6.2.4]
	at org.springframework.security.web.ObservationFilterChainDecorator$ObservationFilter.doFilter(ObservationFilterChainDecorator.java:227) ~[spring-security-web-6.2.4.jar:6.2.4]
	at org.springframework.security.web.ObservationFilterChainDecorator$VirtualFilterChain.doFilter(ObservationFilterChainDecorator.java:137) ~[spring-security-web-6.2.4.jar:6.2.4]
	at org.springframework.security.web.context.SecurityContextHolderFilter.doFilter(SecurityContextHolderFilter.java:82) ~[spring-security-web-6.2.4.jar:6.2.4]
	at org.springframework.security.web.context.SecurityContextHolderFilter.doFilter(SecurityContextHolderFilter.java:69) ~[spring-security-web-6.2.4.jar:6.2.4]
	at org.springframework.security.web.ObservationFilterChainDecorator$ObservationFilter.wrapFilter(ObservationFilterChainDecorator.java:240) ~[spring-security-web-6.2.4.jar:6.2.4]
	at org.springframework.security.web.ObservationFilterChainDecorator$ObservationFilter.doFilter(ObservationFilterChainDecorator.java:227) ~[spring-security-web-6.2.4.jar:6.2.4]
	at org.springframework.security.web.ObservationFilterChainDecorator$VirtualFilterChain.doFilter(ObservationFilterChainDecorator.java:137) ~[spring-security-web-6.2.4.jar:6.2.4]
	at org.springframework.security.web.context.request.async.WebAsyncManagerIntegrationFilter.doFilterInternal(WebAsyncManagerIntegrationFilter.java:62) ~[spring-security-web-6.2.4.jar:6.2.4]
	at org.springframework.web.filter.OncePerRequestFilter.doFilter(OncePerRequestFilter.java:116) ~[spring-web-6.1.6.jar:6.1.6]
	at org.springframework.security.web.ObservationFilterChainDecorator$ObservationFilter.wrapFilter(ObservationFilterChainDecorator.java:240) ~[spring-security-web-6.2.4.jar:6.2.4]
	at org.springframework.security.web.ObservationFilterChainDecorator$ObservationFilter.doFilter(ObservationFilterChainDecorator.java:227) ~[spring-security-web-6.2.4.jar:6.2.4]
	at org.springframework.security.web.ObservationFilterChainDecorator$VirtualFilterChain.doFilter(ObservationFilterChainDecorator.java:137) ~[spring-security-web-6.2.4.jar:6.2.4]
	at org.springframework.security.web.session.DisableEncodeUrlFilter.doFilterInternal(DisableEncodeUrlFilter.java:42) ~[spring-security-web-6.2.4.jar:6.2.4]
	at org.springframework.web.filter.OncePerRequestFilter.doFilter(OncePerRequestFilter.java:116) ~[spring-web-6.1.6.jar:6.1.6]
	at org.springframework.security.web.ObservationFilterChainDecorator$ObservationFilter.wrapFilter(ObservationFilterChainDecorator.java:240) ~[spring-security-web-6.2.4.jar:6.2.4]
	at org.springframework.security.web.ObservationFilterChainDecorator$AroundFilterObservation$SimpleAroundFilterObservation.lambda$wrap$0(ObservationFilterChainDecorator.java:323) ~[spring-security-web-6.2.4.jar:6.2.4]
	at org.springframework.security.web.ObservationFilterChainDecorator$ObservationFilter.doFilter(ObservationFilterChainDecorator.java:224) ~[spring-security-web-6.2.4.jar:6.2.4]
	at org.springframework.security.web.ObservationFilterChainDecorator$VirtualFilterChain.doFilter(ObservationFilterChainDecorator.java:137) ~[spring-security-web-6.2.4.jar:6.2.4]
	at org.springframework.security.web.FilterChainProxy.doFilterInternal(FilterChainProxy.java:233) ~[spring-security-web-6.2.4.jar:6.2.4]
	at org.springframework.security.web.FilterChainProxy.doFilter(FilterChainProxy.java:191) ~[spring-security-web-6.2.4.jar:6.2.4]
	at org.springframework.web.filter.CompositeFilter$VirtualFilterChain.doFilter(CompositeFilter.java:113) ~[spring-web-6.1.6.jar:6.1.6]
	at org.springframework.web.servlet.handler.HandlerMappingIntrospector.lambda$createCacheFilter$3(HandlerMappingIntrospector.java:195) ~[spring-webmvc-6.1.6.jar:6.1.6]
	at org.springframework.web.filter.CompositeFilter$VirtualFilterChain.doFilter(CompositeFilter.java:113) ~[spring-web-6.1.6.jar:6.1.6]
	at org.springframework.web.filter.CompositeFilter.doFilter(CompositeFilter.java:74) ~[spring-web-6.1.6.jar:6.1.6]
	at org.springframework.security.config.annotation.web.configuration.WebMvcSecurityConfiguration$CompositeFilterChainProxy.doFilter(WebMvcSecurityConfiguration.java:230) ~[spring-security-config-6.2.4.jar:6.2.4]
	at org.springframework.web.filter.DelegatingFilterProxy.invokeDelegate(DelegatingFilterProxy.java:352) ~[spring-web-6.1.6.jar:6.1.6]
	at org.springframework.web.filter.DelegatingFilterProxy.doFilter(DelegatingFilterProxy.java:268) ~[spring-web-6.1.6.jar:6.1.6]
	at org.apache.catalina.core.ApplicationFilterChain.internalDoFilter(ApplicationFilterChain.java:175) ~[tomcat-embed-core-10.1.20.jar:10.1.20]
	at org.apache.catalina.core.ApplicationFilterChain.doFilter(ApplicationFilterChain.java:150) ~[tomcat-embed-core-10.1.20.jar:10.1.20]
	at org.springframework.web.filter.RequestContextFilter.doFilterInternal(RequestContextFilter.java:100) ~[spring-web-6.1.6.jar:6.1.6]
	at org.springframework.web.filter.OncePerRequestFilter.doFilter(OncePerRequestFilter.java:116) ~[spring-web-6.1.6.jar:6.1.6]
	at org.apache.catalina.core.ApplicationFilterChain.internalDoFilter(ApplicationFilterChain.java:175) ~[tomcat-embed-core-10.1.20.jar:10.1.20]
	at org.apache.catalina.core.ApplicationFilterChain.doFilter(ApplicationFilterChain.java:150) ~[tomcat-embed-core-10.1.20.jar:10.1.20]
	at org.springframework.web.filter.FormContentFilter.doFilterInternal(FormContentFilter.java:93) ~[spring-web-6.1.6.jar:6.1.6]
	at org.springframework.web.filter.OncePerRequestFilter.doFilter(OncePerRequestFilter.java:116) ~[spring-web-6.1.6.jar:6.1.6]
	at org.apache.catalina.core.ApplicationFilterChain.internalDoFilter(ApplicationFilterChain.java:175) ~[tomcat-embed-core-10.1.20.jar:10.1.20]
	at org.apache.catalina.core.ApplicationFilterChain.doFilter(ApplicationFilterChain.java:150) ~[tomcat-embed-core-10.1.20.jar:10.1.20]
	at org.springframework.web.filter.ServerHttpObservationFilter.doFilterInternal(ServerHttpObservationFilter.java:109) ~[spring-web-6.1.6.jar:6.1.6]
	at org.springframework.web.filter.OncePerRequestFilter.doFilter(OncePerRequestFilter.java:116) ~[spring-web-6.1.6.jar:6.1.6]
	at org.apache.catalina.core.ApplicationFilterChain.internalDoFilter(ApplicationFilterChain.java:175) ~[tomcat-embed-core-10.1.20.jar:10.1.20]
	at org.apache.catalina.core.ApplicationFilterChain.doFilter(ApplicationFilterChain.java:150) ~[tomcat-embed-core-10.1.20.jar:10.1.20]
	at org.springframework.web.filter.CharacterEncodingFilter.doFilterInternal(CharacterEncodingFilter.java:201) ~[spring-web-6.1.6.jar:6.1.6]
	at org.springframework.web.filter.OncePerRequestFilter.doFilter(OncePerRequestFilter.java:116) ~[spring-web-6.1.6.jar:6.1.6]
	at org.apache.catalina.core.ApplicationFilterChain.internalDoFilter(ApplicationFilterChain.java:175) ~[tomcat-embed-core-10.1.20.jar:10.1.20]
	at org.apache.catalina.core.ApplicationFilterChain.doFilter(ApplicationFilterChain.java:150) ~[tomcat-embed-core-10.1.20.jar:10.1.20]
	at org.apache.catalina.core.StandardWrapperValve.invoke(StandardWrapperValve.java:167) ~[tomcat-embed-core-10.1.20.jar:10.1.20]
	at org.apache.catalina.core.StandardContextValve.invoke(StandardContextValve.java:90) ~[tomcat-embed-core-10.1.20.jar:10.1.20]
	at org.apache.catalina.authenticator.AuthenticatorBase.invoke(AuthenticatorBase.java:482) ~[tomcat-embed-core-10.1.20.jar:10.1.20]
	at org.apache.catalina.core.StandardHostValve.invoke(StandardHostValve.java:115) ~[tomcat-embed-core-10.1.20.jar:10.1.20]
	at org.apache.catalina.valves.ErrorReportValve.invoke(ErrorReportValve.java:93) ~[tomcat-embed-core-10.1.20.jar:10.1.20]
	at org.apache.catalina.core.StandardEngineValve.invoke(StandardEngineValve.java:74) ~[tomcat-embed-core-10.1.20.jar:10.1.20]
	at org.apache.catalina.connector.CoyoteAdapter.service(CoyoteAdapter.java:344) ~[tomcat-embed-core-10.1.20.jar:10.1.20]
	at org.apache.coyote.http11.Http11Processor.service(Http11Processor.java:391) ~[tomcat-embed-core-10.1.20.jar:10.1.20]
	at org.apache.coyote.AbstractProcessorLight.process(AbstractProcessorLight.java:63) ~[tomcat-embed-core-10.1.20.jar:10.1.20]
	at org.apache.coyote.AbstractProtocol$ConnectionHandler.process(AbstractProtocol.java:896) ~[tomcat-embed-core-10.1.20.jar:10.1.20]
	at org.apache.tomcat.util.net.NioEndpoint$SocketProcessor.doRun(NioEndpoint.java:1736) ~[tomcat-embed-core-10.1.20.jar:10.1.20]
	at org.apache.tomcat.util.net.SocketProcessorBase.run(SocketProcessorBase.java:52) ~[tomcat-embed-core-10.1.20.jar:10.1.20]
	at org.apache.tomcat.util.threads.ThreadPoolExecutor.runWorker(ThreadPoolExecutor.java:1191) ~[tomcat-embed-core-10.1.20.jar:10.1.20]
	at org.apache.tomcat.util.threads.ThreadPoolExecutor$Worker.run(ThreadPoolExecutor.java:659) ~[tomcat-embed-core-10.1.20.jar:10.1.20]
	at org.apache.tomcat.util.threads.TaskThread$WrappingRunnable.run(TaskThread.java:63) ~[tomcat-embed-core-10.1.20.jar:10.1.20]
	at java.base/java.lang.Thread.run(Thread.java:1583) [?:?]
Caused by: org.hibernate.exception.ConstraintViolationException: could not execute batch [Batch entry 0 insert into users (branch_id,created_at,email,failed_login_attempts,fcm_token,full_name,is_active,is_deleted,last_login_at,locked_until,password_hash,password_reset_expires_at,password_reset_token,phone,tenant_id,updated_at,id) values (('b487b4b2-a5d5-40c4-a092-997affc802cf'::uuid),('2026-04-02 16:57:36.919546+05:30'),('golepratik862000+1@gmail.com'),('0'::int4),(NULL),('Rohit Sharma'),('TRUE'::boolean),('FALSE'::boolean),(NULL),(NULL),('$2a$12$V0hRMziCQo9tyw1d1h5jHeOMSwOKqZCavdD7y2mea12qbGLZq3Gq.'),(NULL),(NULL),('9876543211'),('11054d8e-2aa8-445f-a876-9eac82a8bf5e'::uuid),('2026-04-02 16:57:36.919546+05:30'),('bff06599-b34f-46ea-82f5-2b0a4b403798'::uuid)) was aborted: ERROR: null value in column "role" of relation "users" violates not-null constraint
  Detail: Failing row contains (bff06599-b34f-46ea-82f5-2b0a4b403798, 2026-04-02 16:57:36.919546, f, 11054d8e-2aa8-445f-a876-9eac82a8bf5e, 2026-04-02 16:57:36.919546, golepratik862000+1@gmail.com, 0, null, Rohit Sharma, t, null, null, $2a$12$V0hRMziCQo9tyw1d1h5jHeOMSwOKqZCavdD7y2mea12qbGLZq3Gq., null, null, 9876543211, null, b487b4b2-a5d5-40c4-a092-997affc802cf).  Call getNextException to see other errors in the batch.] [insert into users (branch_id,created_at,email,failed_login_attempts,fcm_token,full_name,is_active,is_deleted,last_login_at,locked_until,password_hash,password_reset_expires_at,password_reset_token,phone,tenant_id,updated_at,id) values (?,?,?,?,?,?,?,?,?,?,?,?,?,?,?,?,?)]
	at org.hibernate.exception.internal.SQLStateConversionDelegate.convert(SQLStateConversionDelegate.java:97) ~[hibernate-core-6.4.4.Final.jar:6.4.4.Final]
	at org.hibernate.exception.internal.StandardSQLExceptionConverter.convert(StandardSQLExceptionConverter.java:58) ~[hibernate-core-6.4.4.Final.jar:6.4.4.Final]
	at org.hibernate.engine.jdbc.spi.SqlExceptionHelper.convert(SqlExceptionHelper.java:108) ~[hibernate-core-6.4.4.Final.jar:6.4.4.Final]
	at org.hibernate.engine.jdbc.batch.internal.BatchImpl.lambda$performExecution$2(BatchImpl.java:294) ~[hibernate-core-6.4.4.Final.jar:6.4.4.Final]
	at org.hibernate.engine.jdbc.mutation.internal.PreparedStatementGroupSingleTable.forEachStatement(PreparedStatementGroupSingleTable.java:59) ~[hibernate-core-6.4.4.Final.jar:6.4.4.Final]
	at org.hibernate.engine.jdbc.batch.internal.BatchImpl.performExecution(BatchImpl.java:264) ~[hibernate-core-6.4.4.Final.jar:6.4.4.Final]
	at org.hibernate.engine.jdbc.batch.internal.BatchImpl.execute(BatchImpl.java:242) ~[hibernate-core-6.4.4.Final.jar:6.4.4.Final]
	at org.hibernate.engine.jdbc.internal.JdbcCoordinatorImpl.getBatch(JdbcCoordinatorImpl.java:173) ~[hibernate-core-6.4.4.Final.jar:6.4.4.Final]
	at org.hibernate.engine.jdbc.mutation.internal.MutationExecutorSingleBatched.resolveBatch(MutationExecutorSingleBatched.java:47) ~[hibernate-core-6.4.4.Final.jar:6.4.4.Final]
	at org.hibernate.engine.jdbc.mutation.internal.MutationExecutorSingleBatched.performBatchedOperations(MutationExecutorSingleBatched.java:60) ~[hibernate-core-6.4.4.Final.jar:6.4.4.Final]
	at org.hibernate.engine.jdbc.mutation.internal.AbstractMutationExecutor.execute(AbstractMutationExecutor.java:54) ~[hibernate-core-6.4.4.Final.jar:6.4.4.Final]
	at org.hibernate.persister.entity.mutation.InsertCoordinator.doStaticInserts(InsertCoordinator.java:175) ~[hibernate-core-6.4.4.Final.jar:6.4.4.Final]
	at org.hibernate.persister.entity.mutation.InsertCoordinator.coordinateInsert(InsertCoordinator.java:113) ~[hibernate-core-6.4.4.Final.jar:6.4.4.Final]
	at org.hibernate.persister.entity.AbstractEntityPersister.insert(AbstractEntityPersister.java:2873) ~[hibernate-core-6.4.4.Final.jar:6.4.4.Final]
	at org.hibernate.action.internal.EntityInsertAction.execute(EntityInsertAction.java:104) ~[hibernate-core-6.4.4.Final.jar:6.4.4.Final]
	at org.hibernate.engine.spi.ActionQueue.executeActions(ActionQueue.java:632) ~[hibernate-core-6.4.4.Final.jar:6.4.4.Final]
	at org.hibernate.engine.spi.ActionQueue.executeActions(ActionQueue.java:499) ~[hibernate-core-6.4.4.Final.jar:6.4.4.Final]
	at org.hibernate.event.internal.AbstractFlushingEventListener.performExecutions(AbstractFlushingEventListener.java:363) ~[hibernate-core-6.4.4.Final.jar:6.4.4.Final]
	at org.hibernate.event.internal.DefaultFlushEventListener.onFlush(DefaultFlushEventListener.java:41) ~[hibernate-core-6.4.4.Final.jar:6.4.4.Final]
	at org.hibernate.event.service.internal.EventListenerGroupImpl.fireEventOnEachListener(EventListenerGroupImpl.java:127) ~[hibernate-core-6.4.4.Final.jar:6.4.4.Final]
	at org.hibernate.internal.SessionImpl.doFlush(SessionImpl.java:1403) ~[hibernate-core-6.4.4.Final.jar:6.4.4.Final]
	at org.hibernate.internal.SessionImpl.managedFlush(SessionImpl.java:484) ~[hibernate-core-6.4.4.Final.jar:6.4.4.Final]
	at org.hibernate.internal.SessionImpl.flushBeforeTransactionCompletion(SessionImpl.java:2319) ~[hibernate-core-6.4.4.Final.jar:6.4.4.Final]
	at org.hibernate.internal.SessionImpl.beforeTransactionCompletion(SessionImpl.java:1976) ~[hibernate-core-6.4.4.Final.jar:6.4.4.Final]
	at org.hibernate.engine.jdbc.internal.JdbcCoordinatorImpl.beforeTransactionCompletion(JdbcCoordinatorImpl.java:439) ~[hibernate-core-6.4.4.Final.jar:6.4.4.Final]
	at org.hibernate.resource.transaction.backend.jdbc.internal.JdbcResourceLocalTransactionCoordinatorImpl.beforeCompletionCallback(JdbcResourceLocalTransactionCoordinatorImpl.java:169) ~[hibernate-core-6.4.4.Final.jar:6.4.4.Final]
	at org.hibernate.resource.transaction.backend.jdbc.internal.JdbcResourceLocalTransactionCoordinatorImpl$TransactionDriverControlImpl.commit(JdbcResourceLocalTransactionCoordinatorImpl.java:267) ~[hibernate-core-6.4.4.Final.jar:6.4.4.Final]
	at org.hibernate.engine.transaction.internal.TransactionImpl.commit(TransactionImpl.java:101) ~[hibernate-core-6.4.4.Final.jar:6.4.4.Final]
	at org.springframework.orm.jpa.JpaTransactionManager.doCommit(JpaTransactionManager.java:562) ~[spring-orm-6.1.6.jar:6.1.6]
	... 156 more
Caused by: java.sql.BatchUpdateException: Batch entry 0 insert into users (branch_id,created_at,email,failed_login_attempts,fcm_token,full_name,is_active,is_deleted,last_login_at,locked_until,password_hash,password_reset_expires_at,password_reset_token,phone,tenant_id,updated_at,id) values (('b487b4b2-a5d5-40c4-a092-997affc802cf'::uuid),('2026-04-02 16:57:36.919546+05:30'),('golepratik862000+1@gmail.com'),('0'::int4),(NULL),('Rohit Sharma'),('TRUE'::boolean),('FALSE'::boolean),(NULL),(NULL),('$2a$12$V0hRMziCQo9tyw1d1h5jHeOMSwOKqZCavdD7y2mea12qbGLZq3Gq.'),(NULL),(NULL),('9876543211'),('11054d8e-2aa8-445f-a876-9eac82a8bf5e'::uuid),('2026-04-02 16:57:36.919546+05:30'),('bff06599-b34f-46ea-82f5-2b0a4b403798'::uuid)) was aborted: ERROR: null value in column "role" of relation "users" violates not-null constraint
  Detail: Failing row contains (bff06599-b34f-46ea-82f5-2b0a4b403798, 2026-04-02 16:57:36.919546, f, 11054d8e-2aa8-445f-a876-9eac82a8bf5e, 2026-04-02 16:57:36.919546, golepratik862000+1@gmail.com, 0, null, Rohit Sharma, t, null, null, $2a$12$V0hRMziCQo9tyw1d1h5jHeOMSwOKqZCavdD7y2mea12qbGLZq3Gq., null, null, 9876543211, null, b487b4b2-a5d5-40c4-a092-997affc802cf).  Call getNextException to see other errors in the batch.
	at org.postgresql.jdbc.BatchResultHandler.handleError(BatchResultHandler.java:165) ~[postgresql-42.6.2.jar:42.6.2]
	at org.postgresql.core.v3.QueryExecutorImpl.processResults(QueryExecutorImpl.java:2402) ~[postgresql-42.6.2.jar:42.6.2]
	at org.postgresql.core.v3.QueryExecutorImpl.execute(QueryExecutorImpl.java:574) ~[postgresql-42.6.2.jar:42.6.2]
	at org.postgresql.jdbc.PgStatement.internalExecuteBatch(PgStatement.java:896) ~[postgresql-42.6.2.jar:42.6.2]
	at org.postgresql.jdbc.PgStatement.executeBatch(PgStatement.java:919) ~[postgresql-42.6.2.jar:42.6.2]
	at org.postgresql.jdbc.PgPreparedStatement.executeBatch(PgPreparedStatement.java:1685) ~[postgresql-42.6.2.jar:42.6.2]
	at com.zaxxer.hikari.pool.ProxyStatement.executeBatch(ProxyStatement.java:127) ~[HikariCP-5.0.1.jar:?]
	at com.zaxxer.hikari.pool.HikariProxyPreparedStatement.executeBatch(HikariProxyPreparedStatement.java) ~[HikariCP-5.0.1.jar:?]
	at org.hibernate.engine.jdbc.batch.internal.BatchImpl.lambda$performExecution$2(BatchImpl.java:279) ~[hibernate-core-6.4.4.Final.jar:6.4.4.Final]
	at org.hibernate.engine.jdbc.mutation.internal.PreparedStatementGroupSingleTable.forEachStatement(PreparedStatementGroupSingleTable.java:59) ~[hibernate-core-6.4.4.Final.jar:6.4.4.Final]
	at org.hibernate.engine.jdbc.batch.internal.BatchImpl.performExecution(BatchImpl.java:264) ~[hibernate-core-6.4.4.Final.jar:6.4.4.Final]
	at org.hibernate.engine.jdbc.batch.internal.BatchImpl.execute(BatchImpl.java:242) ~[hibernate-core-6.4.4.Final.jar:6.4.4.Final]
	at org.hibernate.engine.jdbc.internal.JdbcCoordinatorImpl.getBatch(JdbcCoordinatorImpl.java:173) ~[hibernate-core-6.4.4.Final.jar:6.4.4.Final]
	at org.hibernate.engine.jdbc.mutation.internal.MutationExecutorSingleBatched.resolveBatch(MutationExecutorSingleBatched.java:47) ~[hibernate-core-6.4.4.Final.jar:6.4.4.Final]
	at org.hibernate.engine.jdbc.mutation.internal.MutationExecutorSingleBatched.performBatchedOperations(MutationExecutorSingleBatched.java:60) ~[hibernate-core-6.4.4.Final.jar:6.4.4.Final]
	at org.hibernate.engine.jdbc.mutation.internal.AbstractMutationExecutor.execute(AbstractMutationExecutor.java:54) ~[hibernate-core-6.4.4.Final.jar:6.4.4.Final]
	at org.hibernate.persister.entity.mutation.InsertCoordinator.doStaticInserts(InsertCoordinator.java:175) ~[hibernate-core-6.4.4.Final.jar:6.4.4.Final]
	at org.hibernate.persister.entity.mutation.InsertCoordinator.coordinateInsert(InsertCoordinator.java:113) ~[hibernate-core-6.4.4.Final.jar:6.4.4.Final]
	at org.hibernate.persister.entity.AbstractEntityPersister.insert(AbstractEntityPersister.java:2873) ~[hibernate-core-6.4.4.Final.jar:6.4.4.Final]
	at org.hibernate.action.internal.EntityInsertAction.execute(EntityInsertAction.java:104) ~[hibernate-core-6.4.4.Final.jar:6.4.4.Final]
	at org.hibernate.engine.spi.ActionQueue.executeActions(ActionQueue.java:632) ~[hibernate-core-6.4.4.Final.jar:6.4.4.Final]
	at org.hibernate.engine.spi.ActionQueue.executeActions(ActionQueue.java:499) ~[hibernate-core-6.4.4.Final.jar:6.4.4.Final]
	at org.hibernate.event.internal.AbstractFlushingEventListener.performExecutions(AbstractFlushingEventListener.java:363) ~[hibernate-core-6.4.4.Final.jar:6.4.4.Final]
	at org.hibernate.event.internal.DefaultFlushEventListener.onFlush(DefaultFlushEventListener.java:41) ~[hibernate-core-6.4.4.Final.jar:6.4.4.Final]
	at org.hibernate.event.service.internal.EventListenerGroupImpl.fireEventOnEachListener(EventListenerGroupImpl.java:127) ~[hibernate-core-6.4.4.Final.jar:6.4.4.Final]
	at org.hibernate.internal.SessionImpl.doFlush(SessionImpl.java:1403) ~[hibernate-core-6.4.4.Final.jar:6.4.4.Final]
	at org.hibernate.internal.SessionImpl.managedFlush(SessionImpl.java:484) ~[hibernate-core-6.4.4.Final.jar:6.4.4.Final]
	at org.hibernate.internal.SessionImpl.flushBeforeTransactionCompletion(SessionImpl.java:2319) ~[hibernate-core-6.4.4.Final.jar:6.4.4.Final]
	at org.hibernate.internal.SessionImpl.beforeTransactionCompletion(SessionImpl.java:1976) ~[hibernate-core-6.4.4.Final.jar:6.4.4.Final]
	at org.hibernate.engine.jdbc.internal.JdbcCoordinatorImpl.beforeTransactionCompletion(JdbcCoordinatorImpl.java:439) ~[hibernate-core-6.4.4.Final.jar:6.4.4.Final]
	at org.hibernate.resource.transaction.backend.jdbc.internal.JdbcResourceLocalTransactionCoordinatorImpl.beforeCompletionCallback(JdbcResourceLocalTransactionCoordinatorImpl.java:169) ~[hibernate-core-6.4.4.Final.jar:6.4.4.Final]
	at org.hibernate.resource.transaction.backend.jdbc.internal.JdbcResourceLocalTransactionCoordinatorImpl$TransactionDriverControlImpl.commit(JdbcResourceLocalTransactionCoordinatorImpl.java:267) ~[hibernate-core-6.4.4.Final.jar:6.4.4.Final]
	at org.hibernate.engine.transaction.internal.TransactionImpl.commit(TransactionImpl.java:101) ~[hibernate-core-6.4.4.Final.jar:6.4.4.Final]
	at org.springframework.orm.jpa.JpaTransactionManager.doCommit(JpaTransactionManager.java:562) ~[spring-orm-6.1.6.jar:6.1.6]
	... 156 more
Caused by: org.postgresql.util.PSQLException: ERROR: null value in column "role" of relation "users" violates not-null constraint
  Detail: Failing row contains (bff06599-b34f-46ea-82f5-2b0a4b403798, 2026-04-02 16:57:36.919546, f, 11054d8e-2aa8-445f-a876-9eac82a8bf5e, 2026-04-02 16:57:36.919546, golepratik862000+1@gmail.com, 0, null, Rohit Sharma, t, null, null, $2a$12$V0hRMziCQo9tyw1d1h5jHeOMSwOKqZCavdD7y2mea12qbGLZq3Gq., null, null, 9876543211, null, b487b4b2-a5d5-40c4-a092-997affc802cf).
	at org.postgresql.core.v3.QueryExecutorImpl.receiveErrorResponse(QueryExecutorImpl.java:2713) ~[postgresql-42.6.2.jar:42.6.2]
	at org.postgresql.core.v3.QueryExecutorImpl.processResults(QueryExecutorImpl.java:2401) ~[postgresql-42.6.2.jar:42.6.2]
	at org.postgresql.core.v3.QueryExecutorImpl.execute(QueryExecutorImpl.java:574) ~[postgresql-42.6.2.jar:42.6.2]
	at org.postgresql.jdbc.PgStatement.internalExecuteBatch(PgStatement.java:896) ~[postgresql-42.6.2.jar:42.6.2]
	at org.postgresql.jdbc.PgStatement.executeBatch(PgStatement.java:919) ~[postgresql-42.6.2.jar:42.6.2]
	at org.postgresql.jdbc.PgPreparedStatement.executeBatch(PgPreparedStatement.java:1685) ~[postgresql-42.6.2.jar:42.6.2]
	at com.zaxxer.hikari.pool.ProxyStatement.executeBatch(ProxyStatement.java:127) ~[HikariCP-5.0.1.jar:?]
	at com.zaxxer.hikari.pool.HikariProxyPreparedStatement.executeBatch(HikariProxyPreparedStatement.java) ~[HikariCP-5.0.1.jar:?]
	at org.hibernate.engine.jdbc.batch.internal.BatchImpl.lambda$performExecution$2(BatchImpl.java:279) ~[hibernate-core-6.4.4.Final.jar:6.4.4.Final]
	at org.hibernate.engine.jdbc.mutation.internal.PreparedStatementGroupSingleTable.forEachStatement(PreparedStatementGroupSingleTable.java:59) ~[hibernate-core-6.4.4.Final.jar:6.4.4.Final]
	at org.hibernate.engine.jdbc.batch.internal.BatchImpl.performExecution(BatchImpl.java:264) ~[hibernate-core-6.4.4.Final.jar:6.4.4.Final]
	at org.hibernate.engine.jdbc.batch.internal.BatchImpl.execute(BatchImpl.java:242) ~[hibernate-core-6.4.4.Final.jar:6.4.4.Final]
	at org.hibernate.engine.jdbc.internal.JdbcCoordinatorImpl.getBatch(JdbcCoordinatorImpl.java:173) ~[hibernate-core-6.4.4.Final.jar:6.4.4.Final]
	at org.hibernate.engine.jdbc.mutation.internal.MutationExecutorSingleBatched.resolveBatch(MutationExecutorSingleBatched.java:47) ~[hibernate-core-6.4.4.Final.jar:6.4.4.Final]
	at org.hibernate.engine.jdbc.mutation.internal.MutationExecutorSingleBatched.performBatchedOperations(MutationExecutorSingleBatched.java:60) ~[hibernate-core-6.4.4.Final.jar:6.4.4.Final]
	at org.hibernate.engine.jdbc.mutation.internal.AbstractMutationExecutor.execute(AbstractMutationExecutor.java:54) ~[hibernate-core-6.4.4.Final.jar:6.4.4.Final]
	at org.hibernate.persister.entity.mutation.InsertCoordinator.doStaticInserts(InsertCoordinator.java:175) ~[hibernate-core-6.4.4.Final.jar:6.4.4.Final]
	at org.hibernate.persister.entity.mutation.InsertCoordinator.coordinateInsert(InsertCoordinator.java:113) ~[hibernate-core-6.4.4.Final.jar:6.4.4.Final]
	at org.hibernate.persister.entity.AbstractEntityPersister.insert(AbstractEntityPersister.java:2873) ~[hibernate-core-6.4.4.Final.jar:6.4.4.Final]
	at org.hibernate.action.internal.EntityInsertAction.execute(EntityInsertAction.java:104) ~[hibernate-core-6.4.4.Final.jar:6.4.4.Final]
	at org.hibernate.engine.spi.ActionQueue.executeActions(ActionQueue.java:632) ~[hibernate-core-6.4.4.Final.jar:6.4.4.Final]
	at org.hibernate.engine.spi.ActionQueue.executeActions(ActionQueue.java:499) ~[hibernate-core-6.4.4.Final.jar:6.4.4.Final]
	at org.hibernate.event.internal.AbstractFlushingEventListener.performExecutions(AbstractFlushingEventListener.java:363) ~[hibernate-core-6.4.4.Final.jar:6.4.4.Final]
	at org.hibernate.event.internal.DefaultFlushEventListener.onFlush(DefaultFlushEventListener.java:41) ~[hibernate-core-6.4.4.Final.jar:6.4.4.Final]
	at org.hibernate.event.service.internal.EventListenerGroupImpl.fireEventOnEachListener(EventListenerGroupImpl.java:127) ~[hibernate-core-6.4.4.Final.jar:6.4.4.Final]
	at org.hibernate.internal.SessionImpl.doFlush(SessionImpl.java:1403) ~[hibernate-core-6.4.4.Final.jar:6.4.4.Final]
	at org.hibernate.internal.SessionImpl.managedFlush(SessionImpl.java:484) ~[hibernate-core-6.4.4.Final.jar:6.4.4.Final]
	at org.hibernate.internal.SessionImpl.flushBeforeTransactionCompletion(SessionImpl.java:2319) ~[hibernate-core-6.4.4.Final.jar:6.4.4.Final]
	at org.hibernate.internal.SessionImpl.beforeTransactionCompletion(SessionImpl.java:1976) ~[hibernate-core-6.4.4.Final.jar:6.4.4.Final]
	at org.hibernate.engine.jdbc.internal.JdbcCoordinatorImpl.beforeTransactionCompletion(JdbcCoordinatorImpl.java:439) ~[hibernate-core-6.4.4.Final.jar:6.4.4.Final]
	at org.hibernate.resource.transaction.backend.jdbc.internal.JdbcResourceLocalTransactionCoordinatorImpl.beforeCompletionCallback(JdbcResourceLocalTransactionCoordinatorImpl.java:169) ~[hibernate-core-6.4.4.Final.jar:6.4.4.Final]
	at org.hibernate.resource.transaction.backend.jdbc.internal.JdbcResourceLocalTransactionCoordinatorImpl$TransactionDriverControlImpl.commit(JdbcResourceLocalTransactionCoordinatorImpl.java:267) ~[hibernate-core-6.4.4.Final.jar:6.4.4.Final]
	at org.hibernate.engine.transaction.internal.TransactionImpl.commit(TransactionImpl.java:101) ~[hibernate-core-6.4.4.Final.jar:6.4.4.Final]
	at org.springframework.orm.jpa.JpaTransactionManager.doCommit(JpaTransactionManager.java:562) ~[spring-orm-6.1.6.jar:6.1.6]
	... 156 more
[ERROR] 2026-04-02 17:03:27.268 [http-nio-8095-exec-4] batch - HHH100501: Exception executing batch [java.sql.BatchUpdateException: Batch entry 0 insert into users (branch_id,created_at,email,failed_login_attempts,fcm_token,full_name,is_active,is_deleted,last_login_at,locked_until,password_hash,password_reset_expires_at,password_reset_token,phone,tenant_id,updated_at,id) values (('b487b4b2-a5d5-40c4-a092-997affc802cf'::uuid),('2026-04-02 17:03:27.062956+05:30'),('golepratik862000+1@gmail.com'),('0'::int4),(NULL),('Rohit Sharma'),('TRUE'::boolean),('FALSE'::boolean),(NULL),(NULL),('$2a$12$WbU7kkZE8AMAIdOYZF.AsuQSEzaqFvXkG8UfAKKeI86iTIw4yMzSy'),(NULL),(NULL),('9876543211'),('11054d8e-2aa8-445f-a876-9eac82a8bf5e'::uuid),('2026-04-02 17:03:27.062956+05:30'),('df9e924b-177e-4be2-8361-5ceeae1da620'::uuid)) was aborted: ERROR: null value in column "role" of relation "users" violates not-null constraint
  Detail: Failing row contains (df9e924b-177e-4be2-8361-5ceeae1da620, 2026-04-02 17:03:27.062956, f, 11054d8e-2aa8-445f-a876-9eac82a8bf5e, 2026-04-02 17:03:27.062956, golepratik862000+1@gmail.com, 0, null, Rohit Sharma, t, null, null, $2a$12$WbU7kkZE8AMAIdOYZF.AsuQSEzaqFvXkG8UfAKKeI86iTIw4yMzSy, null, null, 9876543211, null, b487b4b2-a5d5-40c4-a092-997affc802cf).  Call getNextException to see other errors in the batch.], SQL: insert into users (branch_id,created_at,email,failed_login_attempts,fcm_token,full_name,is_active,is_deleted,last_login_at,locked_until,password_hash,password_reset_expires_at,password_reset_token,phone,tenant_id,updated_at,id) values (?,?,?,?,?,?,?,?,?,?,?,?,?,?,?,?,?)
[ERROR] 2026-04-02 17:03:27.270 [http-nio-8095-exec-4] SqlExceptionHelper - Batch entry 0 insert into users (branch_id,created_at,email,failed_login_attempts,fcm_token,full_name,is_active,is_deleted,last_login_at,locked_until,password_hash,password_reset_expires_at,password_reset_token,phone,tenant_id,updated_at,id) values (('b487b4b2-a5d5-40c4-a092-997affc802cf'::uuid),('2026-04-02 17:03:27.062956+05:30'),('golepratik862000+1@gmail.com'),('0'::int4),(NULL),('Rohit Sharma'),('TRUE'::boolean),('FALSE'::boolean),(NULL),(NULL),('$2a$12$WbU7kkZE8AMAIdOYZF.AsuQSEzaqFvXkG8UfAKKeI86iTIw4yMzSy'),(NULL),(NULL),('9876543211'),('11054d8e-2aa8-445f-a876-9eac82a8bf5e'::uuid),('2026-04-02 17:03:27.062956+05:30'),('df9e924b-177e-4be2-8361-5ceeae1da620'::uuid)) was aborted: ERROR: null value in column "role" of relation "users" violates not-null constraint
  Detail: Failing row contains (df9e924b-177e-4be2-8361-5ceeae1da620, 2026-04-02 17:03:27.062956, f, 11054d8e-2aa8-445f-a876-9eac82a8bf5e, 2026-04-02 17:03:27.062956, golepratik862000+1@gmail.com, 0, null, Rohit Sharma, t, null, null, $2a$12$WbU7kkZE8AMAIdOYZF.AsuQSEzaqFvXkG8UfAKKeI86iTIw4yMzSy, null, null, 9876543211, null, b487b4b2-a5d5-40c4-a092-997affc802cf).  Call getNextException to see other errors in the batch.
[ERROR] 2026-04-02 17:03:27.270 [http-nio-8095-exec-4] SqlExceptionHelper - ERROR: null value in column "role" of relation "users" violates not-null constraint
  Detail: Failing row contains (df9e924b-177e-4be2-8361-5ceeae1da620, 2026-04-02 17:03:27.062956, f, 11054d8e-2aa8-445f-a876-9eac82a8bf5e, 2026-04-02 17:03:27.062956, golepratik862000+1@gmail.com, 0, null, Rohit Sharma, t, null, null, $2a$12$WbU7kkZE8AMAIdOYZF.AsuQSEzaqFvXkG8UfAKKeI86iTIw4yMzSy, null, null, 9876543211, null, b487b4b2-a5d5-40c4-a092-997affc802cf).
[ERROR] 2026-04-02 17:03:27.395 [http-nio-8095-exec-4] GlobalExceptionHandler - Unexpected error: could not execute batch [Batch entry 0 insert into users (branch_id,created_at,email,failed_login_attempts,fcm_token,full_name,is_active,is_deleted,last_login_at,locked_until,password_hash,password_reset_expires_at,password_reset_token,phone,tenant_id,updated_at,id) values (('b487b4b2-a5d5-40c4-a092-997affc802cf'::uuid),('2026-04-02 17:03:27.062956+05:30'),('golepratik862000+1@gmail.com'),('0'::int4),(NULL),('Rohit Sharma'),('TRUE'::boolean),('FALSE'::boolean),(NULL),(NULL),('$2a$12$WbU7kkZE8AMAIdOYZF.AsuQSEzaqFvXkG8UfAKKeI86iTIw4yMzSy'),(NULL),(NULL),('9876543211'),('11054d8e-2aa8-445f-a876-9eac82a8bf5e'::uuid),('2026-04-02 17:03:27.062956+05:30'),('df9e924b-177e-4be2-8361-5ceeae1da620'::uuid)) was aborted: ERROR: null value in column "role" of relation "users" violates not-null constraint
  Detail: Failing row contains (df9e924b-177e-4be2-8361-5ceeae1da620, 2026-04-02 17:03:27.062956, f, 11054d8e-2aa8-445f-a876-9eac82a8bf5e, 2026-04-02 17:03:27.062956, golepratik862000+1@gmail.com, 0, null, Rohit Sharma, t, null, null, $2a$12$WbU7kkZE8AMAIdOYZF.AsuQSEzaqFvXkG8UfAKKeI86iTIw4yMzSy, null, null, 9876543211, null, b487b4b2-a5d5-40c4-a092-997affc802cf).  Call getNextException to see other errors in the batch.] [insert into users (branch_id,created_at,email,failed_login_attempts,fcm_token,full_name,is_active,is_deleted,last_login_at,locked_until,password_hash,password_reset_expires_at,password_reset_token,phone,tenant_id,updated_at,id) values (?,?,?,?,?,?,?,?,?,?,?,?,?,?,?,?,?)]; SQL [insert into users (branch_id,created_at,email,failed_login_attempts,fcm_token,full_name,is_active,is_deleted,last_login_at,locked_until,password_hash,password_reset_expires_at,password_reset_token,phone,tenant_id,updated_at,id) values (?,?,?,?,?,?,?,?,?,?,?,?,?,?,?,?,?)]; constraint [role" of relation "users]
org.springframework.dao.DataIntegrityViolationException: could not execute batch [Batch entry 0 insert into users (branch_id,created_at,email,failed_login_attempts,fcm_token,full_name,is_active,is_deleted,last_login_at,locked_until,password_hash,password_reset_expires_at,password_reset_token,phone,tenant_id,updated_at,id) values (('b487b4b2-a5d5-40c4-a092-997affc802cf'::uuid),('2026-04-02 17:03:27.062956+05:30'),('golepratik862000+1@gmail.com'),('0'::int4),(NULL),('Rohit Sharma'),('TRUE'::boolean),('FALSE'::boolean),(NULL),(NULL),('$2a$12$WbU7kkZE8AMAIdOYZF.AsuQSEzaqFvXkG8UfAKKeI86iTIw4yMzSy'),(NULL),(NULL),('9876543211'),('11054d8e-2aa8-445f-a876-9eac82a8bf5e'::uuid),('2026-04-02 17:03:27.062956+05:30'),('df9e924b-177e-4be2-8361-5ceeae1da620'::uuid)) was aborted: ERROR: null value in column "role" of relation "users" violates not-null constraint
  Detail: Failing row contains (df9e924b-177e-4be2-8361-5ceeae1da620, 2026-04-02 17:03:27.062956, f, 11054d8e-2aa8-445f-a876-9eac82a8bf5e, 2026-04-02 17:03:27.062956, golepratik862000+1@gmail.com, 0, null, Rohit Sharma, t, null, null, $2a$12$WbU7kkZE8AMAIdOYZF.AsuQSEzaqFvXkG8UfAKKeI86iTIw4yMzSy, null, null, 9876543211, null, b487b4b2-a5d5-40c4-a092-997affc802cf).  Call getNextException to see other errors in the batch.] [insert into users (branch_id,created_at,email,failed_login_attempts,fcm_token,full_name,is_active,is_deleted,last_login_at,locked_until,password_hash,password_reset_expires_at,password_reset_token,phone,tenant_id,updated_at,id) values (?,?,?,?,?,?,?,?,?,?,?,?,?,?,?,?,?)]; SQL [insert into users (branch_id,created_at,email,failed_login_attempts,fcm_token,full_name,is_active,is_deleted,last_login_at,locked_until,password_hash,password_reset_expires_at,password_reset_token,phone,tenant_id,updated_at,id) values (?,?,?,?,?,?,?,?,?,?,?,?,?,?,?,?,?)]; constraint [role" of relation "users]
	at org.springframework.orm.jpa.vendor.HibernateJpaDialect.convertHibernateAccessException(HibernateJpaDialect.java:290) ~[spring-orm-6.1.6.jar:6.1.6]
	at org.springframework.orm.jpa.vendor.HibernateJpaDialect.translateExceptionIfPossible(HibernateJpaDialect.java:241) ~[spring-orm-6.1.6.jar:6.1.6]
	at org.springframework.orm.jpa.JpaTransactionManager.doCommit(JpaTransactionManager.java:566) ~[spring-orm-6.1.6.jar:6.1.6]
	at org.springframework.transaction.support.AbstractPlatformTransactionManager.processCommit(AbstractPlatformTransactionManager.java:794) ~[spring-tx-6.1.6.jar:6.1.6]
	at org.springframework.transaction.support.AbstractPlatformTransactionManager.commit(AbstractPlatformTransactionManager.java:757) ~[spring-tx-6.1.6.jar:6.1.6]
	at org.springframework.transaction.interceptor.TransactionAspectSupport.commitTransactionAfterReturning(TransactionAspectSupport.java:676) ~[spring-tx-6.1.6.jar:6.1.6]
	at org.springframework.transaction.interceptor.TransactionAspectSupport.invokeWithinTransaction(TransactionAspectSupport.java:426) ~[spring-tx-6.1.6.jar:6.1.6]
	at org.springframework.transaction.interceptor.TransactionInterceptor.invoke(TransactionInterceptor.java:119) ~[spring-tx-6.1.6.jar:6.1.6]
	at org.springframework.aop.framework.ReflectiveMethodInvocation.proceed(ReflectiveMethodInvocation.java:184) ~[spring-aop-6.1.6.jar:6.1.6]
	at org.springframework.aop.framework.CglibAopProxy$CglibMethodInvocation.proceed(CglibAopProxy.java:768) ~[spring-aop-6.1.6.jar:6.1.6]
	at org.springframework.aop.framework.CglibAopProxy$DynamicAdvisedInterceptor.intercept(CglibAopProxy.java:720) ~[spring-aop-6.1.6.jar:6.1.6]
	at com.classmanager.cms_backend.service.UserManagementService$$SpringCGLIB$$0.createTeacher(<generated>) ~[classes/:?]
	at com.classmanager.cms_backend.controller.UserController.createTeacher(UserController.java:88) ~[classes/:?]
	at java.base/jdk.internal.reflect.DirectMethodHandleAccessor.invoke(DirectMethodHandleAccessor.java:103) ~[?:?]
	at java.base/java.lang.reflect.Method.invoke(Method.java:580) ~[?:?]
	at org.springframework.aop.support.AopUtils.invokeJoinpointUsingReflection(AopUtils.java:354) ~[spring-aop-6.1.6.jar:6.1.6]
	at org.springframework.aop.framework.ReflectiveMethodInvocation.invokeJoinpoint(ReflectiveMethodInvocation.java:196) ~[spring-aop-6.1.6.jar:6.1.6]
	at org.springframework.aop.framework.ReflectiveMethodInvocation.proceed(ReflectiveMethodInvocation.java:163) ~[spring-aop-6.1.6.jar:6.1.6]
	at org.springframework.aop.framework.CglibAopProxy$CglibMethodInvocation.proceed(CglibAopProxy.java:768) ~[spring-aop-6.1.6.jar:6.1.6]
	at org.springframework.security.authorization.method.AuthorizationManagerBeforeMethodInterceptor.invoke(AuthorizationManagerBeforeMethodInterceptor.java:198) ~[spring-security-core-6.2.4.jar:6.2.4]
	at org.springframework.aop.framework.ReflectiveMethodInvocation.proceed(ReflectiveMethodInvocation.java:184) ~[spring-aop-6.1.6.jar:6.1.6]
	at org.springframework.aop.framework.CglibAopProxy$CglibMethodInvocation.proceed(CglibAopProxy.java:768) ~[spring-aop-6.1.6.jar:6.1.6]
	at org.springframework.aop.framework.CglibAopProxy$DynamicAdvisedInterceptor.intercept(CglibAopProxy.java:720) ~[spring-aop-6.1.6.jar:6.1.6]
	at com.classmanager.cms_backend.controller.UserController$$SpringCGLIB$$0.createTeacher(<generated>) ~[classes/:?]
	at java.base/jdk.internal.reflect.DirectMethodHandleAccessor.invoke(DirectMethodHandleAccessor.java:103) ~[?:?]
	at java.base/java.lang.reflect.Method.invoke(Method.java:580) ~[?:?]
	at org.springframework.web.method.support.InvocableHandlerMethod.doInvoke(InvocableHandlerMethod.java:255) ~[spring-web-6.1.6.jar:6.1.6]
	at org.springframework.web.method.support.InvocableHandlerMethod.invokeForRequest(InvocableHandlerMethod.java:188) ~[spring-web-6.1.6.jar:6.1.6]
	at org.springframework.web.servlet.mvc.method.annotation.ServletInvocableHandlerMethod.invokeAndHandle(ServletInvocableHandlerMethod.java:118) ~[spring-webmvc-6.1.6.jar:6.1.6]
	at org.springframework.web.servlet.mvc.method.annotation.RequestMappingHandlerAdapter.invokeHandlerMethod(RequestMappingHandlerAdapter.java:926) ~[spring-webmvc-6.1.6.jar:6.1.6]
	at org.springframework.web.servlet.mvc.method.annotation.RequestMappingHandlerAdapter.handleInternal(RequestMappingHandlerAdapter.java:831) ~[spring-webmvc-6.1.6.jar:6.1.6]
	at org.springframework.web.servlet.mvc.method.AbstractHandlerMethodAdapter.handle(AbstractHandlerMethodAdapter.java:87) ~[spring-webmvc-6.1.6.jar:6.1.6]
	at org.springframework.web.servlet.DispatcherServlet.doDispatch(DispatcherServlet.java:1089) ~[spring-webmvc-6.1.6.jar:6.1.6]
	at org.springframework.web.servlet.DispatcherServlet.doService(DispatcherServlet.java:979) ~[spring-webmvc-6.1.6.jar:6.1.6]
	at org.springframework.web.servlet.FrameworkServlet.processRequest(FrameworkServlet.java:1014) ~[spring-webmvc-6.1.6.jar:6.1.6]
	at org.springframework.web.servlet.FrameworkServlet.doPost(FrameworkServlet.java:914) ~[spring-webmvc-6.1.6.jar:6.1.6]
	at jakarta.servlet.http.HttpServlet.service(HttpServlet.java:590) ~[tomcat-embed-core-10.1.20.jar:6.0]
	at org.springframework.web.servlet.FrameworkServlet.service(FrameworkServlet.java:885) ~[spring-webmvc-6.1.6.jar:6.1.6]
	at jakarta.servlet.http.HttpServlet.service(HttpServlet.java:658) ~[tomcat-embed-core-10.1.20.jar:6.0]
	at org.apache.catalina.core.ApplicationFilterChain.internalDoFilter(ApplicationFilterChain.java:206) ~[tomcat-embed-core-10.1.20.jar:10.1.20]
	at org.apache.catalina.core.ApplicationFilterChain.doFilter(ApplicationFilterChain.java:150) ~[tomcat-embed-core-10.1.20.jar:10.1.20]
	at org.apache.tomcat.websocket.server.WsFilter.doFilter(WsFilter.java:51) ~[tomcat-embed-websocket-10.1.20.jar:10.1.20]
	at org.apache.catalina.core.ApplicationFilterChain.internalDoFilter(ApplicationFilterChain.java:175) ~[tomcat-embed-core-10.1.20.jar:10.1.20]
	at org.apache.catalina.core.ApplicationFilterChain.doFilter(ApplicationFilterChain.java:150) ~[tomcat-embed-core-10.1.20.jar:10.1.20]
	at org.springframework.web.filter.OncePerRequestFilter.doFilter(OncePerRequestFilter.java:110) ~[spring-web-6.1.6.jar:6.1.6]
	at org.apache.catalina.core.ApplicationFilterChain.internalDoFilter(ApplicationFilterChain.java:175) ~[tomcat-embed-core-10.1.20.jar:10.1.20]
	at org.apache.catalina.core.ApplicationFilterChain.doFilter(ApplicationFilterChain.java:150) ~[tomcat-embed-core-10.1.20.jar:10.1.20]
	at org.springframework.web.filter.CompositeFilter$VirtualFilterChain.doFilter(CompositeFilter.java:108) ~[spring-web-6.1.6.jar:6.1.6]
	at org.springframework.security.web.FilterChainProxy.lambda$doFilterInternal$3(FilterChainProxy.java:231) ~[spring-security-web-6.2.4.jar:6.2.4]
	at org.springframework.security.web.ObservationFilterChainDecorator$FilterObservation$SimpleFilterObservation.lambda$wrap$1(ObservationFilterChainDecorator.java:479) ~[spring-security-web-6.2.4.jar:6.2.4]
	at org.springframework.security.web.ObservationFilterChainDecorator$AroundFilterObservation$SimpleAroundFilterObservation.lambda$wrap$1(ObservationFilterChainDecorator.java:340) ~[spring-security-web-6.2.4.jar:6.2.4]
	at org.springframework.security.web.ObservationFilterChainDecorator.lambda$wrapSecured$0(ObservationFilterChainDecorator.java:82) ~[spring-security-web-6.2.4.jar:6.2.4]
	at org.springframework.security.web.ObservationFilterChainDecorator$VirtualFilterChain.doFilter(ObservationFilterChainDecorator.java:128) ~[spring-security-web-6.2.4.jar:6.2.4]
	at org.springframework.security.web.access.intercept.AuthorizationFilter.doFilter(AuthorizationFilter.java:100) ~[spring-security-web-6.2.4.jar:6.2.4]
	at org.springframework.security.web.ObservationFilterChainDecorator$ObservationFilter.wrapFilter(ObservationFilterChainDecorator.java:240) ~[spring-security-web-6.2.4.jar:6.2.4]
	at org.springframework.security.web.ObservationFilterChainDecorator$ObservationFilter.doFilter(ObservationFilterChainDecorator.java:227) ~[spring-security-web-6.2.4.jar:6.2.4]
	at org.springframework.security.web.ObservationFilterChainDecorator$VirtualFilterChain.doFilter(ObservationFilterChainDecorator.java:137) ~[spring-security-web-6.2.4.jar:6.2.4]
	at org.springframework.security.web.access.ExceptionTranslationFilter.doFilter(ExceptionTranslationFilter.java:126) ~[spring-security-web-6.2.4.jar:6.2.4]
	at org.springframework.security.web.access.ExceptionTranslationFilter.doFilter(ExceptionTranslationFilter.java:120) ~[spring-security-web-6.2.4.jar:6.2.4]
	at org.springframework.security.web.ObservationFilterChainDecorator$ObservationFilter.wrapFilter(ObservationFilterChainDecorator.java:240) ~[spring-security-web-6.2.4.jar:6.2.4]
	at org.springframework.security.web.ObservationFilterChainDecorator$ObservationFilter.doFilter(ObservationFilterChainDecorator.java:227) ~[spring-security-web-6.2.4.jar:6.2.4]
	at org.springframework.security.web.ObservationFilterChainDecorator$VirtualFilterChain.doFilter(ObservationFilterChainDecorator.java:137) ~[spring-security-web-6.2.4.jar:6.2.4]
	at org.springframework.security.web.session.SessionManagementFilter.doFilter(SessionManagementFilter.java:131) ~[spring-security-web-6.2.4.jar:6.2.4]
	at org.springframework.security.web.session.SessionManagementFilter.doFilter(SessionManagementFilter.java:85) ~[spring-security-web-6.2.4.jar:6.2.4]
	at org.springframework.security.web.ObservationFilterChainDecorator$ObservationFilter.wrapFilter(ObservationFilterChainDecorator.java:240) ~[spring-security-web-6.2.4.jar:6.2.4]
	at org.springframework.security.web.ObservationFilterChainDecorator$ObservationFilter.doFilter(ObservationFilterChainDecorator.java:227) ~[spring-security-web-6.2.4.jar:6.2.4]
	at org.springframework.security.web.ObservationFilterChainDecorator$VirtualFilterChain.doFilter(ObservationFilterChainDecorator.java:137) ~[spring-security-web-6.2.4.jar:6.2.4]
	at org.springframework.security.web.authentication.AnonymousAuthenticationFilter.doFilter(AnonymousAuthenticationFilter.java:100) ~[spring-security-web-6.2.4.jar:6.2.4]
	at org.springframework.security.web.ObservationFilterChainDecorator$ObservationFilter.wrapFilter(ObservationFilterChainDecorator.java:240) ~[spring-security-web-6.2.4.jar:6.2.4]
	at org.springframework.security.web.ObservationFilterChainDecorator$ObservationFilter.doFilter(ObservationFilterChainDecorator.java:227) ~[spring-security-web-6.2.4.jar:6.2.4]
	at org.springframework.security.web.ObservationFilterChainDecorator$VirtualFilterChain.doFilter(ObservationFilterChainDecorator.java:137) ~[spring-security-web-6.2.4.jar:6.2.4]
	at org.springframework.security.web.servletapi.SecurityContextHolderAwareRequestFilter.doFilter(SecurityContextHolderAwareRequestFilter.java:179) ~[spring-security-web-6.2.4.jar:6.2.4]
	at org.springframework.security.web.ObservationFilterChainDecorator$ObservationFilter.wrapFilter(ObservationFilterChainDecorator.java:240) ~[spring-security-web-6.2.4.jar:6.2.4]
	at org.springframework.security.web.ObservationFilterChainDecorator$ObservationFilter.doFilter(ObservationFilterChainDecorator.java:227) ~[spring-security-web-6.2.4.jar:6.2.4]
	at org.springframework.security.web.ObservationFilterChainDecorator$VirtualFilterChain.doFilter(ObservationFilterChainDecorator.java:137) ~[spring-security-web-6.2.4.jar:6.2.4]
	at org.springframework.security.web.savedrequest.RequestCacheAwareFilter.doFilter(RequestCacheAwareFilter.java:63) ~[spring-security-web-6.2.4.jar:6.2.4]
	at org.springframework.security.web.ObservationFilterChainDecorator$ObservationFilter.wrapFilter(ObservationFilterChainDecorator.java:240) ~[spring-security-web-6.2.4.jar:6.2.4]
	at org.springframework.security.web.ObservationFilterChainDecorator$ObservationFilter.doFilter(ObservationFilterChainDecorator.java:227) ~[spring-security-web-6.2.4.jar:6.2.4]
	at org.springframework.security.web.ObservationFilterChainDecorator$VirtualFilterChain.doFilter(ObservationFilterChainDecorator.java:137) ~[spring-security-web-6.2.4.jar:6.2.4]
	at com.classmanager.cms_backend.security.jwt.JwtAuthenticationFilter.doFilterInternal(JwtAuthenticationFilter.java:47) ~[classes/:?]
	at org.springframework.web.filter.OncePerRequestFilter.doFilter(OncePerRequestFilter.java:116) ~[spring-web-6.1.6.jar:6.1.6]
	at org.springframework.security.web.ObservationFilterChainDecorator$ObservationFilter.wrapFilter(ObservationFilterChainDecorator.java:240) ~[spring-security-web-6.2.4.jar:6.2.4]
	at org.springframework.security.web.ObservationFilterChainDecorator$ObservationFilter.doFilter(ObservationFilterChainDecorator.java:227) ~[spring-security-web-6.2.4.jar:6.2.4]
	at org.springframework.security.web.ObservationFilterChainDecorator$VirtualFilterChain.doFilter(ObservationFilterChainDecorator.java:137) ~[spring-security-web-6.2.4.jar:6.2.4]
	at org.springframework.security.web.authentication.logout.LogoutFilter.doFilter(LogoutFilter.java:107) ~[spring-security-web-6.2.4.jar:6.2.4]
	at org.springframework.security.web.authentication.logout.LogoutFilter.doFilter(LogoutFilter.java:93) ~[spring-security-web-6.2.4.jar:6.2.4]
	at org.springframework.security.web.ObservationFilterChainDecorator$ObservationFilter.wrapFilter(ObservationFilterChainDecorator.java:240) ~[spring-security-web-6.2.4.jar:6.2.4]
	at org.springframework.security.web.ObservationFilterChainDecorator$ObservationFilter.doFilter(ObservationFilterChainDecorator.java:227) ~[spring-security-web-6.2.4.jar:6.2.4]
	at org.springframework.security.web.ObservationFilterChainDecorator$VirtualFilterChain.doFilter(ObservationFilterChainDecorator.java:137) ~[spring-security-web-6.2.4.jar:6.2.4]
	at org.springframework.web.filter.CorsFilter.doFilterInternal(CorsFilter.java:91) ~[spring-web-6.1.6.jar:6.1.6]
	at org.springframework.web.filter.OncePerRequestFilter.doFilter(OncePerRequestFilter.java:116) ~[spring-web-6.1.6.jar:6.1.6]
	at org.springframework.security.web.ObservationFilterChainDecorator$ObservationFilter.wrapFilter(ObservationFilterChainDecorator.java:240) ~[spring-security-web-6.2.4.jar:6.2.4]
	at org.springframework.security.web.ObservationFilterChainDecorator$ObservationFilter.doFilter(ObservationFilterChainDecorator.java:227) ~[spring-security-web-6.2.4.jar:6.2.4]
	at org.springframework.security.web.ObservationFilterChainDecorator$VirtualFilterChain.doFilter(ObservationFilterChainDecorator.java:137) ~[spring-security-web-6.2.4.jar:6.2.4]
	at org.springframework.security.web.header.HeaderWriterFilter.doHeadersAfter(HeaderWriterFilter.java:90) ~[spring-security-web-6.2.4.jar:6.2.4]
	at org.springframework.security.web.header.HeaderWriterFilter.doFilterInternal(HeaderWriterFilter.java:75) ~[spring-security-web-6.2.4.jar:6.2.4]
	at org.springframework.web.filter.OncePerRequestFilter.doFilter(OncePerRequestFilter.java:116) ~[spring-web-6.1.6.jar:6.1.6]
	at org.springframework.security.web.ObservationFilterChainDecorator$ObservationFilter.wrapFilter(ObservationFilterChainDecorator.java:240) ~[spring-security-web-6.2.4.jar:6.2.4]
	at org.springframework.security.web.ObservationFilterChainDecorator$ObservationFilter.doFilter(ObservationFilterChainDecorator.java:227) ~[spring-security-web-6.2.4.jar:6.2.4]
	at org.springframework.security.web.ObservationFilterChainDecorator$VirtualFilterChain.doFilter(ObservationFilterChainDecorator.java:137) ~[spring-security-web-6.2.4.jar:6.2.4]
	at org.springframework.security.web.context.SecurityContextHolderFilter.doFilter(SecurityContextHolderFilter.java:82) ~[spring-security-web-6.2.4.jar:6.2.4]
	at org.springframework.security.web.context.SecurityContextHolderFilter.doFilter(SecurityContextHolderFilter.java:69) ~[spring-security-web-6.2.4.jar:6.2.4]
	at org.springframework.security.web.ObservationFilterChainDecorator$ObservationFilter.wrapFilter(ObservationFilterChainDecorator.java:240) ~[spring-security-web-6.2.4.jar:6.2.4]
	at org.springframework.security.web.ObservationFilterChainDecorator$ObservationFilter.doFilter(ObservationFilterChainDecorator.java:227) ~[spring-security-web-6.2.4.jar:6.2.4]
	at org.springframework.security.web.ObservationFilterChainDecorator$VirtualFilterChain.doFilter(ObservationFilterChainDecorator.java:137) ~[spring-security-web-6.2.4.jar:6.2.4]
	at org.springframework.security.web.context.request.async.WebAsyncManagerIntegrationFilter.doFilterInternal(WebAsyncManagerIntegrationFilter.java:62) ~[spring-security-web-6.2.4.jar:6.2.4]
	at org.springframework.web.filter.OncePerRequestFilter.doFilter(OncePerRequestFilter.java:116) ~[spring-web-6.1.6.jar:6.1.6]
	at org.springframework.security.web.ObservationFilterChainDecorator$ObservationFilter.wrapFilter(ObservationFilterChainDecorator.java:240) ~[spring-security-web-6.2.4.jar:6.2.4]
	at org.springframework.security.web.ObservationFilterChainDecorator$ObservationFilter.doFilter(ObservationFilterChainDecorator.java:227) ~[spring-security-web-6.2.4.jar:6.2.4]
	at org.springframework.security.web.ObservationFilterChainDecorator$VirtualFilterChain.doFilter(ObservationFilterChainDecorator.java:137) ~[spring-security-web-6.2.4.jar:6.2.4]
	at org.springframework.security.web.session.DisableEncodeUrlFilter.doFilterInternal(DisableEncodeUrlFilter.java:42) ~[spring-security-web-6.2.4.jar:6.2.4]
	at org.springframework.web.filter.OncePerRequestFilter.doFilter(OncePerRequestFilter.java:116) ~[spring-web-6.1.6.jar:6.1.6]
	at org.springframework.security.web.ObservationFilterChainDecorator$ObservationFilter.wrapFilter(ObservationFilterChainDecorator.java:240) ~[spring-security-web-6.2.4.jar:6.2.4]
	at org.springframework.security.web.ObservationFilterChainDecorator$AroundFilterObservation$SimpleAroundFilterObservation.lambda$wrap$0(ObservationFilterChainDecorator.java:323) ~[spring-security-web-6.2.4.jar:6.2.4]
	at org.springframework.security.web.ObservationFilterChainDecorator$ObservationFilter.doFilter(ObservationFilterChainDecorator.java:224) ~[spring-security-web-6.2.4.jar:6.2.4]
	at org.springframework.security.web.ObservationFilterChainDecorator$VirtualFilterChain.doFilter(ObservationFilterChainDecorator.java:137) ~[spring-security-web-6.2.4.jar:6.2.4]
	at org.springframework.security.web.FilterChainProxy.doFilterInternal(FilterChainProxy.java:233) ~[spring-security-web-6.2.4.jar:6.2.4]
	at org.springframework.security.web.FilterChainProxy.doFilter(FilterChainProxy.java:191) ~[spring-security-web-6.2.4.jar:6.2.4]
	at org.springframework.web.filter.CompositeFilter$VirtualFilterChain.doFilter(CompositeFilter.java:113) ~[spring-web-6.1.6.jar:6.1.6]
	at org.springframework.web.servlet.handler.HandlerMappingIntrospector.lambda$createCacheFilter$3(HandlerMappingIntrospector.java:195) ~[spring-webmvc-6.1.6.jar:6.1.6]
	at org.springframework.web.filter.CompositeFilter$VirtualFilterChain.doFilter(CompositeFilter.java:113) ~[spring-web-6.1.6.jar:6.1.6]
	at org.springframework.web.filter.CompositeFilter.doFilter(CompositeFilter.java:74) ~[spring-web-6.1.6.jar:6.1.6]
	at org.springframework.security.config.annotation.web.configuration.WebMvcSecurityConfiguration$CompositeFilterChainProxy.doFilter(WebMvcSecurityConfiguration.java:230) ~[spring-security-config-6.2.4.jar:6.2.4]
	at org.springframework.web.filter.DelegatingFilterProxy.invokeDelegate(DelegatingFilterProxy.java:352) ~[spring-web-6.1.6.jar:6.1.6]
	at org.springframework.web.filter.DelegatingFilterProxy.doFilter(DelegatingFilterProxy.java:268) ~[spring-web-6.1.6.jar:6.1.6]
	at org.apache.catalina.core.ApplicationFilterChain.internalDoFilter(ApplicationFilterChain.java:175) ~[tomcat-embed-core-10.1.20.jar:10.1.20]
	at org.apache.catalina.core.ApplicationFilterChain.doFilter(ApplicationFilterChain.java:150) ~[tomcat-embed-core-10.1.20.jar:10.1.20]
	at org.springframework.web.filter.RequestContextFilter.doFilterInternal(RequestContextFilter.java:100) ~[spring-web-6.1.6.jar:6.1.6]
	at org.springframework.web.filter.OncePerRequestFilter.doFilter(OncePerRequestFilter.java:116) ~[spring-web-6.1.6.jar:6.1.6]
	at org.apache.catalina.core.ApplicationFilterChain.internalDoFilter(ApplicationFilterChain.java:175) ~[tomcat-embed-core-10.1.20.jar:10.1.20]
	at org.apache.catalina.core.ApplicationFilterChain.doFilter(ApplicationFilterChain.java:150) ~[tomcat-embed-core-10.1.20.jar:10.1.20]
	at org.springframework.web.filter.FormContentFilter.doFilterInternal(FormContentFilter.java:93) ~[spring-web-6.1.6.jar:6.1.6]
	at org.springframework.web.filter.OncePerRequestFilter.doFilter(OncePerRequestFilter.java:116) ~[spring-web-6.1.6.jar:6.1.6]
	at org.apache.catalina.core.ApplicationFilterChain.internalDoFilter(ApplicationFilterChain.java:175) ~[tomcat-embed-core-10.1.20.jar:10.1.20]
	at org.apache.catalina.core.ApplicationFilterChain.doFilter(ApplicationFilterChain.java:150) ~[tomcat-embed-core-10.1.20.jar:10.1.20]
	at org.springframework.web.filter.ServerHttpObservationFilter.doFilterInternal(ServerHttpObservationFilter.java:109) ~[spring-web-6.1.6.jar:6.1.6]
	at org.springframework.web.filter.OncePerRequestFilter.doFilter(OncePerRequestFilter.java:116) ~[spring-web-6.1.6.jar:6.1.6]
	at org.apache.catalina.core.ApplicationFilterChain.internalDoFilter(ApplicationFilterChain.java:175) ~[tomcat-embed-core-10.1.20.jar:10.1.20]
	at org.apache.catalina.core.ApplicationFilterChain.doFilter(ApplicationFilterChain.java:150) ~[tomcat-embed-core-10.1.20.jar:10.1.20]
	at org.springframework.web.filter.CharacterEncodingFilter.doFilterInternal(CharacterEncodingFilter.java:201) ~[spring-web-6.1.6.jar:6.1.6]
	at org.springframework.web.filter.OncePerRequestFilter.doFilter(OncePerRequestFilter.java:116) ~[spring-web-6.1.6.jar:6.1.6]
	at org.apache.catalina.core.ApplicationFilterChain.internalDoFilter(ApplicationFilterChain.java:175) ~[tomcat-embed-core-10.1.20.jar:10.1.20]
	at org.apache.catalina.core.ApplicationFilterChain.doFilter(ApplicationFilterChain.java:150) ~[tomcat-embed-core-10.1.20.jar:10.1.20]
	at org.apache.catalina.core.StandardWrapperValve.invoke(StandardWrapperValve.java:167) ~[tomcat-embed-core-10.1.20.jar:10.1.20]
	at org.apache.catalina.core.StandardContextValve.invoke(StandardContextValve.java:90) ~[tomcat-embed-core-10.1.20.jar:10.1.20]
	at org.apache.catalina.authenticator.AuthenticatorBase.invoke(AuthenticatorBase.java:482) ~[tomcat-embed-core-10.1.20.jar:10.1.20]
	at org.apache.catalina.core.StandardHostValve.invoke(StandardHostValve.java:115) ~[tomcat-embed-core-10.1.20.jar:10.1.20]
	at org.apache.catalina.valves.ErrorReportValve.invoke(ErrorReportValve.java:93) ~[tomcat-embed-core-10.1.20.jar:10.1.20]
	at org.apache.catalina.core.StandardEngineValve.invoke(StandardEngineValve.java:74) ~[tomcat-embed-core-10.1.20.jar:10.1.20]
	at org.apache.catalina.connector.CoyoteAdapter.service(CoyoteAdapter.java:344) ~[tomcat-embed-core-10.1.20.jar:10.1.20]
	at org.apache.coyote.http11.Http11Processor.service(Http11Processor.java:391) ~[tomcat-embed-core-10.1.20.jar:10.1.20]
	at org.apache.coyote.AbstractProcessorLight.process(AbstractProcessorLight.java:63) ~[tomcat-embed-core-10.1.20.jar:10.1.20]
	at org.apache.coyote.AbstractProtocol$ConnectionHandler.process(AbstractProtocol.java:896) ~[tomcat-embed-core-10.1.20.jar:10.1.20]
	at org.apache.tomcat.util.net.NioEndpoint$SocketProcessor.doRun(NioEndpoint.java:1736) ~[tomcat-embed-core-10.1.20.jar:10.1.20]
	at org.apache.tomcat.util.net.SocketProcessorBase.run(SocketProcessorBase.java:52) ~[tomcat-embed-core-10.1.20.jar:10.1.20]
	at org.apache.tomcat.util.threads.ThreadPoolExecutor.runWorker(ThreadPoolExecutor.java:1191) ~[tomcat-embed-core-10.1.20.jar:10.1.20]
	at org.apache.tomcat.util.threads.ThreadPoolExecutor$Worker.run(ThreadPoolExecutor.java:659) ~[tomcat-embed-core-10.1.20.jar:10.1.20]
	at org.apache.tomcat.util.threads.TaskThread$WrappingRunnable.run(TaskThread.java:63) ~[tomcat-embed-core-10.1.20.jar:10.1.20]
	at java.base/java.lang.Thread.run(Thread.java:1583) [?:?]
Caused by: org.hibernate.exception.ConstraintViolationException: could not execute batch [Batch entry 0 insert into users (branch_id,created_at,email,failed_login_attempts,fcm_token,full_name,is_active,is_deleted,last_login_at,locked_until,password_hash,password_reset_expires_at,password_reset_token,phone,tenant_id,updated_at,id) values (('b487b4b2-a5d5-40c4-a092-997affc802cf'::uuid),('2026-04-02 17:03:27.062956+05:30'),('golepratik862000+1@gmail.com'),('0'::int4),(NULL),('Rohit Sharma'),('TRUE'::boolean),('FALSE'::boolean),(NULL),(NULL),('$2a$12$WbU7kkZE8AMAIdOYZF.AsuQSEzaqFvXkG8UfAKKeI86iTIw4yMzSy'),(NULL),(NULL),('9876543211'),('11054d8e-2aa8-445f-a876-9eac82a8bf5e'::uuid),('2026-04-02 17:03:27.062956+05:30'),('df9e924b-177e-4be2-8361-5ceeae1da620'::uuid)) was aborted: ERROR: null value in column "role" of relation "users" violates not-null constraint
  Detail: Failing row contains (df9e924b-177e-4be2-8361-5ceeae1da620, 2026-04-02 17:03:27.062956, f, 11054d8e-2aa8-445f-a876-9eac82a8bf5e, 2026-04-02 17:03:27.062956, golepratik862000+1@gmail.com, 0, null, Rohit Sharma, t, null, null, $2a$12$WbU7kkZE8AMAIdOYZF.AsuQSEzaqFvXkG8UfAKKeI86iTIw4yMzSy, null, null, 9876543211, null, b487b4b2-a5d5-40c4-a092-997affc802cf).  Call getNextException to see other errors in the batch.] [insert into users (branch_id,created_at,email,failed_login_attempts,fcm_token,full_name,is_active,is_deleted,last_login_at,locked_until,password_hash,password_reset_expires_at,password_reset_token,phone,tenant_id,updated_at,id) values (?,?,?,?,?,?,?,?,?,?,?,?,?,?,?,?,?)]
	at org.hibernate.exception.internal.SQLStateConversionDelegate.convert(SQLStateConversionDelegate.java:97) ~[hibernate-core-6.4.4.Final.jar:6.4.4.Final]
	at org.hibernate.exception.internal.StandardSQLExceptionConverter.convert(StandardSQLExceptionConverter.java:58) ~[hibernate-core-6.4.4.Final.jar:6.4.4.Final]
	at org.hibernate.engine.jdbc.spi.SqlExceptionHelper.convert(SqlExceptionHelper.java:108) ~[hibernate-core-6.4.4.Final.jar:6.4.4.Final]
	at org.hibernate.engine.jdbc.batch.internal.BatchImpl.lambda$performExecution$2(BatchImpl.java:294) ~[hibernate-core-6.4.4.Final.jar:6.4.4.Final]
	at org.hibernate.engine.jdbc.mutation.internal.PreparedStatementGroupSingleTable.forEachStatement(PreparedStatementGroupSingleTable.java:59) ~[hibernate-core-6.4.4.Final.jar:6.4.4.Final]
	at org.hibernate.engine.jdbc.batch.internal.BatchImpl.performExecution(BatchImpl.java:264) ~[hibernate-core-6.4.4.Final.jar:6.4.4.Final]
	at org.hibernate.engine.jdbc.batch.internal.BatchImpl.execute(BatchImpl.java:242) ~[hibernate-core-6.4.4.Final.jar:6.4.4.Final]
	at org.hibernate.engine.jdbc.internal.JdbcCoordinatorImpl.getBatch(JdbcCoordinatorImpl.java:173) ~[hibernate-core-6.4.4.Final.jar:6.4.4.Final]
	at org.hibernate.engine.jdbc.mutation.internal.MutationExecutorSingleBatched.resolveBatch(MutationExecutorSingleBatched.java:47) ~[hibernate-core-6.4.4.Final.jar:6.4.4.Final]
	at org.hibernate.engine.jdbc.mutation.internal.MutationExecutorSingleBatched.performBatchedOperations(MutationExecutorSingleBatched.java:60) ~[hibernate-core-6.4.4.Final.jar:6.4.4.Final]
	at org.hibernate.engine.jdbc.mutation.internal.AbstractMutationExecutor.execute(AbstractMutationExecutor.java:54) ~[hibernate-core-6.4.4.Final.jar:6.4.4.Final]
	at org.hibernate.persister.entity.mutation.InsertCoordinator.doStaticInserts(InsertCoordinator.java:175) ~[hibernate-core-6.4.4.Final.jar:6.4.4.Final]
	at org.hibernate.persister.entity.mutation.InsertCoordinator.coordinateInsert(InsertCoordinator.java:113) ~[hibernate-core-6.4.4.Final.jar:6.4.4.Final]
	at org.hibernate.persister.entity.AbstractEntityPersister.insert(AbstractEntityPersister.java:2873) ~[hibernate-core-6.4.4.Final.jar:6.4.4.Final]
	at org.hibernate.action.internal.EntityInsertAction.execute(EntityInsertAction.java:104) ~[hibernate-core-6.4.4.Final.jar:6.4.4.Final]
	at org.hibernate.engine.spi.ActionQueue.executeActions(ActionQueue.java:632) ~[hibernate-core-6.4.4.Final.jar:6.4.4.Final]
	at org.hibernate.engine.spi.ActionQueue.executeActions(ActionQueue.java:499) ~[hibernate-core-6.4.4.Final.jar:6.4.4.Final]
	at org.hibernate.event.internal.AbstractFlushingEventListener.performExecutions(AbstractFlushingEventListener.java:363) ~[hibernate-core-6.4.4.Final.jar:6.4.4.Final]
	at org.hibernate.event.internal.DefaultFlushEventListener.onFlush(DefaultFlushEventListener.java:41) ~[hibernate-core-6.4.4.Final.jar:6.4.4.Final]
	at org.hibernate.event.service.internal.EventListenerGroupImpl.fireEventOnEachListener(EventListenerGroupImpl.java:127) ~[hibernate-core-6.4.4.Final.jar:6.4.4.Final]
	at org.hibernate.internal.SessionImpl.doFlush(SessionImpl.java:1403) ~[hibernate-core-6.4.4.Final.jar:6.4.4.Final]
	at org.hibernate.internal.SessionImpl.managedFlush(SessionImpl.java:484) ~[hibernate-core-6.4.4.Final.jar:6.4.4.Final]
	at org.hibernate.internal.SessionImpl.flushBeforeTransactionCompletion(SessionImpl.java:2319) ~[hibernate-core-6.4.4.Final.jar:6.4.4.Final]
	at org.hibernate.internal.SessionImpl.beforeTransactionCompletion(SessionImpl.java:1976) ~[hibernate-core-6.4.4.Final.jar:6.4.4.Final]
	at org.hibernate.engine.jdbc.internal.JdbcCoordinatorImpl.beforeTransactionCompletion(JdbcCoordinatorImpl.java:439) ~[hibernate-core-6.4.4.Final.jar:6.4.4.Final]
	at org.hibernate.resource.transaction.backend.jdbc.internal.JdbcResourceLocalTransactionCoordinatorImpl.beforeCompletionCallback(JdbcResourceLocalTransactionCoordinatorImpl.java:169) ~[hibernate-core-6.4.4.Final.jar:6.4.4.Final]
	at org.hibernate.resource.transaction.backend.jdbc.internal.JdbcResourceLocalTransactionCoordinatorImpl$TransactionDriverControlImpl.commit(JdbcResourceLocalTransactionCoordinatorImpl.java:267) ~[hibernate-core-6.4.4.Final.jar:6.4.4.Final]
	at org.hibernate.engine.transaction.internal.TransactionImpl.commit(TransactionImpl.java:101) ~[hibernate-core-6.4.4.Final.jar:6.4.4.Final]
	at org.springframework.orm.jpa.JpaTransactionManager.doCommit(JpaTransactionManager.java:562) ~[spring-orm-6.1.6.jar:6.1.6]
	... 156 more
Caused by: java.sql.BatchUpdateException: Batch entry 0 insert into users (branch_id,created_at,email,failed_login_attempts,fcm_token,full_name,is_active,is_deleted,last_login_at,locked_until,password_hash,password_reset_expires_at,password_reset_token,phone,tenant_id,updated_at,id) values (('b487b4b2-a5d5-40c4-a092-997affc802cf'::uuid),('2026-04-02 17:03:27.062956+05:30'),('golepratik862000+1@gmail.com'),('0'::int4),(NULL),('Rohit Sharma'),('TRUE'::boolean),('FALSE'::boolean),(NULL),(NULL),('$2a$12$WbU7kkZE8AMAIdOYZF.AsuQSEzaqFvXkG8UfAKKeI86iTIw4yMzSy'),(NULL),(NULL),('9876543211'),('11054d8e-2aa8-445f-a876-9eac82a8bf5e'::uuid),('2026-04-02 17:03:27.062956+05:30'),('df9e924b-177e-4be2-8361-5ceeae1da620'::uuid)) was aborted: ERROR: null value in column "role" of relation "users" violates not-null constraint
  Detail: Failing row contains (df9e924b-177e-4be2-8361-5ceeae1da620, 2026-04-02 17:03:27.062956, f, 11054d8e-2aa8-445f-a876-9eac82a8bf5e, 2026-04-02 17:03:27.062956, golepratik862000+1@gmail.com, 0, null, Rohit Sharma, t, null, null, $2a$12$WbU7kkZE8AMAIdOYZF.AsuQSEzaqFvXkG8UfAKKeI86iTIw4yMzSy, null, null, 9876543211, null, b487b4b2-a5d5-40c4-a092-997affc802cf).  Call getNextException to see other errors in the batch.
	at org.postgresql.jdbc.BatchResultHandler.handleError(BatchResultHandler.java:165) ~[postgresql-42.6.2.jar:42.6.2]
	at org.postgresql.core.v3.QueryExecutorImpl.processResults(QueryExecutorImpl.java:2402) ~[postgresql-42.6.2.jar:42.6.2]
	at org.postgresql.core.v3.QueryExecutorImpl.execute(QueryExecutorImpl.java:574) ~[postgresql-42.6.2.jar:42.6.2]
	at org.postgresql.jdbc.PgStatement.internalExecuteBatch(PgStatement.java:896) ~[postgresql-42.6.2.jar:42.6.2]
	at org.postgresql.jdbc.PgStatement.executeBatch(PgStatement.java:919) ~[postgresql-42.6.2.jar:42.6.2]
	at org.postgresql.jdbc.PgPreparedStatement.executeBatch(PgPreparedStatement.java:1685) ~[postgresql-42.6.2.jar:42.6.2]
	at com.zaxxer.hikari.pool.ProxyStatement.executeBatch(ProxyStatement.java:127) ~[HikariCP-5.0.1.jar:?]
	at com.zaxxer.hikari.pool.HikariProxyPreparedStatement.executeBatch(HikariProxyPreparedStatement.java) ~[HikariCP-5.0.1.jar:?]
	at org.hibernate.engine.jdbc.batch.internal.BatchImpl.lambda$performExecution$2(BatchImpl.java:279) ~[hibernate-core-6.4.4.Final.jar:6.4.4.Final]
	at org.hibernate.engine.jdbc.mutation.internal.PreparedStatementGroupSingleTable.forEachStatement(PreparedStatementGroupSingleTable.java:59) ~[hibernate-core-6.4.4.Final.jar:6.4.4.Final]
	at org.hibernate.engine.jdbc.batch.internal.BatchImpl.performExecution(BatchImpl.java:264) ~[hibernate-core-6.4.4.Final.jar:6.4.4.Final]
	at org.hibernate.engine.jdbc.batch.internal.BatchImpl.execute(BatchImpl.java:242) ~[hibernate-core-6.4.4.Final.jar:6.4.4.Final]
	at org.hibernate.engine.jdbc.internal.JdbcCoordinatorImpl.getBatch(JdbcCoordinatorImpl.java:173) ~[hibernate-core-6.4.4.Final.jar:6.4.4.Final]
	at org.hibernate.engine.jdbc.mutation.internal.MutationExecutorSingleBatched.resolveBatch(MutationExecutorSingleBatched.java:47) ~[hibernate-core-6.4.4.Final.jar:6.4.4.Final]
	at org.hibernate.engine.jdbc.mutation.internal.MutationExecutorSingleBatched.performBatchedOperations(MutationExecutorSingleBatched.java:60) ~[hibernate-core-6.4.4.Final.jar:6.4.4.Final]
	at org.hibernate.engine.jdbc.mutation.internal.AbstractMutationExecutor.execute(AbstractMutationExecutor.java:54) ~[hibernate-core-6.4.4.Final.jar:6.4.4.Final]
	at org.hibernate.persister.entity.mutation.InsertCoordinator.doStaticInserts(InsertCoordinator.java:175) ~[hibernate-core-6.4.4.Final.jar:6.4.4.Final]
	at org.hibernate.persister.entity.mutation.InsertCoordinator.coordinateInsert(InsertCoordinator.java:113) ~[hibernate-core-6.4.4.Final.jar:6.4.4.Final]
	at org.hibernate.persister.entity.AbstractEntityPersister.insert(AbstractEntityPersister.java:2873) ~[hibernate-core-6.4.4.Final.jar:6.4.4.Final]
	at org.hibernate.action.internal.EntityInsertAction.execute(EntityInsertAction.java:104) ~[hibernate-core-6.4.4.Final.jar:6.4.4.Final]
	at org.hibernate.engine.spi.ActionQueue.executeActions(ActionQueue.java:632) ~[hibernate-core-6.4.4.Final.jar:6.4.4.Final]
	at org.hibernate.engine.spi.ActionQueue.executeActions(ActionQueue.java:499) ~[hibernate-core-6.4.4.Final.jar:6.4.4.Final]
	at org.hibernate.event.internal.AbstractFlushingEventListener.performExecutions(AbstractFlushingEventListener.java:363) ~[hibernate-core-6.4.4.Final.jar:6.4.4.Final]
	at org.hibernate.event.internal.DefaultFlushEventListener.onFlush(DefaultFlushEventListener.java:41) ~[hibernate-core-6.4.4.Final.jar:6.4.4.Final]
	at org.hibernate.event.service.internal.EventListenerGroupImpl.fireEventOnEachListener(EventListenerGroupImpl.java:127) ~[hibernate-core-6.4.4.Final.jar:6.4.4.Final]
	at org.hibernate.internal.SessionImpl.doFlush(SessionImpl.java:1403) ~[hibernate-core-6.4.4.Final.jar:6.4.4.Final]
	at org.hibernate.internal.SessionImpl.managedFlush(SessionImpl.java:484) ~[hibernate-core-6.4.4.Final.jar:6.4.4.Final]
	at org.hibernate.internal.SessionImpl.flushBeforeTransactionCompletion(SessionImpl.java:2319) ~[hibernate-core-6.4.4.Final.jar:6.4.4.Final]
	at org.hibernate.internal.SessionImpl.beforeTransactionCompletion(SessionImpl.java:1976) ~[hibernate-core-6.4.4.Final.jar:6.4.4.Final]
	at org.hibernate.engine.jdbc.internal.JdbcCoordinatorImpl.beforeTransactionCompletion(JdbcCoordinatorImpl.java:439) ~[hibernate-core-6.4.4.Final.jar:6.4.4.Final]
	at org.hibernate.resource.transaction.backend.jdbc.internal.JdbcResourceLocalTransactionCoordinatorImpl.beforeCompletionCallback(JdbcResourceLocalTransactionCoordinatorImpl.java:169) ~[hibernate-core-6.4.4.Final.jar:6.4.4.Final]
	at org.hibernate.resource.transaction.backend.jdbc.internal.JdbcResourceLocalTransactionCoordinatorImpl$TransactionDriverControlImpl.commit(JdbcResourceLocalTransactionCoordinatorImpl.java:267) ~[hibernate-core-6.4.4.Final.jar:6.4.4.Final]
	at org.hibernate.engine.transaction.internal.TransactionImpl.commit(TransactionImpl.java:101) ~[hibernate-core-6.4.4.Final.jar:6.4.4.Final]
	at org.springframework.orm.jpa.JpaTransactionManager.doCommit(JpaTransactionManager.java:562) ~[spring-orm-6.1.6.jar:6.1.6]
	... 156 more
Caused by: org.postgresql.util.PSQLException: ERROR: null value in column "role" of relation "users" violates not-null constraint
  Detail: Failing row contains (df9e924b-177e-4be2-8361-5ceeae1da620, 2026-04-02 17:03:27.062956, f, 11054d8e-2aa8-445f-a876-9eac82a8bf5e, 2026-04-02 17:03:27.062956, golepratik862000+1@gmail.com, 0, null, Rohit Sharma, t, null, null, $2a$12$WbU7kkZE8AMAIdOYZF.AsuQSEzaqFvXkG8UfAKKeI86iTIw4yMzSy, null, null, 9876543211, null, b487b4b2-a5d5-40c4-a092-997affc802cf).
	at org.postgresql.core.v3.QueryExecutorImpl.receiveErrorResponse(QueryExecutorImpl.java:2713) ~[postgresql-42.6.2.jar:42.6.2]
	at org.postgresql.core.v3.QueryExecutorImpl.processResults(QueryExecutorImpl.java:2401) ~[postgresql-42.6.2.jar:42.6.2]
	at org.postgresql.core.v3.QueryExecutorImpl.execute(QueryExecutorImpl.java:574) ~[postgresql-42.6.2.jar:42.6.2]
	at org.postgresql.jdbc.PgStatement.internalExecuteBatch(PgStatement.java:896) ~[postgresql-42.6.2.jar:42.6.2]
	at org.postgresql.jdbc.PgStatement.executeBatch(PgStatement.java:919) ~[postgresql-42.6.2.jar:42.6.2]
	at org.postgresql.jdbc.PgPreparedStatement.executeBatch(PgPreparedStatement.java:1685) ~[postgresql-42.6.2.jar:42.6.2]
	at com.zaxxer.hikari.pool.ProxyStatement.executeBatch(ProxyStatement.java:127) ~[HikariCP-5.0.1.jar:?]
	at com.zaxxer.hikari.pool.HikariProxyPreparedStatement.executeBatch(HikariProxyPreparedStatement.java) ~[HikariCP-5.0.1.jar:?]
	at org.hibernate.engine.jdbc.batch.internal.BatchImpl.lambda$performExecution$2(BatchImpl.java:279) ~[hibernate-core-6.4.4.Final.jar:6.4.4.Final]
	at org.hibernate.engine.jdbc.mutation.internal.PreparedStatementGroupSingleTable.forEachStatement(PreparedStatementGroupSingleTable.java:59) ~[hibernate-core-6.4.4.Final.jar:6.4.4.Final]
	at org.hibernate.engine.jdbc.batch.internal.BatchImpl.performExecution(BatchImpl.java:264) ~[hibernate-core-6.4.4.Final.jar:6.4.4.Final]
	at org.hibernate.engine.jdbc.batch.internal.BatchImpl.execute(BatchImpl.java:242) ~[hibernate-core-6.4.4.Final.jar:6.4.4.Final]
	at org.hibernate.engine.jdbc.internal.JdbcCoordinatorImpl.getBatch(JdbcCoordinatorImpl.java:173) ~[hibernate-core-6.4.4.Final.jar:6.4.4.Final]
	at org.hibernate.engine.jdbc.mutation.internal.MutationExecutorSingleBatched.resolveBatch(MutationExecutorSingleBatched.java:47) ~[hibernate-core-6.4.4.Final.jar:6.4.4.Final]
	at org.hibernate.engine.jdbc.mutation.internal.MutationExecutorSingleBatched.performBatchedOperations(MutationExecutorSingleBatched.java:60) ~[hibernate-core-6.4.4.Final.jar:6.4.4.Final]
	at org.hibernate.engine.jdbc.mutation.internal.AbstractMutationExecutor.execute(AbstractMutationExecutor.java:54) ~[hibernate-core-6.4.4.Final.jar:6.4.4.Final]
	at org.hibernate.persister.entity.mutation.InsertCoordinator.doStaticInserts(InsertCoordinator.java:175) ~[hibernate-core-6.4.4.Final.jar:6.4.4.Final]
	at org.hibernate.persister.entity.mutation.InsertCoordinator.coordinateInsert(InsertCoordinator.java:113) ~[hibernate-core-6.4.4.Final.jar:6.4.4.Final]
	at org.hibernate.persister.entity.AbstractEntityPersister.insert(AbstractEntityPersister.java:2873) ~[hibernate-core-6.4.4.Final.jar:6.4.4.Final]
	at org.hibernate.action.internal.EntityInsertAction.execute(EntityInsertAction.java:104) ~[hibernate-core-6.4.4.Final.jar:6.4.4.Final]
	at org.hibernate.engine.spi.ActionQueue.executeActions(ActionQueue.java:632) ~[hibernate-core-6.4.4.Final.jar:6.4.4.Final]
	at org.hibernate.engine.spi.ActionQueue.executeActions(ActionQueue.java:499) ~[hibernate-core-6.4.4.Final.jar:6.4.4.Final]
	at org.hibernate.event.internal.AbstractFlushingEventListener.performExecutions(AbstractFlushingEventListener.java:363) ~[hibernate-core-6.4.4.Final.jar:6.4.4.Final]
	at org.hibernate.event.internal.DefaultFlushEventListener.onFlush(DefaultFlushEventListener.java:41) ~[hibernate-core-6.4.4.Final.jar:6.4.4.Final]
	at org.hibernate.event.service.internal.EventListenerGroupImpl.fireEventOnEachListener(EventListenerGroupImpl.java:127) ~[hibernate-core-6.4.4.Final.jar:6.4.4.Final]
	at org.hibernate.internal.SessionImpl.doFlush(SessionImpl.java:1403) ~[hibernate-core-6.4.4.Final.jar:6.4.4.Final]
	at org.hibernate.internal.SessionImpl.managedFlush(SessionImpl.java:484) ~[hibernate-core-6.4.4.Final.jar:6.4.4.Final]
	at org.hibernate.internal.SessionImpl.flushBeforeTransactionCompletion(SessionImpl.java:2319) ~[hibernate-core-6.4.4.Final.jar:6.4.4.Final]
	at org.hibernate.internal.SessionImpl.beforeTransactionCompletion(SessionImpl.java:1976) ~[hibernate-core-6.4.4.Final.jar:6.4.4.Final]
	at org.hibernate.engine.jdbc.internal.JdbcCoordinatorImpl.beforeTransactionCompletion(JdbcCoordinatorImpl.java:439) ~[hibernate-core-6.4.4.Final.jar:6.4.4.Final]
	at org.hibernate.resource.transaction.backend.jdbc.internal.JdbcResourceLocalTransactionCoordinatorImpl.beforeCompletionCallback(JdbcResourceLocalTransactionCoordinatorImpl.java:169) ~[hibernate-core-6.4.4.Final.jar:6.4.4.Final]
	at org.hibernate.resource.transaction.backend.jdbc.internal.JdbcResourceLocalTransactionCoordinatorImpl$TransactionDriverControlImpl.commit(JdbcResourceLocalTransactionCoordinatorImpl.java:267) ~[hibernate-core-6.4.4.Final.jar:6.4.4.Final]
	at org.hibernate.engine.transaction.internal.TransactionImpl.commit(TransactionImpl.java:101) ~[hibernate-core-6.4.4.Final.jar:6.4.4.Final]
	at org.springframework.orm.jpa.JpaTransactionManager.doCommit(JpaTransactionManager.java:562) ~[spring-orm-6.1.6.jar:6.1.6]
	... 156 more
